-- MariaDB dump 10.19  Distrib 10.4.28-MariaDB, for Win64 (AMD64)
--
-- Host: localhost    Database: laravel
-- ------------------------------------------------------
-- Server version	10.4.28-MariaDB

/*!40101 SET @OLD_CHARACTER_SET_CLIENT=@@CHARACTER_SET_CLIENT */;
/*!40101 SET @OLD_CHARACTER_SET_RESULTS=@@CHARACTER_SET_RESULTS */;
/*!40101 SET @OLD_COLLATION_CONNECTION=@@COLLATION_CONNECTION */;
/*!40101 SET NAMES utf8mb4 */;
/*!40103 SET @OLD_TIME_ZONE=@@TIME_ZONE */;
/*!40103 SET TIME_ZONE='+00:00' */;
/*!40014 SET @OLD_UNIQUE_CHECKS=@@UNIQUE_CHECKS, UNIQUE_CHECKS=0 */;
/*!40014 SET @OLD_FOREIGN_KEY_CHECKS=@@FOREIGN_KEY_CHECKS, FOREIGN_KEY_CHECKS=0 */;
/*!40101 SET @OLD_SQL_MODE=@@SQL_MODE, SQL_MODE='NO_AUTO_VALUE_ON_ZERO' */;
/*!40111 SET @OLD_SQL_NOTES=@@SQL_NOTES, SQL_NOTES=0 */;

--
-- Table structure for table `attachment`
--

DROP TABLE IF EXISTS `attachment`;
/*!40101 SET @saved_cs_client     = @@character_set_client */;
/*!40101 SET character_set_client = utf8 */;
CREATE TABLE `attachment` (
  `id` bigint(20) unsigned NOT NULL AUTO_INCREMENT,
  `table_id` int(11) NOT NULL,
  `table_name` varchar(255) NOT NULL,
  `file_name` varchar(255) NOT NULL,
  `size` int(11) DEFAULT NULL,
  `user_id` int(11) NOT NULL,
  `workspace_id` int(11) DEFAULT NULL,
  `created_at` timestamp NULL DEFAULT NULL,
  `updated_at` timestamp NULL DEFAULT NULL,
  PRIMARY KEY (`id`)
) ENGINE=InnoDB DEFAULT CHARSET=utf8mb4 COLLATE=utf8mb4_unicode_ci;
/*!40101 SET character_set_client = @saved_cs_client */;

--
-- Dumping data for table `attachment`
--

LOCK TABLES `attachment` WRITE;
/*!40000 ALTER TABLE `attachment` DISABLE KEYS */;
/*!40000 ALTER TABLE `attachment` ENABLE KEYS */;
UNLOCK TABLES;

--
-- Table structure for table `bill_sale`
--

DROP TABLE IF EXISTS `bill_sale`;
/*!40101 SET @saved_cs_client     = @@character_set_client */;
/*!40101 SET character_set_client = utf8 */;
CREATE TABLE `bill_sale` (
  `id` bigint(20) unsigned NOT NULL AUTO_INCREMENT,
  `detailexport_id` int(11) NOT NULL,
  `guest_id` int(11) NOT NULL,
  `price_total` decimal(20,4) NOT NULL,
  `status` int(11) NOT NULL,
  `workspace_id` int(11) DEFAULT NULL,
  `user_id` int(11) DEFAULT NULL,
  `created_at` timestamp NULL DEFAULT NULL,
  `updated_at` timestamp NULL DEFAULT NULL,
  `number_bill` varchar(255) NOT NULL,
  PRIMARY KEY (`id`)
) ENGINE=InnoDB AUTO_INCREMENT=75 DEFAULT CHARSET=utf8mb4 COLLATE=utf8mb4_unicode_ci;
/*!40101 SET character_set_client = @saved_cs_client */;

--
-- Dumping data for table `bill_sale`
--

LOCK TABLES `bill_sale` WRITE;
/*!40000 ALTER TABLE `bill_sale` DISABLE KEYS */;
INSERT INTO `bill_sale` VALUES (1,1,1,8100000.0000,2,2,NULL,'2024-01-11 17:00:00','2024-04-08 16:47:15','00000001'),(2,2,2,374000.0000,2,2,NULL,'2024-01-11 17:00:00','2024-04-08 16:47:15','00000002'),(3,3,3,116741000.0000,2,2,NULL,'2024-01-21 17:00:00','2024-04-08 16:47:15','00000003'),(4,4,4,970605000.0000,2,2,NULL,'2024-01-21 17:00:00','2024-04-08 16:47:15','00000004'),(5,5,1,1320000.0000,2,2,NULL,'2024-01-25 17:00:00','2024-04-08 16:47:15','00000005'),(6,6,1,742500.0000,2,2,NULL,'2024-01-25 17:00:00','2024-04-08 16:47:15','00000006'),(7,7,1,6600000.0000,2,2,NULL,'2024-01-28 17:00:00','2024-04-08 16:47:15','00000007'),(8,8,7,59840000.0000,2,2,NULL,'2024-01-29 17:00:00','2024-04-08 16:47:15','00000008'),(9,9,6,2592000.0000,2,2,NULL,'2024-01-29 17:00:00','2024-04-08 16:47:15','00000009'),(10,10,7,44000000.0000,2,2,NULL,'2024-01-31 17:00:00','2024-04-08 16:47:15','00000010'),(11,11,7,16060000.0000,2,2,NULL,'2024-02-06 17:00:00','2024-04-08 16:47:15','00000011'),(12,12,8,8683999.5000,2,2,NULL,'2024-02-20 17:00:00','2024-04-08 16:47:15','00000012'),(13,13,7,9405000.0000,2,2,NULL,'2024-02-20 17:00:00','2024-04-08 16:47:15','00000013'),(14,14,1,1958000.0000,2,2,NULL,'2024-02-20 17:00:00','2024-04-08 16:47:15','00000014'),(15,15,1,1112400.0000,2,2,NULL,'2024-02-28 17:00:00','2024-04-08 16:47:15','00000015'),(16,16,1,1177200.0000,2,2,NULL,'2024-02-28 17:00:00','2024-04-08 16:47:15','00000016'),(17,17,1,4650000.3000,2,2,NULL,'2024-02-28 17:00:00','2024-04-08 16:47:15','00000017'),(18,18,1,16500000.0000,2,2,NULL,'2024-03-04 17:00:00','2024-04-08 16:47:15','00000018'),(19,19,4,336300000.3000,2,2,NULL,'2024-03-05 17:00:00','2024-04-08 16:47:15','00000019'),(20,20,4,162000000.0000,2,2,NULL,'2024-03-05 17:00:00','2024-04-08 16:47:15','00000020'),(21,21,1,29326440.0000,2,2,NULL,'2024-03-06 17:00:00','2024-04-08 16:47:15','00000021'),(22,22,7,379610000.0000,2,2,NULL,'2024-03-06 17:00:00','2024-04-08 16:47:15','00000022'),(23,23,7,128180000.0000,2,2,NULL,'2024-03-06 17:00:00','2024-04-08 16:47:15','00000023'),(24,24,10,295625000.0000,2,2,NULL,'2024-03-10 17:00:00','2024-04-08 16:47:15','00000024'),(25,25,7,13596000.0000,2,2,NULL,'2024-03-11 17:00:00','2024-04-08 16:47:15','00000025'),(26,26,11,33160000.0000,2,2,NULL,'2024-03-14 17:00:00','2024-04-08 16:47:15','00000026'),(27,27,1,10169500.0000,2,2,NULL,'2024-03-14 17:00:00','2024-04-08 16:47:15','00000027'),(28,28,12,8100000.0000,2,8,NULL,'2024-01-11 17:00:00','2024-04-07 17:00:00','1'),(29,29,13,374000.0000,2,8,NULL,'2024-01-11 17:00:00','2024-04-07 17:00:00','2'),(30,30,14,116741000.0000,2,8,NULL,'2024-01-21 17:00:00','2024-04-07 17:00:00','3'),(31,31,15,970605000.0000,2,8,NULL,'2024-01-21 17:00:00','2024-04-07 17:00:00','4'),(32,32,12,1320000.0000,2,8,NULL,'2024-01-25 17:00:00','2024-04-07 17:00:00','5'),(33,33,12,742500.0000,2,8,NULL,'2024-01-25 17:00:00','2024-04-07 17:00:00','6'),(34,34,12,6600000.0000,2,8,NULL,'2024-01-28 17:00:00','2024-04-07 17:00:00','7'),(35,35,18,59840000.0000,2,8,NULL,'2024-01-29 17:00:00','2024-04-07 17:00:00','8'),(36,36,17,2592000.0000,2,8,NULL,'2024-01-29 17:00:00','2024-04-07 17:00:00','9'),(37,37,18,44000000.0000,2,8,NULL,'2024-01-31 17:00:00','2024-04-07 17:00:00','10'),(38,38,18,16060000.0000,2,8,NULL,'2024-02-06 17:00:00','2024-04-07 17:00:00','11'),(39,39,19,8683999.5000,2,8,NULL,'2024-02-20 17:00:00','2024-04-07 17:00:00','12'),(40,40,18,9405000.0000,2,8,NULL,'2024-02-20 17:00:00','2024-04-07 17:00:00','13'),(41,41,12,1958000.0000,2,8,NULL,'2024-02-20 17:00:00','2024-04-07 17:00:00','14'),(42,42,12,1112400.0000,2,8,NULL,'2024-02-28 17:00:00','2024-04-07 17:00:00','15'),(43,43,12,1177200.0000,2,8,NULL,'2024-02-28 17:00:00','2024-04-07 17:00:00','16'),(44,44,12,4650000.3000,2,8,NULL,'2024-02-28 17:00:00','2024-04-07 17:00:00','17'),(45,45,12,16500000.0000,2,8,NULL,'2024-03-04 17:00:00','2024-04-07 17:00:00','18'),(46,46,15,336300000.3000,2,8,NULL,'2024-03-05 17:00:00','2024-04-07 17:00:00','19'),(47,47,15,162000000.0000,2,8,NULL,'2024-03-05 17:00:00','2024-04-07 17:00:00','20'),(48,48,12,29326440.0000,2,8,NULL,'2024-03-06 17:00:00','2024-04-07 17:00:00','21'),(49,49,18,379610000.0000,2,8,NULL,'2024-03-06 17:00:00','2024-04-07 17:00:00','22'),(50,50,18,128180000.0000,2,8,NULL,'2024-03-06 17:00:00','2024-04-07 17:00:00','23'),(51,51,21,295625000.0000,2,8,NULL,'2024-03-10 17:00:00','2024-04-07 17:00:00','24'),(52,52,18,13596000.0000,2,8,NULL,'2024-03-11 17:00:00','2024-04-07 17:00:00','25'),(53,53,22,33160000.0000,2,8,NULL,'2024-03-14 17:00:00','2024-04-07 17:00:00','26'),(54,54,12,10169500.0000,2,8,NULL,'2024-03-14 17:00:00','2024-04-07 17:00:00','27'),(55,55,22,8800000.0000,2,8,NULL,'2024-04-11 02:40:13','2024-04-11 02:40:13','SHD-28'),(56,57,22,6580000.0000,2,8,5,'2024-04-24 11:49:23','2024-04-24 11:49:23','SHD-29'),(57,63,26,23900000.0000,2,5,5,'2024-05-13 17:00:00','2024-05-13 17:00:00','SHD-1'),(68,76,32,8800000.0000,2,20,20,'2024-05-18 12:02:07','2024-05-18 12:02:07','SHD-1'),(69,72,28,12100000.0000,2,20,20,'2024-05-18 12:02:15','2024-05-18 12:02:15','SHD-2'),(71,85,30,3190000.0000,2,20,20,'2024-05-17 17:00:00','2024-05-17 17:00:00','SHD-3'),(72,80,29,16500000.0000,2,20,20,'2024-05-17 17:00:00','2024-05-17 17:00:00','SHD-4'),(73,87,34,330000.0000,2,11,11,'2024-05-19 17:00:00','2024-05-19 17:00:00','SHD-1'),(74,78,33,540000.0000,2,4,4,'2024-05-19 17:00:00','2024-05-19 17:00:00','SHD-1');
/*!40000 ALTER TABLE `bill_sale` ENABLE KEYS */;
UNLOCK TABLES;

--
-- Table structure for table `content-import-export`
--

DROP TABLE IF EXISTS `content-import-export`;
/*!40101 SET @saved_cs_client     = @@character_set_client */;
/*!40101 SET character_set_client = utf8 */;
CREATE TABLE `content-import-export` (
  `id` bigint(20) unsigned NOT NULL AUTO_INCREMENT,
  `document` varchar(255) DEFAULT NULL,
  `type` varchar(255) DEFAULT NULL,
  `name` varchar(255) DEFAULT NULL,
  `content` varchar(255) NOT NULL,
  `qty_money` decimal(20,4) DEFAULT NULL,
  `fund_id` int(11) NOT NULL,
  `fund_name` varchar(255) DEFAULT NULL,
  `notes` varchar(255) DEFAULT NULL,
  `user_id` int(11) DEFAULT NULL,
  `workspace_id` int(11) DEFAULT NULL,
  `created_at` timestamp NULL DEFAULT NULL,
  `updated_at` timestamp NULL DEFAULT NULL,
  PRIMARY KEY (`id`)
) ENGINE=InnoDB DEFAULT CHARSET=utf8mb4 COLLATE=utf8mb4_unicode_ci;
/*!40101 SET character_set_client = @saved_cs_client */;

--
-- Dumping data for table `content-import-export`
--

LOCK TABLES `content-import-export` WRITE;
/*!40000 ALTER TABLE `content-import-export` DISABLE KEYS */;
/*!40000 ALTER TABLE `content-import-export` ENABLE KEYS */;
UNLOCK TABLES;

--
-- Table structure for table `date_form`
--

DROP TABLE IF EXISTS `date_form`;
/*!40101 SET @saved_cs_client     = @@character_set_client */;
/*!40101 SET character_set_client = utf8 */;
CREATE TABLE `date_form` (
  `id` bigint(20) unsigned NOT NULL AUTO_INCREMENT,
  `form_name` varchar(255) DEFAULT NULL,
  `form_field` varchar(255) DEFAULT NULL,
  `form_desc` varchar(255) DEFAULT NULL,
  `default_form` tinyint(1) NOT NULL DEFAULT 0,
  `default_guest` int(11) NOT NULL DEFAULT 0,
  `user_id` int(11) DEFAULT NULL,
  `workspace_id` int(11) DEFAULT NULL,
  `created_at` timestamp NULL DEFAULT NULL,
  `updated_at` timestamp NULL DEFAULT NULL,
  PRIMARY KEY (`id`)
) ENGINE=InnoDB AUTO_INCREMENT=20 DEFAULT CHARSET=utf8mb4 COLLATE=utf8mb4_unicode_ci;
/*!40101 SET character_set_client = @saved_cs_client */;

--
-- Dumping data for table `date_form`
--

LOCK TABLES `date_form` WRITE;
/*!40000 ALTER TABLE `date_form` DISABLE KEYS */;
INSERT INTO `date_form` VALUES (1,'7 ngày','quote','Báo giá có hiệu lực 7 ngày',0,0,5,8,'2024-04-24 10:51:29','2024-04-24 10:51:29'),(2,'Default','payment','1. Chất lượng sản phẩm: Hàng chính hãng, mới 100%.\n2. Chế độ bảo hành: Theo tiêu chuẩn nhà sản xuất.\n3. Phương thức thanh toán:\n - Thanh Toán: 100% sau khi giao hàng 30 ngày.',0,0,5,8,'2024-04-24 11:04:21','2024-04-24 11:04:21'),(3,'default','quote','Báo giá có hiệu lực trong vòng 14 ngày',0,0,16,16,'2024-05-02 02:56:40','2024-05-02 02:56:40'),(4,'default','payment','Cọc 50% sau khi xác nhận báo giá.\nThanh toán 50% còn lại sau khi giao hàng.',0,0,16,16,'2024-05-02 02:57:18','2024-05-02 02:57:18'),(5,'default','goods','Hàng mới 100% theo tiêu chuẩn nhà sản xuất',0,0,16,16,'2024-05-02 02:57:37','2024-05-02 02:57:37'),(6,'default','location','Tại trụ sở khách hàng.',0,0,16,16,'2024-05-02 02:58:12','2024-05-02 02:58:12'),(7,'default','delivery','Giao hàng trong vòng 7-10 ngày sau khi ký xác nhận đặt hàng',0,0,16,16,'2024-05-02 02:59:05','2024-05-02 02:59:05'),(8,'Default','quote','Hiệu lực trong vòng 7 ngày.',0,0,5,5,'2024-05-14 02:32:40','2024-05-14 02:32:56'),(9,'Default','payment','Thanh toán 100%',0,0,5,5,'2024-05-14 02:33:07','2024-05-14 02:33:07'),(10,'Default','goods','Hàng chính hãng mới 100%',0,0,5,5,'2024-05-14 02:33:19','2024-05-14 02:33:19'),(11,'Default','delivery','Giao hàng sau khi nhận được thanh toán',0,0,5,5,'2024-05-14 02:33:55','2024-05-14 02:33:55'),(12,'Default','location','Tại trụ sở khách hàng.',0,0,5,5,'2024-05-14 02:34:25','2024-05-14 02:34:25'),(13,'Default','quote','Báo giá có hiệu lực trong vòng 14 ngày.',0,0,NULL,NULL,'2024-05-20 03:05:24','2024-05-20 03:05:24'),(14,'Default','payment','Thanh toán 100% sau khi ký xác nhận hợp đồng.',0,0,NULL,NULL,'2024-05-20 03:05:24','2024-05-20 03:05:24'),(15,'Default','goods','Hàng mới 100% chính hãng.',0,0,NULL,NULL,'2024-05-20 03:05:24','2024-05-20 03:05:24'),(16,'Default','delivery','Giao hàng trong vòng 7 ngày sau khi nhận được thanh toán.',0,0,NULL,NULL,'2024-05-20 03:05:24','2024-05-20 03:05:24'),(17,'Default','location','Tại trụ sở Khách Hàng.',0,0,NULL,NULL,'2024-05-20 03:05:24','2024-05-20 03:05:24'),(18,'Default','import','1`2h3ikh',0,0,11,11,'2024-05-20 03:57:14',NULL),(19,'Default','termpay','1h24knkm',0,0,11,11,'2024-05-20 03:57:21',NULL);
/*!40000 ALTER TABLE `date_form` ENABLE KEYS */;
UNLOCK TABLES;

--
-- Table structure for table `delivered`
--

DROP TABLE IF EXISTS `delivered`;
/*!40101 SET @saved_cs_client     = @@character_set_client */;
/*!40101 SET character_set_client = utf8 */;
CREATE TABLE `delivered` (
  `id` bigint(20) unsigned NOT NULL AUTO_INCREMENT,
  `delivery_id` int(11) NOT NULL,
  `product_id` int(11) NOT NULL,
  `deliver_qty` decimal(20,4) NOT NULL,
  `product_total_vat` int(11) DEFAULT NULL,
  `price_export` int(11) DEFAULT NULL,
  `workspace_id` int(11) DEFAULT NULL,
  `user_id` int(11) DEFAULT NULL,
  `created_at` timestamp NULL DEFAULT NULL,
  `updated_at` timestamp NULL DEFAULT NULL,
  PRIMARY KEY (`id`)
) ENGINE=InnoDB AUTO_INCREMENT=153 DEFAULT CHARSET=utf8mb4 COLLATE=utf8mb4_unicode_ci;
/*!40101 SET character_set_client = @saved_cs_client */;

--
-- Dumping data for table `delivered`
--

LOCK TABLES `delivered` WRITE;
/*!40000 ALTER TABLE `delivered` DISABLE KEYS */;
INSERT INTO `delivered` VALUES (1,1,1,1.0000,8100000,7500000,2,NULL,'2024-01-11 17:00:00','2024-01-11 17:00:00'),(2,2,2,1.0000,374000,340000,2,NULL,'2024-01-11 17:00:00','2024-01-11 17:00:00'),(3,3,3,1.0000,116741000,116741000,2,NULL,'2024-01-21 17:00:00','2024-01-21 17:00:00'),(4,4,4,1.0000,228617000,228617000,2,NULL,'2024-01-21 17:00:00','2024-01-21 17:00:00'),(5,4,5,1.0000,82000500,82000500,2,NULL,'2024-01-21 17:00:00','2024-01-21 17:00:00'),(6,4,6,1.0000,73000000,73000000,2,NULL,'2024-01-21 17:00:00','2024-01-21 17:00:00'),(7,4,7,1.0000,263437500,263437500,2,NULL,'2024-01-21 17:00:00','2024-01-21 17:00:00'),(8,4,8,1.0000,78550000,78550000,2,NULL,'2024-01-21 17:00:00','2024-01-21 17:00:00'),(9,4,9,1.0000,245000000,245000000,2,NULL,'2024-01-21 17:00:00','2024-01-21 17:00:00'),(10,5,10,1.0000,1320000,1200000,2,NULL,'2024-01-25 17:00:00','2024-01-25 17:00:00'),(11,6,11,1.0000,742500,675000,2,NULL,'2024-01-25 17:00:00','2024-01-25 17:00:00'),(12,7,12,1.0000,4400000,4000000,2,NULL,'2024-01-28 17:00:00','2024-01-28 17:00:00'),(13,7,13,1.0000,2200000,2000000,2,NULL,'2024-01-28 17:00:00','2024-01-28 17:00:00'),(14,8,14,10.0000,55000000,5000000,2,NULL,'2024-01-29 17:00:00','2024-01-29 17:00:00'),(15,8,15,10.0000,4840000,440000,2,NULL,'2024-01-29 17:00:00','2024-01-29 17:00:00'),(16,9,16,1.0000,2592000,2400000,2,NULL,'2024-01-29 17:00:00','2024-01-29 17:00:00'),(17,10,17,5.0000,44000000,8000000,2,NULL,'2024-01-31 17:00:00','2024-01-31 17:00:00'),(18,11,18,32.0000,3520000,100000,2,NULL,'2004-02-06 17:00:00','2004-02-06 17:00:00'),(19,11,19,30.0000,12540000,380000,2,NULL,'2024-02-06 17:00:00','2024-02-06 17:00:00'),(20,12,20,1.0000,8684000,7894545,2,NULL,'2024-02-20 17:00:00','2024-02-20 17:00:00'),(21,13,21,9.0000,4702500,475000,2,NULL,'2024-02-20 17:00:00','2024-02-20 17:00:00'),(22,13,22,9.0000,4702500,475000,2,NULL,'2024-02-20 17:00:00','2024-02-20 17:00:00'),(23,14,23,1.0000,1210000,1100000,2,NULL,'2024-02-20 17:00:00','2024-02-20 17:00:00'),(24,14,24,1.0000,748000,680000,2,NULL,'2024-02-20 17:00:00','2024-02-20 17:00:00'),(25,15,25,1.0000,1112400,1030000,2,NULL,'2024-02-28 17:00:00','2024-02-28 17:00:00'),(26,16,26,1.0000,1177200,1090000,2,NULL,'2024-02-28 17:00:00','2024-02-28 17:00:00'),(27,17,27,1.0000,4650000,4227273,2,NULL,'2024-02-28 17:00:00','2024-02-28 17:00:00'),(28,18,28,1.0000,16500000,15000000,2,NULL,'2024-03-04 17:00:00','2024-03-04 17:00:00'),(29,19,29,1.0000,336300000,305727273,2,NULL,'2024-03-05 17:00:00','2024-03-05 17:00:00'),(30,20,30,1.0000,162000000,150000000,2,NULL,'2024-03-05 17:00:00','2024-03-05 17:00:00'),(31,21,31,1.0000,2596440,2360400,2,NULL,'2024-03-06 17:00:00','2024-03-06 17:00:00'),(32,21,32,1.0000,20790000,18900000,2,NULL,'2024-03-06 17:00:00','2024-03-06 17:00:00'),(33,21,33,1.0000,5940000,5400000,2,NULL,'2024-03-06 17:00:00','2024-03-06 17:00:00'),(34,22,34,2.0000,341000000,155000000,2,NULL,'2024-03-06 17:00:00','2024-03-06 17:00:00'),(35,22,35,10.0000,3861000,3510000,2,NULL,'2024-03-06 17:00:00','2024-03-06 17:00:00'),(36,23,36,1.0000,128180000,128180000,2,NULL,'2024-03-06 17:00:00','2024-03-06 17:00:00'),(37,24,37,1.0000,295625000,268750000,2,NULL,'2024-03-10 17:00:00','2024-03-10 17:00:00'),(38,25,38,1.0000,10120000,9200000,2,NULL,'2024-03-11 17:00:00','2024-03-11 17:00:00'),(39,25,39,1.0000,3476000,3160000,2,NULL,'2024-03-11 17:00:00','2024-03-11 17:00:00'),(40,26,40,2.0000,33160000,16580000,2,NULL,'2024-03-14 17:00:00','2024-03-14 17:00:00'),(41,26,41,1.0000,0,0,2,NULL,'2024-03-14 17:00:00','2024-03-14 17:00:00'),(42,27,10,1.0000,990000,900000,2,NULL,'2024-03-14 17:00:00','2024-03-14 17:00:00'),(43,27,43,1.0000,2574000,2340000,2,NULL,'2024-03-14 17:00:00','2024-03-14 17:00:00'),(44,27,44,1.0000,1842500,1675000,2,NULL,'2024-03-14 17:00:00','2024-03-14 17:00:00'),(45,27,45,1.0000,2145000,1950000,2,NULL,'2024-03-14 17:00:00','2024-03-14 17:00:00'),(46,27,46,1.0000,2618000,2380000,2,NULL,'2024-03-14 17:00:00','2024-03-14 17:00:00'),(47,28,47,1.0000,8100000,7500000,8,NULL,'2024-01-11 17:00:00','2024-01-11 17:00:00'),(48,29,48,1.0000,374000,340000,8,NULL,'2024-01-11 17:00:00','2024-01-11 17:00:00'),(49,30,49,1.0000,116741000,116741000,8,NULL,'2024-01-21 17:00:00','2024-01-21 17:00:00'),(50,31,50,1.0000,228617000,228617000,8,NULL,'2024-01-21 17:00:00','2024-01-21 17:00:00'),(51,31,51,1.0000,82000500,82000500,8,NULL,'2024-01-21 17:00:00','2024-01-21 17:00:00'),(52,31,52,1.0000,73000000,73000000,8,NULL,'2024-01-21 17:00:00','2024-01-21 17:00:00'),(53,31,53,1.0000,263437500,263437500,8,NULL,'2024-01-21 17:00:00','2024-01-21 17:00:00'),(54,31,54,1.0000,78550000,78550000,8,NULL,'2024-01-21 17:00:00','2024-01-21 17:00:00'),(55,31,55,1.0000,245000000,245000000,8,NULL,'2024-01-21 17:00:00','2024-01-21 17:00:00'),(56,32,56,1.0000,1320000,1200000,8,NULL,'2024-01-25 17:00:00','2024-01-25 17:00:00'),(57,33,57,1.0000,742500,675000,8,NULL,'2024-01-25 17:00:00','2024-01-25 17:00:00'),(58,34,58,1.0000,4400000,4000000,8,NULL,'2024-01-28 17:00:00','2024-01-28 17:00:00'),(59,34,59,1.0000,2200000,2000000,8,NULL,'2024-01-28 17:00:00','2024-01-28 17:00:00'),(60,35,60,10.0000,55000000,5000000,8,NULL,'2024-01-29 17:00:00','2024-01-29 17:00:00'),(61,35,61,1.0000,4840000,4400000,8,NULL,'2024-01-29 17:00:00','2024-01-29 17:00:00'),(62,36,62,1.0000,2592000,2400000,8,NULL,'2024-01-29 17:00:00','2024-01-29 17:00:00'),(63,37,63,5.0000,44000000,40000000,8,NULL,'2024-01-31 17:00:00','2024-01-31 17:00:00'),(64,38,64,1.0000,12540000,11400000,8,NULL,'2004-02-06 17:00:00','2004-02-06 17:00:00'),(65,38,65,30.0000,3520000,3200000,8,NULL,'2024-02-06 17:00:00','2024-02-06 17:00:00'),(66,39,66,1.0000,8684000,7894545,8,NULL,'2024-02-20 17:00:00','2024-02-20 17:00:00'),(67,40,67,8.0000,4702500,4275000,8,NULL,'2024-02-20 17:00:00','2024-02-20 17:00:00'),(68,40,68,8.0000,4702500,4275000,8,NULL,'2024-02-20 17:00:00','2024-02-20 17:00:00'),(69,41,69,2.0000,1210000,1100000,8,NULL,'2024-02-20 17:00:00','2024-02-20 17:00:00'),(70,41,70,1.0000,748000,680000,8,NULL,'2024-02-20 17:00:00','2024-02-20 17:00:00'),(71,42,71,1.0000,1112400,1030000,8,NULL,'2024-02-28 17:00:00','2024-02-28 17:00:00'),(72,43,72,1.0000,1177200,1090000,8,NULL,'2024-02-28 17:00:00','2024-02-28 17:00:00'),(73,44,73,1.0000,4650000,4227273,8,NULL,'2024-02-28 17:00:00','2024-02-28 17:00:00'),(74,45,74,1.0000,16500000,15000000,8,NULL,'2024-03-04 17:00:00','2024-03-04 17:00:00'),(75,46,75,1.0000,336300000,305727273,8,NULL,'2024-03-05 17:00:00','2024-03-05 17:00:00'),(76,47,76,1.0000,162000000,150000000,8,NULL,'2024-03-05 17:00:00','2024-03-05 17:00:00'),(77,48,77,1.0000,2596440,2360400,8,NULL,'2024-03-06 17:00:00','2024-03-06 17:00:00'),(78,48,78,1.0000,20790000,18900000,8,NULL,'2024-03-06 17:00:00','2024-03-06 17:00:00'),(79,48,79,1.0000,5940000,5400000,8,NULL,'2024-03-06 17:00:00','2024-03-06 17:00:00'),(80,49,80,2.0000,341000000,155000000,8,NULL,'2024-03-06 17:00:00','2024-03-06 17:00:00'),(81,49,81,10.0000,3861000,3510000,8,NULL,'2024-03-06 17:00:00','2024-03-06 17:00:00'),(82,50,82,1.0000,128180000,128180000,8,NULL,'2024-03-06 17:00:00','2024-03-06 17:00:00'),(83,51,83,1.0000,295625000,268750000,8,NULL,'2024-03-10 17:00:00','2024-03-10 17:00:00'),(84,52,84,1.0000,10120000,9200000,8,NULL,'2024-03-11 17:00:00','2024-03-11 17:00:00'),(85,52,85,1.0000,3476000,3160000,8,NULL,'2024-03-11 17:00:00','2024-03-11 17:00:00'),(86,53,86,2.0000,33160000,33160000,8,NULL,'2024-03-14 17:00:00','2024-03-14 17:00:00'),(87,53,87,1.0000,0,0,8,NULL,'2024-03-14 17:00:00','2024-03-14 17:00:00'),(88,54,88,1.0000,990000,900000,8,NULL,'2024-03-14 17:00:00','2024-03-14 17:00:00'),(89,54,89,1.0000,2574000,2340000,8,NULL,'2024-03-14 17:00:00','2024-03-14 17:00:00'),(90,54,90,1.0000,1842500,1675000,8,NULL,'2024-03-14 17:00:00','2024-03-14 17:00:00'),(91,54,91,1.0000,2145000,1950000,8,NULL,'2024-03-14 17:00:00','2024-03-14 17:00:00'),(92,54,92,1.0000,2618000,2380000,8,NULL,'2024-03-14 17:00:00','2024-03-14 17:00:00'),(93,56,91,2.0000,4400000,2000000,8,NULL,'2024-04-11 02:39:27','2024-04-11 02:39:27'),(94,56,92,2.0000,4400000,2000000,8,NULL,'2024-04-11 02:39:27','2024-04-11 02:39:27'),(95,57,87,1.0000,1080000,1000000,8,5,'2024-04-24 11:43:56','2024-04-24 11:43:56'),(96,57,88,1.0000,1100000,1000000,8,5,'2024-04-24 11:43:56','2024-04-24 11:43:56'),(97,57,89,1.0000,1100000,1000000,8,5,'2024-04-24 11:43:56','2024-04-24 11:43:56'),(98,57,90,1.0000,1100000,1000000,8,5,'2024-04-24 11:43:56','2024-04-24 11:43:56'),(99,57,91,1.0000,1100000,1000000,8,5,'2024-04-24 11:43:56','2024-04-24 11:43:56'),(100,57,92,1.0000,1100000,1000000,8,5,'2024-04-24 11:43:56','2024-04-24 11:43:56'),(102,59,100,1.0000,3300000,3000000,5,5,'2024-05-14 02:38:15','2024-05-14 02:38:15'),(103,59,101,2.0000,4400000,2000000,5,5,'2024-05-14 02:38:15','2024-05-14 02:38:15'),(104,59,102,1.0000,16200000,15000000,5,5,'2024-05-14 02:38:15','2024-05-14 02:38:15'),(107,62,100,1.0000,5500000,5000000,5,5,'2024-05-14 02:58:58','2024-05-14 02:58:58'),(108,63,100,1.0000,5500000,5000000,5,5,'2024-05-14 03:00:57','2024-05-14 03:00:57'),(109,64,107,5.0000,5500000,1000000,9,9,'2024-05-17 14:55:21','2024-05-17 14:55:21'),(110,64,108,5.0000,10800000,2000000,9,9,'2024-05-17 14:55:21','2024-05-17 14:55:21'),(111,65,107,1.0000,36666666,33333333,9,9,'2024-05-17 22:48:32','2024-05-17 22:48:32'),(112,65,108,2.0000,95999999,44444444,9,9,'2024-05-17 22:48:32','2024-05-17 22:48:32'),(113,66,113,10.0000,8800000,800000,20,20,'2024-05-18 11:41:00','2024-05-18 11:41:00'),(114,67,112,5.0000,11000000,2000000,20,20,'2024-05-18 11:41:04','2024-05-18 11:41:04'),(120,73,111,3.0000,10890000,3300000,20,20,'2024-05-18 11:49:36','2024-05-18 11:49:36'),(121,74,110,2.0000,3960000,1800000,20,20,'2024-05-18 11:49:46','2024-05-18 11:49:46'),(122,75,109,5.0000,12100000,2200000,20,20,'2024-05-18 11:49:54','2024-05-18 11:49:54'),(123,76,115,10.0000,16500000,1500000,20,20,'2024-05-18 13:42:24','2024-05-18 13:42:24'),(124,77,113,1.0000,2750000,2500000,20,20,'2024-05-18 13:42:26','2024-05-18 13:42:26'),(125,78,109,2.0000,8140000,3700000,20,20,'2024-05-18 13:42:28','2024-05-18 13:42:28'),(126,79,115,5.0000,18700000,3400000,20,20,'2024-05-18 14:20:20','2024-05-18 14:20:20'),(127,80,115,2.0000,5060000,2300000,20,20,'2024-05-18 14:20:25','2024-05-18 14:20:25'),(128,81,113,1.0000,5500000,5000000,20,20,'2024-05-18 14:20:27','2024-05-18 14:20:27'),(129,82,109,1.0000,1650000,1500000,20,20,'2024-05-18 14:20:30','2024-05-18 14:20:30'),(130,83,116,3.0000,330000,100000,11,11,'2024-05-20 04:09:44','2024-05-20 04:09:44'),(135,88,117,2.0000,216000,100000,11,11,'2024-05-20 05:49:06','2024-05-20 05:49:06'),(142,95,117,1.0000,270000,250000,11,11,'2024-05-20 10:03:43','2024-05-20 10:03:43'),(148,99,117,1.0000,540000,500000,11,11,'2024-05-21 02:19:17','2024-05-21 02:19:17'),(149,99,123,1.0000,21600,20000,11,11,'2024-05-21 02:19:17','2024-05-21 02:19:17'),(150,100,117,3.0000,810000,250000,11,11,'2024-05-21 02:19:23','2024-05-21 02:19:23'),(151,101,117,2.0000,216000,100000,11,11,'2024-05-21 02:19:41','2024-05-21 02:19:41'),(152,102,116,1.0000,11000,10000,11,11,'2024-05-21 02:19:49','2024-05-21 02:19:49');
/*!40000 ALTER TABLE `delivered` ENABLE KEYS */;
UNLOCK TABLES;

--
-- Table structure for table `delivery`
--

DROP TABLE IF EXISTS `delivery`;
/*!40101 SET @saved_cs_client     = @@character_set_client */;
/*!40101 SET character_set_client = utf8 */;
CREATE TABLE `delivery` (
  `id` bigint(20) unsigned NOT NULL AUTO_INCREMENT,
  `guest_id` int(11) NOT NULL,
  `quotation_number` varchar(255) NOT NULL,
  `code_delivery` varchar(255) DEFAULT NULL,
  `shipping_unit` varchar(255) DEFAULT NULL,
  `shipping_fee` decimal(20,4) DEFAULT NULL,
  `detailexport_id` int(11) NOT NULL,
  `status` int(11) NOT NULL,
  `workspace_id` int(11) DEFAULT NULL,
  `user_id` int(11) DEFAULT NULL,
  `created_at` timestamp NULL DEFAULT NULL,
  `updated_at` timestamp NULL DEFAULT NULL,
  PRIMARY KEY (`id`)
) ENGINE=InnoDB AUTO_INCREMENT=103 DEFAULT CHARSET=utf8mb4 COLLATE=utf8mb4_unicode_ci;
/*!40101 SET character_set_client = @saved_cs_client */;

--
-- Dumping data for table `delivery`
--

LOCK TABLES `delivery` WRITE;
/*!40000 ALTER TABLE `delivery` DISABLE KEYS */;
INSERT INTO `delivery` VALUES (1,1,'00000001','PO RN OUSTPAN\n4100039273',NULL,0.0000,1,2,2,NULL,'2024-01-11 17:00:00','2024-04-05 04:00:09'),(2,2,'00000002','PO RN OLAM HCM',NULL,0.0000,2,2,2,NULL,'2024-01-11 17:00:00','2024-04-05 04:00:09'),(3,3,'00000003','HDMB RN CCIPY\n231228/ HDMB/CCIPY-RN',NULL,0.0000,3,2,2,NULL,'2024-01-21 17:00:00','2024-04-05 04:00:09'),(4,4,'00000004','HDMB RN TECS\n02/HĐKT/ TECS-24',NULL,0.0000,4,2,2,NULL,'2024-01-21 17:00:00','2024-04-05 04:00:09'),(5,1,'00000005','PO RN OUTSPAN\n4100039332',NULL,0.0000,5,2,2,NULL,'2024-01-25 17:00:00','2024-04-05 04:00:09'),(6,1,'00000006','PO RN OUTSPAN\n4100039332',NULL,0.0000,6,2,2,NULL,'2024-01-25 17:00:00','2024-04-05 04:00:09'),(7,1,'00000007','PO RN OUTSPAN\n4100039400',NULL,0.0000,7,2,2,NULL,'2024-01-28 17:00:00','2024-04-05 04:00:09'),(8,7,'00000008','HDMB RN CK HANOI\nPHU LUC 03',NULL,0.0000,8,2,2,NULL,'2024-01-29 17:00:00','2024-04-05 04:00:09'),(9,6,'00000009','PO RN KW',NULL,0.0000,9,2,2,NULL,'2024-01-29 17:00:00','2024-04-05 04:00:09'),(10,7,'00000010','PL 02-RN CK',NULL,0.0000,10,2,2,NULL,'2024-01-31 17:00:00','2024-04-05 04:00:09'),(11,7,'00000011','PO RN CK HCM',NULL,0.0000,11,2,2,NULL,'2004-02-06 17:00:00','2024-04-05 04:00:09'),(12,8,'00000012','PO RN CONG DOAN TTPT PHAN MEM',NULL,0.0000,12,2,2,NULL,'2024-02-20 17:00:00','2024-04-05 04:00:09'),(13,7,'00000013','PO RN CK HCM',NULL,0.0000,13,2,2,NULL,'2024-02-20 17:00:00','2024-04-05 04:00:09'),(14,1,'00000014','PO RN OUTSPAN\n4100039589',NULL,0.0000,14,2,2,NULL,'2024-02-20 17:00:00','2024-04-05 04:00:09'),(15,1,'00000015','PO RN OUTSPAN\n4100039891',NULL,0.0000,15,2,2,NULL,'2024-02-28 17:00:00','2024-04-05 04:00:09'),(16,1,'00000016','PO RN OUTSPAN\n4100039750',NULL,0.0000,16,2,2,NULL,'2024-02-28 17:00:00','2024-04-05 04:00:09'),(17,1,'00000017','PO RN OUTSPAN\n4100039750',NULL,0.0000,17,2,2,NULL,'2024-02-28 17:00:00','2024-04-05 04:00:09'),(18,1,'00000018','PO RN OUTSPAN\n4100039930',NULL,0.0000,18,2,2,NULL,'2024-03-04 17:00:00','2024-04-05 04:00:09'),(19,4,'00000019','03/HDKT/ TECS 24',NULL,0.0000,19,2,2,NULL,'2024-03-05 17:00:00','2024-04-05 04:00:09'),(20,4,'00000020','03/HDKT/ TECS 24',NULL,0.0000,20,2,2,NULL,'2024-03-05 17:00:00','2024-04-05 04:00:09'),(21,1,'00000021','PO RN OUTSPAN\n4100039918',NULL,0.0000,21,2,2,NULL,'2024-03-06 17:00:00','2024-04-05 04:00:09'),(22,7,'00000022','HDMB RN CK SAN SW',NULL,0.0000,22,2,2,NULL,'2024-03-06 17:00:00','2024-04-05 04:00:09'),(23,7,'00000023','HDMB RN CK LIC Palto Alto',NULL,0.0000,23,2,2,NULL,'2024-03-06 17:00:00','2024-04-05 04:00:09'),(24,10,'00000024','SO ADM-23-S014 KÈM PL HOP DONG',NULL,0.0000,24,2,2,NULL,'2024-03-10 17:00:00','2024-04-05 04:00:09'),(25,7,'00000025','PHU LUC 05/ RN CK',NULL,0.0000,25,2,2,NULL,'2024-03-11 17:00:00','2024-04-05 04:00:09'),(26,11,'00000026','HDMB RN OLAM KCX',NULL,0.0000,26,2,2,NULL,'2024-03-14 17:00:00','2024-04-05 04:00:09'),(27,1,'00000027','PO RN OUTSPAN\n4100040062',NULL,0.0000,27,2,2,NULL,'2024-03-14 17:00:00','2024-04-05 04:00:09'),(28,12,'00000001','PO RN OUSTPAN\n4100039273',NULL,0.0000,28,2,8,NULL,'2024-01-11 17:00:00','2024-04-10 18:24:25'),(29,13,'00000002','PO RN OLAM HCM',NULL,0.0000,29,2,8,NULL,'2024-01-11 17:00:00','2024-04-10 18:24:25'),(30,14,'00000003','HDMB RN CCIPY\n231228/ HDMB/CCIPY-RN',NULL,0.0000,30,2,8,NULL,'2024-01-21 17:00:00','2024-04-10 18:24:25'),(31,15,'00000004','HDMB RN TECS\n02/HĐKT/ TECS-24',NULL,0.0000,31,2,8,NULL,'2024-01-21 17:00:00','2024-04-10 18:24:25'),(32,12,'00000005','PO RN OUTSPAN\n4100039332',NULL,0.0000,32,2,8,NULL,'2024-01-25 17:00:00','2024-04-10 18:24:25'),(33,12,'00000006','PO RN OUTSPAN\n4100039332',NULL,0.0000,33,2,8,NULL,'2024-01-25 17:00:00','2024-04-10 18:24:25'),(34,12,'00000007','PO RN OUTSPAN\n4100039400',NULL,0.0000,34,2,8,NULL,'2024-01-28 17:00:00','2024-04-10 18:24:25'),(35,18,'00000008','HDMB RN CK HANOI\nPHU LUC 03',NULL,0.0000,35,2,8,NULL,'2024-01-29 17:00:00','2024-04-10 18:24:25'),(36,17,'00000009','PO RN KW',NULL,0.0000,36,2,8,NULL,'2024-01-29 17:00:00','2024-04-10 18:24:25'),(37,18,'00000010','PL 02-RN CK',NULL,0.0000,37,2,8,NULL,'2024-01-31 17:00:00','2024-04-10 18:24:25'),(38,18,'00000011','PO RN CK HCM',NULL,0.0000,38,2,8,NULL,'2004-02-06 17:00:00','2024-04-10 18:24:25'),(39,19,'00000012','PO RN CONG DOAN TTPT PHAN MEM',NULL,0.0000,39,2,8,NULL,'2024-02-20 17:00:00','2024-04-10 18:24:25'),(40,18,'00000013','PO RN CK HCM',NULL,0.0000,40,2,8,NULL,'2024-02-20 17:00:00','2024-04-10 18:24:25'),(41,12,'00000014','PO RN OUTSPAN\n4100039589',NULL,0.0000,41,2,8,NULL,'2024-02-20 17:00:00','2024-04-10 18:24:25'),(42,12,'00000015','PO RN OUTSPAN\n4100039891',NULL,0.0000,42,2,8,NULL,'2024-02-28 17:00:00','2024-04-10 18:24:25'),(43,12,'00000016','PO RN OUTSPAN\n4100039750',NULL,0.0000,43,2,8,NULL,'2024-02-28 17:00:00','2024-04-10 18:24:25'),(44,12,'00000017','PO RN OUTSPAN\n4100039750',NULL,0.0000,44,2,8,NULL,'2024-02-28 17:00:00','2024-04-10 18:24:25'),(45,12,'00000018','PO RN OUTSPAN\n4100039930',NULL,0.0000,45,2,8,NULL,'2024-03-04 17:00:00','2024-04-10 18:24:25'),(46,15,'00000019','03/HDKT/ TECS 24',NULL,0.0000,46,2,8,NULL,'2024-03-05 17:00:00','2024-04-10 18:24:25'),(47,15,'00000020','03/HDKT/ TECS 24',NULL,0.0000,47,2,8,NULL,'2024-03-05 17:00:00','2024-04-10 18:24:25'),(48,12,'00000021','PO RN OUTSPAN\n4100039918',NULL,0.0000,48,2,8,NULL,'2024-03-06 17:00:00','2024-04-10 18:24:25'),(49,18,'00000022','HDMB RN CK SAN SW',NULL,0.0000,49,2,8,NULL,'2024-03-06 17:00:00','2024-04-10 18:24:25'),(50,18,'00000023','HDMB RN CK LIC Palto Alto',NULL,0.0000,50,2,8,NULL,'2024-03-06 17:00:00','2024-04-10 18:24:25'),(51,21,'00000024','SO ADM-23-S014 KÈM PL HOP DONG',NULL,0.0000,51,2,8,NULL,'2024-03-10 17:00:00','2024-04-10 18:24:25'),(52,18,'00000025','PHU LUC 05/ RN CK',NULL,0.0000,52,2,8,NULL,'2024-03-11 17:00:00','2024-04-10 18:24:25'),(53,22,'00000026','HDMB RN OLAM KCX',NULL,0.0000,53,2,8,NULL,'2024-03-14 17:00:00','2024-04-10 18:24:25'),(54,12,'00000027','PO RN OUTSPAN\n4100040062',NULL,0.0000,54,2,8,NULL,'2024-03-14 17:00:00','2024-04-10 18:24:25'),(56,22,'11042024/RN--01','GH-25',NULL,NULL,55,2,8,NULL,NULL,'2024-04-11 02:39:27'),(57,22,'24042024/RN--01','GH-26',NULL,NULL,57,2,8,5,'2024-04-24 11:43:56','2024-04-24 11:43:56'),(59,26,'14052024/RN-KHCM-01','GH-1',NULL,0.0000,63,2,5,5,'2024-05-13 17:00:00','2024-05-14 02:38:15'),(62,26,'14052024/RN-KHCM-02','GH-2',NULL,0.0000,64,2,5,5,'2024-05-14 02:58:58','2024-05-14 02:59:17'),(63,26,'14052024/RN-KHCM-03','GH-3',NULL,0.0000,65,2,5,5,'2024-05-13 17:00:00','2024-05-14 03:02:21'),(64,27,'17052024/RN-KH-01','GH-1',NULL,0.0000,70,2,9,9,'2024-05-17 14:55:21','2024-05-17 14:55:21'),(65,27,'18052024/RN-KH-01','GH-2',NULL,0.0000,71,2,9,9,'2024-05-17 17:00:00','2024-05-17 22:48:32'),(66,32,'18052024/RN-KH05-01','GH-1',NULL,0.0000,76,2,20,20,'2024-05-17 17:00:00','2024-05-18 11:41:00'),(67,31,'18052024/RN-KH04-01','GH-2',NULL,0.0000,75,2,20,20,'2024-05-17 17:00:00','2024-05-18 11:41:04'),(73,30,'18052024/RN-KH03-01','GH-3',NULL,0.0000,74,2,20,20,'2024-05-17 17:00:00','2024-05-18 11:49:36'),(74,29,'18052024/RN-KH02-01','GH-4',NULL,0.0000,73,2,20,20,'2024-05-17 17:00:00','2024-05-18 11:49:46'),(75,28,'18052024/RN-KH01-01','GH-5',NULL,0.0000,72,2,20,20,'2024-05-17 17:00:00','2024-05-18 11:49:54'),(76,29,'18052024/RN-KH02-02','GH-6',NULL,0.0000,80,2,20,20,'2024-05-17 17:00:00','2024-05-18 13:42:24'),(77,31,'18052024/RN-KH04-03','GH-7',NULL,0.0000,79,2,20,20,'2024-05-17 17:00:00','2024-05-18 13:42:26'),(78,31,'18052024/RN-KH04-02','GH-8',NULL,0.0000,77,2,20,20,'2024-05-17 17:00:00','2024-05-18 13:42:28'),(79,30,'18052024/RN-KH03-04','GH-9',NULL,0.0000,86,2,20,20,'2024-05-17 17:00:00','2024-05-18 14:20:20'),(80,28,'18052024/RN-KH01-02','GH-10',NULL,0.0000,84,2,20,20,'2024-05-17 17:00:00','2024-05-18 14:20:25'),(81,31,'18052024/RN-KH04-04','GH-11',NULL,0.0000,81,2,20,20,'2024-05-17 17:00:00','2024-05-18 14:20:27'),(82,30,'18052024/RN-KH03-02','GH-12',NULL,0.0000,82,2,20,20,'2024-05-17 17:00:00','2024-05-18 14:20:30'),(83,34,'20052024/RN-O-01','GH-1',NULL,0.0000,87,2,11,11,'2024-05-19 17:00:00','2024-05-20 04:09:55'),(88,35,'20052024/RN-O1-01','GH-2',NULL,0.0000,93,2,11,11,'2024-05-19 17:00:00','2024-05-20 05:49:06'),(95,35,'20052024/RN-O1-03','GH-4',NULL,0.0000,98,2,11,11,'2024-05-19 17:00:00','2024-05-20 10:04:03'),(99,36,'20052024/RN-O2-01','GH-5',NULL,0.0000,100,2,11,11,'2024-05-20 17:00:00','2024-05-21 02:19:17'),(100,34,'20052024/RN-O-03','GH-6',NULL,0.0000,99,2,11,11,'2024-05-20 17:00:00','2024-05-21 02:19:23'),(101,35,'20052024/RN-O1-02','GH-7',NULL,0.0000,97,2,11,11,'2024-05-20 17:00:00','2024-05-21 02:19:41'),(102,34,'20052024/RN-O-02','GH-8',NULL,0.0000,88,2,11,11,'2024-05-20 17:00:00','2024-05-21 02:19:49');
/*!40000 ALTER TABLE `delivery` ENABLE KEYS */;
UNLOCK TABLES;

--
-- Table structure for table `detailexport`
--

DROP TABLE IF EXISTS `detailexport`;
/*!40101 SET @saved_cs_client     = @@character_set_client */;
/*!40101 SET character_set_client = utf8 */;
CREATE TABLE `detailexport` (
  `id` bigint(20) unsigned NOT NULL AUTO_INCREMENT,
  `guest_id` bigint(20) unsigned NOT NULL,
  `project_id` int(11) DEFAULT NULL,
  `user_id` int(11) DEFAULT NULL,
  `quotation_number` varchar(255) DEFAULT NULL,
  `represent_id` int(11) DEFAULT NULL,
  `reference_number` varchar(255) DEFAULT NULL,
  `price_effect` varchar(255) DEFAULT NULL,
  `status` int(11) NOT NULL,
  `status_receive` int(11) DEFAULT NULL,
  `status_reciept` int(11) DEFAULT NULL,
  `status_pay` int(11) DEFAULT NULL,
  `workspace_id` int(11) DEFAULT NULL,
  `guest_name` varchar(255) DEFAULT NULL,
  `represent_name` varchar(255) DEFAULT NULL,
  `created_at` timestamp NULL DEFAULT NULL,
  `updated_at` timestamp NULL DEFAULT NULL,
  `total_price` decimal(20,4) DEFAULT NULL,
  `total_tax` decimal(20,4) DEFAULT NULL,
  `discount` decimal(20,4) DEFAULT NULL,
  `transfer_fee` decimal(20,4) DEFAULT NULL,
  `terms_pay` varchar(255) DEFAULT NULL,
  `amount_owed` decimal(20,4) DEFAULT NULL,
  `goods` varchar(255) DEFAULT NULL,
  `delivery` varchar(255) DEFAULT NULL,
  `location` varchar(255) DEFAULT NULL,
  PRIMARY KEY (`id`),
  KEY `detailexport_guest_id_foreign` (`guest_id`),
  KEY `detailexport_project_id_foreign` (`project_id`),
  KEY `detailexport_user_id_foreign` (`user_id`),
  CONSTRAINT `detailexport_guest_id_foreign` FOREIGN KEY (`guest_id`) REFERENCES `guest` (`id`)
) ENGINE=InnoDB AUTO_INCREMENT=101 DEFAULT CHARSET=utf8mb4 COLLATE=utf8mb4_unicode_ci;
/*!40101 SET character_set_client = @saved_cs_client */;

--
-- Dumping data for table `detailexport`
--

LOCK TABLES `detailexport` WRITE;
/*!40000 ALTER TABLE `detailexport` DISABLE KEYS */;
INSERT INTO `detailexport` VALUES (1,1,1,2,'00000001',NULL,'PO RN OUSTPAN\n4100039273',NULL,3,2,2,2,2,'OUTSPAN',NULL,'2024-01-11 17:00:00','2024-04-05 03:37:16',7500000.0000,600000.0000,NULL,NULL,NULL,0.0000,NULL,NULL,NULL),(2,2,1,2,'00000002',NULL,'PO RN OLAM HCM',NULL,3,2,2,2,2,'OLAM HCM',NULL,'2024-01-11 17:00:00','2024-04-05 03:37:16',340000.0000,34000.0000,NULL,NULL,NULL,0.0000,NULL,NULL,NULL),(3,3,1,2,'00000003',NULL,'HDMB RN CCIPY\n231228/ HDMB/CCIPY-RN',NULL,3,2,2,2,2,'CCIPY',NULL,'2024-01-21 17:00:00','2024-04-05 03:37:16',116741000.0000,0.0000,NULL,NULL,NULL,0.0000,NULL,NULL,NULL),(4,4,1,2,'00000004',NULL,'HDMB RN TECS\n02/HĐKT/ TECS-24',NULL,3,2,2,2,2,'TECS',NULL,'2024-01-21 17:00:00','2024-04-05 03:37:16',970605000.0000,0.0000,NULL,NULL,NULL,0.0000,NULL,NULL,NULL),(5,1,1,2,'00000005',NULL,'PO RN OUTSPAN\n4100039332',NULL,3,2,2,2,2,'OUTSPAN',NULL,'2024-01-25 17:00:00','2024-04-05 03:37:16',1200000.0000,120000.0000,NULL,NULL,NULL,0.0000,NULL,NULL,NULL),(6,1,1,2,'00000006',NULL,'PO RN OUTSPAN\n4100039332',NULL,3,2,2,2,2,'OUTSPAN',NULL,'2024-01-25 17:00:00','2024-04-05 03:37:16',675000.0000,67500.0000,NULL,NULL,NULL,0.0000,NULL,NULL,NULL),(7,1,1,2,'00000007',NULL,'PO RN OUTSPAN\n4100039400',NULL,3,2,2,2,2,'OUTSPAN',NULL,'2024-01-28 17:00:00','2024-04-05 03:37:16',6000000.0000,600000.0000,NULL,NULL,NULL,0.0000,NULL,NULL,NULL),(8,7,1,2,'00000008',NULL,'HDMB RN CK HANOI\nPHU LUC 03',NULL,3,2,2,2,2,'CK HCM',NULL,'2024-01-29 17:00:00','2024-04-05 03:37:16',54400000.0000,5440000.0000,NULL,NULL,NULL,0.0000,NULL,NULL,NULL),(9,6,1,2,'00000009',NULL,'PO RN KW',NULL,3,2,2,2,2,'RKW',NULL,'2024-01-29 17:00:00','2024-04-05 03:37:16',2400000.0000,192000.0000,NULL,NULL,NULL,0.0000,NULL,NULL,NULL),(10,7,1,2,'00000010',NULL,'PL 02-RN CK',NULL,3,2,2,2,2,'CK HCM',NULL,'2024-01-31 17:00:00','2024-04-05 03:37:16',40000000.0000,4000000.0000,NULL,NULL,NULL,0.0000,NULL,NULL,NULL),(11,7,1,2,'00000011',NULL,'PO RN CK HCM',NULL,3,2,2,2,2,'CK HCM',NULL,'2024-02-06 17:00:00','2024-04-05 03:37:16',14600000.0000,1460000.0000,NULL,NULL,NULL,0.0000,NULL,NULL,NULL),(12,8,1,2,'00000012',NULL,'PO RN CONG DOAN TTPT PHAN MEM',NULL,3,2,2,2,2,'CONG DOAN TTPT PHAN MEM',NULL,'2024-02-20 17:00:00','2024-04-05 03:37:16',7894545.0000,789454.5000,NULL,NULL,NULL,0.0000,NULL,NULL,NULL),(13,7,1,2,'00000013',NULL,'PO RN CK HCM',NULL,3,2,2,2,2,'CK HCM',NULL,'2024-02-20 17:00:00','2024-04-05 03:37:16',8550000.0000,855000.0000,NULL,NULL,NULL,0.0000,NULL,NULL,NULL),(14,1,1,2,'00000014',NULL,'PO RN OUTSPAN\n4100039589',NULL,3,2,2,2,2,'OUTSPAN',NULL,'2024-02-20 17:00:00','2024-04-05 03:37:16',1780000.0000,178000.0000,NULL,NULL,NULL,0.0000,NULL,NULL,NULL),(15,1,1,2,'00000015',NULL,'PO RN OUTSPAN\n4100039891',NULL,3,2,2,2,2,'OUTSPAN',NULL,'2024-02-28 17:00:00','2024-04-05 03:37:16',1030000.0000,82400.0000,NULL,NULL,NULL,0.0000,NULL,NULL,NULL),(16,1,1,2,'00000016',NULL,'PO RN OUTSPAN\n4100039750',NULL,3,2,2,2,2,'OUTSPAN',NULL,'2024-02-28 17:00:00','2024-04-05 03:37:16',1090000.0000,87200.0000,NULL,NULL,NULL,0.0000,NULL,NULL,NULL),(17,1,1,2,'00000017',NULL,'PO RN OUTSPAN\n4100039750',NULL,3,2,2,2,2,'OUTSPAN',NULL,'2024-02-28 17:00:00','2024-04-05 03:37:16',4227273.0000,422727.3000,NULL,NULL,NULL,0.0000,NULL,NULL,NULL),(18,1,1,2,'00000018',NULL,'PO RN OUTSPAN\n4100039930',NULL,2,2,2,1,2,'OUTSPAN',NULL,'2024-03-04 17:00:00','2024-04-05 03:37:16',15000000.0000,1500000.0000,NULL,NULL,NULL,16500000.0000,NULL,NULL,NULL),(19,4,1,2,'00000019',NULL,'03/HDKT/ TECS 24',NULL,2,2,2,1,2,'TECS',NULL,'2024-03-05 17:00:00','2024-04-05 03:37:16',305727273.0000,30572727.3000,NULL,NULL,NULL,336300000.3000,NULL,NULL,NULL),(20,4,1,2,'00000020',NULL,'03/HDKT/ TECS 24',NULL,2,2,2,1,2,'TECS',NULL,'2024-03-05 17:00:00','2024-04-05 03:37:16',150000000.0000,12000000.0000,NULL,NULL,NULL,162000000.0000,NULL,NULL,NULL),(21,1,1,2,'00000021',NULL,'PO RN OUTSPAN\n4100039918',NULL,2,2,2,1,2,'OUTSPAN',NULL,'2024-03-06 17:00:00','2024-04-05 03:37:16',26660400.0000,2666040.0000,NULL,NULL,NULL,29326440.0000,NULL,NULL,NULL),(22,7,1,2,'00000022',NULL,'HDMB RN CK SAN SW',NULL,2,2,2,1,2,'CK HCM',NULL,'2024-03-06 17:00:00','2024-04-05 03:37:16',345100000.0000,34510000.0000,NULL,NULL,NULL,379610000.0000,NULL,NULL,NULL),(23,7,1,2,'00000023',NULL,'HDMB RN CK LIC Palto Alto',NULL,2,2,2,1,2,'CK HCM',NULL,'2024-03-06 17:00:00','2024-04-05 03:37:16',128180000.0000,0.0000,NULL,NULL,NULL,128180000.0000,NULL,NULL,NULL),(24,10,1,2,'00000024',NULL,'SO ADM-23-S014 KÈM PL HOP DONG',NULL,2,2,2,1,2,'PVEP',NULL,'2024-03-10 17:00:00','2024-04-05 03:37:16',268750000.0000,26875000.0000,NULL,NULL,NULL,295625000.0000,NULL,NULL,NULL),(25,7,1,2,'00000025',NULL,'PHU LUC 05/ RN CK',NULL,2,2,2,3,2,'CK HCM',NULL,'2024-03-11 17:00:00','2024-04-05 03:37:16',12360000.0000,1236000.0000,NULL,NULL,NULL,0.0000,NULL,NULL,NULL),(26,11,1,2,'00000026',NULL,'HDMB RN OLAM KCX',NULL,2,2,2,1,2,'OLAM KCX',NULL,'2024-03-14 17:00:00','2024-04-05 03:37:16',33160000.0000,0.0000,NULL,NULL,NULL,33160000.0000,NULL,NULL,NULL),(27,1,1,2,'00000027',NULL,'PO RN OUTSPAN\n4100040062',NULL,2,2,2,1,2,'OUTSPAN',NULL,'2024-03-14 17:00:00','2024-04-24 14:20:22',9245000.0000,924500.0000,NULL,NULL,NULL,10169500.0000,NULL,NULL,NULL),(28,12,1,2,'00000001',NULL,'PO RN',NULL,3,2,2,2,8,'Khách hàng 1',NULL,'2024-01-11 17:00:00','2024-04-10 23:51:58',7500000.0000,600000.0000,NULL,NULL,NULL,0.0000,NULL,NULL,NULL),(29,13,1,2,'00000002',NULL,'PO RN',NULL,3,2,2,2,8,'Khách hàng 2',NULL,'2024-01-11 17:00:00','2024-04-10 23:51:53',340000.0000,34000.0000,NULL,NULL,NULL,0.0000,NULL,NULL,NULL),(30,14,1,2,'00000003',NULL,'HDMB RN',NULL,3,2,2,2,8,'Khách hàng 3',NULL,'2024-01-21 17:00:00','2024-04-10 23:51:47',116741000.0000,0.0000,NULL,NULL,NULL,0.0000,NULL,NULL,NULL),(31,15,1,2,'00000004',NULL,'HDMB RN',NULL,3,2,2,2,8,'Khách hàng 4',NULL,'2024-01-21 17:00:00','2024-04-10 23:51:24',970605000.0000,0.0000,NULL,NULL,NULL,0.0000,NULL,NULL,NULL),(32,12,1,2,'00000005',NULL,'PO RN',NULL,3,2,2,2,8,'Khách hàng 1',NULL,'2024-01-25 17:00:00','2024-04-10 23:51:41',1200000.0000,120000.0000,NULL,NULL,NULL,0.0000,NULL,NULL,NULL),(33,12,1,2,'00000006',NULL,'PO RN',NULL,3,2,2,2,8,'Khách hàng 1',NULL,'2024-01-25 17:00:00','2024-04-10 23:51:36',675000.0000,67500.0000,NULL,NULL,NULL,0.0000,NULL,NULL,NULL),(34,12,1,2,'00000007',NULL,'PO RN',NULL,3,2,2,2,8,'Khách hàng 1',NULL,'2024-01-28 17:00:00','2024-04-10 23:51:31',6000000.0000,600000.0000,NULL,NULL,NULL,0.0000,NULL,NULL,NULL),(35,18,1,2,'00000008',NULL,'HDMB RN',NULL,3,2,2,2,8,'Khách hàng 7',NULL,'2024-01-29 17:00:00','2024-04-10 23:51:17',54400000.0000,5440000.0000,NULL,NULL,NULL,0.0000,NULL,NULL,NULL),(36,17,1,2,'00000009',NULL,'PO RN',NULL,3,2,2,2,8,'Khách hàng 6',NULL,'2024-01-29 17:00:00','2024-04-10 23:51:05',2400000.0000,192000.0000,NULL,NULL,NULL,0.0000,NULL,NULL,NULL),(37,18,1,2,'00000010',NULL,'PL 02-RN',NULL,3,2,2,2,8,'Khách hàng 7',NULL,'2024-01-31 17:00:00','2024-04-10 23:51:11',40000000.0000,4000000.0000,NULL,NULL,NULL,0.0000,NULL,NULL,NULL),(38,18,1,2,'00000011',NULL,'PO RN',NULL,3,2,2,2,8,'Khách hàng 7',NULL,'2024-02-06 17:00:00','2024-04-10 23:50:57',14600000.0000,1460000.0000,NULL,NULL,NULL,0.0000,NULL,NULL,NULL),(39,19,1,2,'00000012',NULL,'PO RN',NULL,3,2,2,2,8,'Khách hàng 8',NULL,'2024-02-20 17:00:00','2024-04-10 23:50:52',7894545.0000,789454.5000,NULL,NULL,NULL,0.0000,NULL,NULL,NULL),(40,18,1,2,'00000013',NULL,'PO RN',NULL,3,2,2,2,8,'Khách hàng 7',NULL,'2024-02-20 17:00:00','2024-04-10 23:50:46',8550000.0000,855000.0000,NULL,NULL,NULL,0.0000,NULL,NULL,NULL),(41,12,1,2,'00000014',NULL,'PO RN',NULL,3,2,2,2,8,'Khách hàng 1',NULL,'2024-02-20 17:00:00','2024-04-10 23:50:38',1780000.0000,178000.0000,NULL,NULL,NULL,0.0000,NULL,NULL,NULL),(42,12,1,2,'00000015',NULL,'PO RN',NULL,3,2,2,2,8,'Khách hàng 1',NULL,'2024-02-28 17:00:00','2024-04-10 23:50:33',1030000.0000,82400.0000,NULL,NULL,NULL,0.0000,NULL,NULL,NULL),(43,12,1,2,'00000016',NULL,'PO RN',NULL,3,2,2,2,8,'Khách hàng 1',NULL,'2024-02-28 17:00:00','2024-04-10 23:50:20',1090000.0000,87200.0000,NULL,NULL,NULL,0.0000,NULL,NULL,NULL),(44,12,1,2,'00000017',NULL,'PO RN',NULL,3,2,2,2,8,'Khách hàng 1',NULL,'2024-02-28 17:00:00','2024-04-10 23:50:14',4227273.0000,422727.3000,NULL,NULL,NULL,0.0000,NULL,NULL,NULL),(45,12,1,2,'00000018',NULL,'PO RN',NULL,2,2,2,1,8,'Khách hàng 1',NULL,'2024-03-04 17:00:00','2024-04-10 23:50:09',15000000.0000,1500000.0000,NULL,NULL,NULL,16500000.0000,NULL,NULL,NULL),(46,15,1,2,'00000019',NULL,'03/HDKT',NULL,2,2,2,1,8,'Khách hàng 4',NULL,'2024-03-05 17:00:00','2024-04-10 23:50:01',305727273.0000,30572727.3000,NULL,NULL,NULL,336300000.3000,NULL,NULL,NULL),(47,15,1,2,'00000020',NULL,'03/HDK',NULL,2,2,2,1,8,'Khách hàng 4',NULL,'2024-03-05 17:00:00','2024-04-10 23:49:10',150000000.0000,12000000.0000,NULL,NULL,NULL,162000000.0000,NULL,NULL,NULL),(48,12,1,2,'00000021',NULL,'PO RN',NULL,2,2,2,1,8,'Khách hàng 1',NULL,'2024-03-06 17:00:00','2024-04-10 23:49:04',26660400.0000,2666040.0000,NULL,NULL,NULL,29326440.0000,NULL,NULL,NULL),(49,18,1,2,'00000022',NULL,'HDMB RN',NULL,2,2,2,1,8,'Khách hàng 7',NULL,'2024-03-06 17:00:00','2024-04-10 23:48:55',345100000.0000,34510000.0000,NULL,NULL,NULL,379610000.0000,NULL,NULL,NULL),(50,18,1,2,'00000023',NULL,'HDMB RN',NULL,2,2,2,1,8,'Khách hàng 7',NULL,'2024-03-06 17:00:00','2024-04-10 23:48:49',128180000.0000,0.0000,NULL,NULL,NULL,128180000.0000,NULL,NULL,NULL),(51,21,1,2,'00000024',NULL,'SO ADM-23',NULL,2,2,2,1,8,'Khách hàng 10',NULL,'2024-03-10 17:00:00','2024-04-10 23:52:16',268750000.0000,26875000.0000,NULL,NULL,NULL,295625000.0000,NULL,NULL,NULL),(52,18,1,2,'00000025',NULL,'PHU LUC 05/ RN',NULL,3,2,2,2,8,'Khách hàng 7',NULL,'2024-03-11 17:00:00','2024-04-10 23:48:26',12360000.0000,1236000.0000,NULL,NULL,NULL,0.0000,NULL,NULL,NULL),(53,22,1,2,'00000026',NULL,'HDMB RN',NULL,2,2,2,1,8,'Khách hàng 11',NULL,'2024-03-14 17:00:00','2024-04-10 23:52:09',33160000.0000,0.0000,NULL,NULL,NULL,33160000.0000,NULL,NULL,NULL),(54,12,1,2,'00000027',NULL,NULL,NULL,2,2,2,1,8,'Khách hàng 1',NULL,'2024-03-14 17:00:00','2024-04-10 23:47:36',9245000.0000,924500.0000,NULL,NULL,NULL,10169500.0000,NULL,NULL,NULL),(55,22,1,1,'11042024/RN--01',NULL,'PO200020',NULL,3,2,2,1,8,'Khách hàng 11',NULL,'2024-04-11 02:37:11','2024-04-11 02:41:26',8000000.0000,800000.0000,NULL,NULL,NULL,0.0000,NULL,NULL,NULL),(57,22,1,5,'24042024/RN--01',1,NULL,'Báo giá có hiệu lực 7 ngày',3,2,2,1,8,'Khách hàng 11','Mr. Mai','2024-04-23 17:00:00','2024-04-24 11:51:03',6000000.0000,580000.0000,NULL,NULL,'100% sau khi giao hàng 30 ngày.',0.0000,'Hàng mới 100%, bảo hành theo tiêu chuẩn nhà sản xuất','Giao hàng trong vòng 7-10 ngày sau khi nhận được cọc','Tại trụ sở Khách Hàng ở TP. HCM'),(59,23,1,16,'02052024/RN-ABC-01',2,NULL,'Báo giá có hiệu lực trong vòng 14 ngày',1,1,1,1,16,'ABC','Mr. Hoài','2024-05-02 03:01:26','2024-05-02 03:01:26',4000000.0000,400000.0000,NULL,NULL,'Cọc 50% sau khi xác nhận báo giá.Thanh toán 50% còn lại sau khi giao hàng.',4400000.0000,'Hàng mới 100% theo tiêu chuẩn nhà sản xuất','Giao hàng trong vòng 7-10 ngày sau khi ký xác nhận đặt hàng','Tại trụ sở khách hàng.'),(61,22,1,5,'05052024/RN--01',1,NULL,'Báo giá có hiệu lực 7 ngày',2,1,1,2,8,'Khách hàng 11','Mr. Mai','2024-05-05 14:48:46','2024-05-06 03:36:51',2000000.0000,200000.0000,NULL,NULL,'1. Chất lượng sản phẩm: Hàng chính hãng, mới 100%.2. Chế độ bảo hành: Theo tiêu chuẩn nhà sản xuất.3. Phương thức thanh toán: - Thanh Toán: 100% sau khi giao hàng 30 ngày.',0.0000,NULL,NULL,NULL),(62,25,1,19,'06052024/RN-1-01',3,NULL,NULL,1,1,1,1,19,'1','1','2024-05-06 07:11:05','2024-05-06 07:11:05',246.0000,0.0000,NULL,NULL,NULL,246.0000,NULL,NULL,NULL),(63,26,1,5,'14052024/RN-KHCM-01',NULL,NULL,'Hiệu lực trong vòng 7 ngày.',3,2,2,2,5,'Khách HCM',NULL,'2024-05-14 02:35:01','2024-05-14 02:45:48',22000000.0000,1900000.0000,NULL,NULL,'Thanh toán 100%',0.0000,'Hàng chính hãng mới 100%','Giao hàng sau khi nhận được thanh toán','Tại trụ sở khách hàng.'),(64,26,1,5,'14052024/RN-KHCM-02',NULL,NULL,'Hiệu lực trong vòng 7 ngày.',2,2,1,1,5,'Khách HCM',NULL,'2024-05-14 02:48:08','2024-05-14 02:59:17',5000000.0000,500000.0000,NULL,NULL,'Thanh toán 100%',5500000.0000,'Hàng chính hãng mới 100%','Giao hàng sau khi nhận được thanh toán','Tại trụ sở khách hàng.'),(65,26,1,5,'14052024/RN-KHCM-03',NULL,NULL,'Hiệu lực trong vòng 7 ngày.',2,2,1,1,5,'Khách HCM',NULL,'2024-05-14 03:00:48','2024-05-14 03:02:21',5000000.0000,500000.0000,NULL,NULL,'Thanh toán 100%',5500000.0000,'Hàng chính hãng mới 100%','Giao hàng sau khi nhận được thanh toán','Tại trụ sở khách hàng.'),(67,26,1,5,'14052024/RN-KHCM-04',NULL,NULL,'Hiệu lực trong vòng 7 ngày.',1,1,1,1,5,'Khách HCM',NULL,'2024-05-14 03:09:05','2024-05-14 03:09:05',1000000.0000,100000.0000,NULL,NULL,'Thanh toán 100%',1100000.0000,'Hàng chính hãng mới 100%','Giao hàng sau khi nhận được thanh toán','Tại trụ sở khách hàng.'),(69,26,1,5,'14052024/RN-KHCM-05',NULL,NULL,'Hiệu lực trong vòng 7 ngày.',1,1,1,1,5,'Khách HCM',NULL,'2024-05-14 03:11:28','2024-05-14 03:11:28',57500000.0000,5350000.0000,NULL,NULL,'Thanh toán 100%',62850000.0000,'Hàng chính hãng mới 100%','Giao hàng sau khi nhận được thanh toán','Tại trụ sở khách hàng.'),(70,27,1,9,'17052024/RN-KH-01',NULL,NULL,NULL,2,2,1,1,9,'KH01',NULL,'2024-05-17 14:51:29','2024-05-17 14:55:21',15000000.0000,1300000.0000,NULL,NULL,NULL,16300000.0000,NULL,NULL,NULL),(71,27,1,9,'18052024/RN-KH-01',NULL,NULL,NULL,2,2,1,1,9,'KH01',NULL,'2024-05-17 22:48:26','2024-05-17 22:48:32',122222221.0000,10444444.3400,NULL,NULL,NULL,132666665.3400,NULL,NULL,NULL),(72,28,1,20,'18052024/RN-KH01-01',NULL,NULL,NULL,3,2,2,2,20,'Khách hàng 01',NULL,'2024-05-18 11:35:41','2024-05-18 13:39:33',11000000.0000,1100000.0000,NULL,NULL,NULL,0.0000,NULL,NULL,NULL),(73,29,1,20,'18052024/RN-KH02-01',NULL,NULL,NULL,2,2,1,1,20,'Khách hàng 02',NULL,'2024-05-18 11:36:07','2024-05-18 11:49:46',3600000.0000,360000.0000,NULL,NULL,NULL,3960000.0000,NULL,NULL,NULL),(74,30,1,20,'18052024/RN-KH03-01',NULL,NULL,NULL,2,2,1,2,20,'Khách hàng 03',NULL,'2024-05-18 11:36:26','2024-05-18 12:02:39',9900000.0000,990000.0000,NULL,NULL,NULL,0.0000,NULL,NULL,NULL),(75,31,1,20,'18052024/RN-KH04-01',NULL,NULL,NULL,2,2,1,1,20,'Khách hàng 04',NULL,'2024-05-18 11:36:47','2024-05-18 12:01:52',10000000.0000,1000000.0000,NULL,NULL,NULL,11000000.0000,NULL,NULL,NULL),(76,32,1,20,'18052024/RN-KH05-01',NULL,NULL,NULL,3,2,2,2,20,'Khách hàng 05',NULL,'2024-05-18 11:37:36','2024-05-18 12:02:07',8000000.0000,800000.0000,NULL,NULL,NULL,0.0000,NULL,NULL,NULL),(77,31,1,20,'18052024/RN-KH04-02',NULL,NULL,NULL,2,2,1,2,20,'Khách hàng 04',NULL,'2024-05-18 13:31:00','2024-05-18 14:31:42',7400000.0000,740000.0000,NULL,NULL,NULL,0.0000,NULL,NULL,NULL),(78,33,1,4,'18052024/RN-G-01',NULL,NULL,NULL,2,1,2,1,4,'ggg',NULL,'2024-05-18 13:38:38','2024-05-20 09:03:48',500000.0000,40000.0000,NULL,NULL,NULL,540000.0000,NULL,NULL,NULL),(79,31,1,20,'18052024/RN-KH04-03',NULL,NULL,NULL,2,2,1,2,20,'Khách hàng 04',NULL,'2024-05-18 13:40:57','2024-05-18 14:21:52',2500000.0000,250000.0000,NULL,NULL,NULL,0.0000,NULL,NULL,NULL),(80,29,1,20,'18052024/RN-KH02-02',NULL,NULL,NULL,2,2,2,1,20,'Khách hàng 02',NULL,'2024-05-18 13:41:30','2024-05-18 14:21:07',15000000.0000,1500000.0000,NULL,NULL,NULL,16500000.0000,NULL,NULL,NULL),(81,31,1,20,'18052024/RN-KH04-04',NULL,NULL,NULL,2,2,1,2,20,'Khách hàng 04',NULL,'2024-05-18 13:42:38','2024-05-18 14:32:00',5000000.0000,500000.0000,NULL,NULL,NULL,0.0000,NULL,NULL,NULL),(82,30,1,20,'18052024/RN-KH03-02',NULL,NULL,NULL,2,2,1,2,20,'Khách hàng 03',NULL,'2024-05-18 13:42:51','2024-05-18 14:22:33',1500000.0000,150000.0000,NULL,NULL,NULL,0.0000,NULL,NULL,NULL),(83,31,1,20,'18052024/RN-KH04-05',NULL,NULL,NULL,2,1,1,2,20,'Khách hàng 04',NULL,'2024-05-18 14:19:20','2024-05-18 14:20:35',7200000.0000,720000.0000,NULL,NULL,NULL,0.0000,NULL,NULL,NULL),(84,28,1,20,'18052024/RN-KH01-02',NULL,NULL,NULL,2,2,1,1,20,'Khách hàng 01',NULL,'2024-05-18 14:19:34','2024-05-18 14:20:25',4600000.0000,460000.0000,NULL,NULL,NULL,5060000.0000,NULL,NULL,NULL),(85,30,1,20,'18052024/RN-KH03-03',NULL,NULL,NULL,2,1,2,2,20,'Khách hàng 03',NULL,'2024-05-18 14:19:52','2024-05-18 14:20:49',2900000.0000,290000.0000,NULL,NULL,NULL,0.0000,NULL,NULL,NULL),(86,30,1,20,'18052024/RN-KH03-04',NULL,NULL,NULL,2,2,1,1,20,'Khách hàng 03',NULL,'2024-05-18 14:20:14','2024-05-18 14:20:20',17000000.0000,1700000.0000,NULL,NULL,NULL,18700000.0000,NULL,NULL,NULL),(87,34,1,11,'20052024/RN-O-01',NULL,NULL,NULL,2,2,2,3,11,'Olam',NULL,'2024-05-18 17:00:00','2024-05-20 04:10:24',300000.0000,30000.0000,NULL,NULL,NULL,300000.0000,NULL,NULL,NULL),(88,34,1,11,'20052024/RN-O-02',NULL,NULL,NULL,2,2,1,1,11,'Olam',NULL,'2024-05-20 03:59:05','2024-05-21 02:19:50',10000.0000,1000.0000,NULL,NULL,NULL,11000.0000,NULL,NULL,NULL),(93,35,1,11,'20052024/RN-O1-01',NULL,NULL,NULL,2,2,1,1,11,'Outspan',NULL,'2024-05-20 05:49:03','2024-05-20 05:49:06',200000.0000,16000.0000,NULL,NULL,NULL,216000.0000,NULL,NULL,NULL),(97,35,1,11,'20052024/RN-O1-02',NULL,NULL,NULL,2,2,0,3,11,'Outspan',NULL,'2024-05-20 10:03:00','2024-05-21 02:19:41',200000.0000,16000.0000,NULL,NULL,NULL,200000.0000,NULL,NULL,NULL),(98,35,1,11,'20052024/RN-O1-03',NULL,NULL,NULL,2,2,0,3,11,'Outspan',NULL,'2024-05-20 10:03:18','2024-05-20 10:10:29',250000.0000,20000.0000,NULL,NULL,NULL,250000.0000,NULL,NULL,NULL),(99,34,1,11,'20052024/RN-O-03',NULL,NULL,NULL,2,2,0,3,11,'Olam',NULL,'2024-05-20 10:03:31','2024-05-21 02:19:23',750000.0000,60000.0000,NULL,NULL,NULL,800000.0000,NULL,NULL,NULL),(100,36,1,11,'20052024/RN-O2-01',NULL,NULL,NULL,2,2,1,1,11,'Olam 2',NULL,'2024-05-19 17:00:00','2024-05-21 02:19:17',520000.0000,41600.0000,NULL,NULL,NULL,561600.0000,NULL,NULL,NULL);
/*!40000 ALTER TABLE `detailexport` ENABLE KEYS */;
UNLOCK TABLES;

--
-- Table structure for table `detailimport`
--

DROP TABLE IF EXISTS `detailimport`;
/*!40101 SET @saved_cs_client     = @@character_set_client */;
/*!40101 SET character_set_client = utf8 */;
CREATE TABLE `detailimport` (
  `id` bigint(20) unsigned NOT NULL AUTO_INCREMENT,
  `provide_id` bigint(20) unsigned NOT NULL,
  `project_id` bigint(20) unsigned NOT NULL,
  `user_id` bigint(20) unsigned NOT NULL,
  `quotation_number` varchar(255) DEFAULT NULL,
  `represent_id` int(11) DEFAULT NULL,
  `reference_number` varchar(255) DEFAULT NULL,
  `price_effect` varchar(255) DEFAULT NULL,
  `status` int(11) NOT NULL,
  `status_receive` int(11) DEFAULT NULL,
  `status_reciept` int(11) DEFAULT NULL,
  `status_pay` int(11) DEFAULT NULL,
  `workspace_id` int(11) DEFAULT NULL,
  `provide_name` varchar(255) DEFAULT NULL,
  `represent_name` varchar(255) DEFAULT NULL,
  `status_debt` int(11) DEFAULT NULL,
  `created_at` timestamp NULL DEFAULT NULL,
  `updated_at` timestamp NULL DEFAULT NULL,
  `total_price` decimal(20,4) DEFAULT NULL,
  `total_tax` decimal(20,4) DEFAULT NULL,
  `discount` decimal(20,4) DEFAULT NULL,
  `transfer_fee` decimal(20,4) DEFAULT NULL,
  `terms_pay` varchar(255) DEFAULT NULL,
  PRIMARY KEY (`id`),
  KEY `detailimport_provide_id_foreign` (`provide_id`),
  KEY `detailimport_project_id_foreign` (`project_id`),
  KEY `detailimport_user_id_foreign` (`user_id`),
  CONSTRAINT `detailimport_project_id_foreign` FOREIGN KEY (`project_id`) REFERENCES `project` (`id`),
  CONSTRAINT `detailimport_provide_id_foreign` FOREIGN KEY (`provide_id`) REFERENCES `provides` (`id`),
  CONSTRAINT `detailimport_user_id_foreign` FOREIGN KEY (`user_id`) REFERENCES `users` (`id`)
) ENGINE=InnoDB AUTO_INCREMENT=108 DEFAULT CHARSET=utf8mb4 COLLATE=utf8mb4_unicode_ci;
/*!40101 SET character_set_client = @saved_cs_client */;

--
-- Dumping data for table `detailimport`
--

LOCK TABLES `detailimport` WRITE;
/*!40000 ALTER TABLE `detailimport` DISABLE KEYS */;
INSERT INTO `detailimport` VALUES (1,1,1,2,'00000007',NULL,'PO RN OLIU',NULL,2,2,2,2,2,'OLIU',NULL,NULL,'2024-01-07 17:00:00','2024-04-05 03:54:49',NULL,2700000.0000,NULL,NULL,NULL),(2,2,1,2,'00000475',NULL,'PO RN NGUYEN KIM',NULL,2,2,2,2,2,'NGUYEN KIM',NULL,NULL,'2024-01-02 17:00:00','2024-04-05 03:54:49',NULL,288000.0000,NULL,NULL,NULL),(3,3,1,2,'22',NULL,'HDMB RN NTEK\n1201/HĐMB/ RN- NTEK',NULL,2,2,2,2,2,'NTEK',NULL,NULL,'2024-01-16 17:00:00','2024-04-05 03:54:49',NULL,81479650.0000,NULL,NULL,NULL),(4,4,1,2,'00000097',NULL,'HDMB RN TECHORIZON\n04-27122023-RN-T.H',NULL,2,2,2,2,2,'TECHORIZON',NULL,NULL,'2024-01-14 17:00:00','2024-04-05 03:54:49',NULL,320978160.0000,NULL,NULL,NULL),(5,3,1,2,'16',NULL,'HDMB RN NTEK\n0401/HĐMB/ RN- NTEK',NULL,2,2,2,2,2,'NTEK',NULL,NULL,'2024-01-15 17:00:00','2024-04-05 03:54:49',NULL,64500000.0000,NULL,NULL,NULL),(6,20,1,2,'892',NULL,'HDMB RN ELITE\nSG192401112',NULL,2,2,2,2,2,'ELITE',NULL,NULL,'2024-01-16 17:00:00','2024-04-05 03:54:49',NULL,151312000.0000,NULL,NULL,NULL),(7,5,1,2,'00000722',NULL,'PO RN LE HUY',NULL,2,2,2,2,2,'LE HUY',NULL,NULL,'2024-01-09 17:00:00','2024-04-05 03:54:49',NULL,999999.8800,NULL,NULL,NULL),(8,6,1,2,'00001127',NULL,'PO RN SIEU TOC',NULL,2,2,2,2,2,'SIEU TOC',NULL,NULL,'2024-01-16 17:00:00','2024-04-05 03:54:49',NULL,550000.0000,NULL,NULL,NULL),(9,7,1,2,'00000038',NULL,'PO RN HONG QUANG',NULL,2,2,2,2,2,'HONG QUANG',NULL,NULL,'2024-01-24 17:00:00','2024-04-05 03:54:49',NULL,3520000.0000,NULL,NULL,NULL),(10,3,1,2,'929',NULL,'HDMB RN NTEK',NULL,2,2,2,2,2,'NTEK',NULL,NULL,'2023-12-24 17:00:00','2024-04-05 03:54:49',NULL,37400000.0000,NULL,NULL,NULL),(11,8,1,2,'1951',NULL,'PO RN NGUYEN PHONG',NULL,2,2,2,2,2,'NGUYEN PHONG',NULL,NULL,'2023-12-25 17:00:00','2024-04-05 03:54:49',NULL,3700004.0000,NULL,NULL,NULL),(12,9,1,2,NULL,NULL,'RINGNET',NULL,2,2,2,2,2,'RINGNET',NULL,NULL,'2024-04-03 17:00:00','2024-04-05 03:54:49',NULL,0.0000,NULL,NULL,NULL),(13,10,1,2,'1',NULL,'PO RN VIET TIEP',NULL,2,2,2,2,2,'VIET TIEP',NULL,NULL,'2024-01-11 17:00:00','2024-04-05 03:54:49',NULL,16500000.0000,NULL,NULL,NULL),(14,11,1,2,'0000237\n0000251',NULL,'PO RN QUANG LAM',NULL,2,2,2,2,2,'QUANG LAM',NULL,NULL,'2024-01-25 17:00:00','2024-04-05 03:54:49',NULL,6270000.0000,NULL,NULL,NULL),(15,11,1,2,'0000251',NULL,'PO RN QUANG LAM',NULL,2,2,2,2,2,'QUANG LAM',NULL,NULL,'2024-01-28 17:00:00','2024-04-05 03:54:49',NULL,880000.0000,NULL,NULL,NULL),(16,2,1,2,'00006540',NULL,'PO RN NGUYEN KIM',NULL,2,2,2,2,2,'NGUYEN KIM',NULL,NULL,'2024-02-18 17:00:00','2024-04-05 03:54:49',NULL,6679999.7000,NULL,NULL,NULL),(17,11,1,2,'00000251',NULL,'PO RN QUANG LAM',NULL,2,2,2,2,2,'QUANG LAM',NULL,NULL,'2024-01-28 17:00:00','2024-04-05 03:54:49',NULL,4136000.0000,NULL,NULL,NULL),(18,12,1,2,'00000608',NULL,'PO RN PHUONG VIET',NULL,2,2,2,2,2,'PHUONG VIET',NULL,NULL,'2024-01-23 17:00:00','2024-04-05 03:54:49',NULL,2805000.0000,NULL,NULL,NULL),(19,13,1,2,'00000464',NULL,'PO RN BASEUS',NULL,2,2,2,2,2,'BASEUS',NULL,NULL,'2024-02-01 17:00:00','2024-04-05 03:54:49',NULL,278999.6000,NULL,NULL,NULL),(20,9,1,2,NULL,NULL,'RINGNET',NULL,2,2,2,2,2,'RINGNET',NULL,NULL,'2024-04-03 17:00:00','2024-04-05 03:54:49',NULL,0.0000,NULL,NULL,NULL),(21,13,1,2,'00000463',NULL,'PO RN BASEUS',NULL,2,2,2,2,2,'BASEUS',NULL,NULL,'2024-02-01 17:00:00','2024-04-05 03:54:49',NULL,520920.0000,NULL,NULL,NULL),(22,14,1,2,'00000183',NULL,'PO RN GREENTECH',NULL,0,2,2,0,2,'GREENTECH',NULL,NULL,'2024-02-20 17:00:00','2024-04-05 03:54:49',NULL,3719999.8000,NULL,NULL,NULL),(23,15,1,2,'348960',NULL,'PO RN CAO PHONG\n( CHO LON)',NULL,2,2,2,2,2,'CAO PHONG',NULL,NULL,'2024-02-27 17:00:00','2024-04-05 03:54:49',NULL,13779999.2000,NULL,NULL,NULL),(24,4,1,2,'00000242',NULL,'HDMB RN TECHORIZON\n03-20122023-RN-T.H',NULL,2,2,2,2,2,'TECHORIZON',NULL,NULL,'2024-01-29 17:00:00','2024-04-05 03:54:49',NULL,239580000.0000,NULL,NULL,NULL),(25,16,1,2,'98',NULL,'HDMB RN VĂN KIỆT',NULL,2,2,2,2,2,'VĂN KIỆT',NULL,NULL,'2024-04-03 17:00:00','2024-04-05 03:54:49',NULL,124200000.0000,NULL,NULL,NULL),(26,17,1,2,'00000182',NULL,'PO RN VIEN THONG TAY',NULL,2,2,2,2,2,'VIEN THONG TAY',NULL,NULL,'2024-02-25 17:00:00','2024-04-05 03:54:49',NULL,2163700.0000,NULL,NULL,NULL),(27,12,1,2,'00001263',NULL,'PO RN PHUONG VIET',NULL,2,2,2,2,2,'PHUONG VIET',NULL,NULL,'2024-03-01 17:00:00','2024-04-05 03:54:49',NULL,15840000.0000,NULL,NULL,NULL),(28,18,1,2,'538',NULL,'PO RN SOECO ( SAO NAM AN)',NULL,2,2,2,2,2,'SAO NAM AN',NULL,NULL,'2024-02-25 17:00:00','2024-04-05 03:54:49',NULL,5060110.0000,NULL,NULL,NULL),(29,19,1,2,'00000047',NULL,'HDMB RN HỘI LỘC',NULL,2,2,2,2,2,'HỘI LỘC',NULL,NULL,'2024-03-04 17:00:00','2024-04-05 03:54:49',NULL,186450000.0000,NULL,NULL,NULL),(30,20,1,2,'3602',NULL,'HDMB RN ELITE SG1924022616',NULL,0,2,2,0,2,'ELITE',NULL,NULL,'2024-03-03 17:00:00','2024-04-05 03:54:49',NULL,92771000.0000,NULL,NULL,NULL),(31,9,1,2,NULL,NULL,'NHAN CONG',NULL,2,2,2,2,2,'RINGNET',NULL,NULL,'2024-04-03 17:00:00','2024-04-05 03:54:49',NULL,0.0000,NULL,NULL,NULL),(32,10,1,2,'2',NULL,'PO RN VIET TIEP',NULL,2,2,2,2,2,'VIET TIEP',NULL,NULL,'2024-03-11 17:00:00','2024-04-05 03:54:49',NULL,5720000.0000,NULL,NULL,NULL),(33,21,1,2,'00000123',NULL,'PO RN THAI PHONG',NULL,2,2,2,2,2,'THAI PHONG',NULL,NULL,'2024-03-04 17:00:00','2024-04-05 03:54:49',NULL,1980000.0000,NULL,NULL,NULL),(34,22,1,2,'00000092',NULL,'PO RN HA CUONG',NULL,0,2,2,0,2,'HA CUONG',NULL,NULL,'2024-03-10 17:00:00','2024-04-05 03:54:49',NULL,13200000.0000,NULL,NULL,NULL),(35,23,1,2,'00000439',NULL,'LAM PHU GIA',NULL,0,2,2,0,2,'LAM PHU GIA',NULL,NULL,'2024-03-19 17:00:00','2024-04-05 03:54:49',NULL,1296000.0000,NULL,NULL,NULL),(36,5,1,2,'00004160',NULL,'PO RN LE HUY',NULL,2,2,2,2,2,'LE HUY',NULL,NULL,'2024-03-04 17:00:00','2024-04-05 03:54:49',NULL,749999.9100,NULL,NULL,NULL),(37,24,1,2,'1907',NULL,'PO RN TAN NIEM TIN',NULL,0,2,2,0,2,'TAN NIEM TIN',NULL,NULL,'2024-03-03 17:00:00','2024-04-05 03:54:49',NULL,2068000.0000,NULL,NULL,NULL),(38,17,1,2,'00000214',NULL,'PO RN VIEN THONG TAY',NULL,2,2,2,2,2,'VIEN THONG TAY',NULL,NULL,'2024-03-04 17:00:00','2024-04-05 03:54:49',NULL,1425000.5000,NULL,NULL,NULL),(39,25,1,2,'63',NULL,'PO RN MUC IN HUY THUAN',NULL,2,2,2,2,2,'MỰC IN HUY THUẬN',NULL,NULL,'2024-03-04 17:00:00','2024-04-05 03:54:49',NULL,1499999.6000,NULL,NULL,NULL),(40,2,1,2,'00009831',NULL,'PO RN NGUYEN KIM',NULL,2,2,2,2,2,'NGUYEN KIM',NULL,NULL,'2024-03-04 17:00:00','2024-04-05 03:54:49',NULL,2200000.0000,NULL,NULL,NULL),(41,26,1,2,'00000007',NULL,'PO RN O',NULL,2,2,2,2,8,'Nhà cung cấp 1',NULL,NULL,'2024-01-07 17:00:00','2024-04-10 18:59:56',NULL,2700000.0000,NULL,NULL,NULL),(42,27,1,2,'00000475',NULL,'PO RN N',NULL,2,2,2,2,8,'Nhà cung cấp 2',NULL,NULL,'2024-01-02 17:00:00','2024-04-10 18:59:56',NULL,288000.0000,NULL,NULL,NULL),(43,28,1,2,'22',NULL,'HDMB RN',NULL,2,2,2,2,8,'Nhà cung cấp 3',NULL,NULL,'2024-01-16 17:00:00','2024-04-10 18:59:56',NULL,81479650.0000,NULL,NULL,NULL),(44,29,1,2,'00000097',NULL,'HDMB',NULL,2,2,2,2,8,'Nhà cung cấp 4',NULL,NULL,'2024-01-14 17:00:00','2024-04-10 18:59:56',NULL,320978160.0000,NULL,NULL,NULL),(45,28,1,2,'16',NULL,'HDMB RN',NULL,2,2,2,2,8,'Nhà cung cấp 3',NULL,NULL,'2024-01-15 17:00:00','2024-04-10 18:59:56',NULL,64500000.0000,NULL,NULL,NULL),(46,45,1,2,'892',NULL,'HDMB RN',NULL,2,2,2,2,8,'Nhà cung cấp 20',NULL,NULL,'2024-01-16 17:00:00','2024-04-10 18:59:56',NULL,151312000.0000,NULL,NULL,NULL),(47,30,1,2,'00000722',NULL,'PO RN',NULL,2,2,2,2,8,'Nhà cung cấp 5',NULL,NULL,'2024-01-09 17:00:00','2024-04-10 18:59:56',NULL,999999.8800,NULL,NULL,NULL),(48,31,1,2,'00001127',NULL,'PO RN',NULL,2,2,2,2,8,'Nhà cung cấp 6',NULL,NULL,'2024-01-16 17:00:00','2024-04-10 18:59:56',NULL,550000.0000,NULL,NULL,NULL),(49,32,1,2,'00000038',NULL,'PO RN',NULL,2,2,2,2,8,'Nhà cung cấp 7',NULL,NULL,'2024-01-24 17:00:00','2024-04-10 18:59:56',NULL,3520000.0000,NULL,NULL,NULL),(50,28,1,2,'929',NULL,'HDMB RN',NULL,2,2,2,2,8,'Nhà cung cấp 3',NULL,NULL,'2023-12-24 17:00:00','2024-04-10 18:59:56',NULL,37400000.0000,NULL,NULL,NULL),(51,33,1,2,'1951',NULL,'PO RN',NULL,2,2,2,2,8,'Nhà cung cấp 8',NULL,NULL,'2023-12-25 17:00:00','2024-04-10 18:59:56',NULL,3700004.0000,NULL,NULL,NULL),(52,34,1,2,NULL,NULL,'RINGNET',NULL,2,2,2,2,8,'Nhà cung cấp 9',NULL,NULL,'2024-04-03 17:00:00','2024-04-10 18:59:56',NULL,0.0000,NULL,NULL,NULL),(53,35,1,2,'1',NULL,'PO RN',NULL,2,2,2,2,8,'Nhà cung cấp 10',NULL,NULL,'2024-01-11 17:00:00','2024-04-10 18:59:56',NULL,16500000.0000,NULL,NULL,NULL),(54,36,1,2,'0000237\n0000251',NULL,'PO RN',NULL,2,2,2,2,8,'Nhà cung cấp 11',NULL,NULL,'2024-01-25 17:00:00','2024-04-10 18:59:56',NULL,6270000.0000,NULL,NULL,NULL),(55,36,1,2,'0000251',NULL,'PO RN QU',NULL,2,2,2,2,8,'Nhà cung cấp 2',NULL,NULL,'2024-01-28 17:00:00','2024-04-10 18:59:56',NULL,880000.0000,NULL,NULL,NULL),(56,27,1,2,'00006540',NULL,'PO RN NG',NULL,2,2,2,2,8,'Nhà cung cấp 11',NULL,NULL,'2024-02-18 17:00:00','2024-04-10 18:59:56',NULL,6679999.7000,NULL,NULL,NULL),(57,36,1,2,'00000251',NULL,'PO RN Q',NULL,2,2,2,2,8,'Nhà cung cấp 12',NULL,NULL,'2024-01-28 17:00:00','2024-04-10 18:59:56',NULL,4136000.0000,NULL,NULL,NULL),(58,37,1,2,'00000608',NULL,'PO RN PH',NULL,2,2,2,2,8,'Nhà cung cấp 13',NULL,NULL,'2024-01-23 17:00:00','2024-04-10 18:59:56',NULL,2805000.0000,NULL,NULL,NULL),(59,38,1,2,'00000464',NULL,'PO RN',NULL,2,2,2,2,8,'Nhà cung cấp 9',NULL,NULL,'2024-02-01 17:00:00','2024-04-10 18:59:56',NULL,278999.6000,NULL,NULL,NULL),(60,34,1,2,NULL,NULL,'RINGNET',NULL,2,2,2,2,8,'Nhà cung cấp 13',NULL,NULL,'2024-04-03 17:00:00','2024-04-10 18:59:56',NULL,0.0000,NULL,NULL,NULL),(61,38,1,2,'00000463',NULL,'PO RN',NULL,2,2,2,2,8,'Nhà cung cấp 14',NULL,NULL,'2024-02-01 17:00:00','2024-04-10 18:59:56',NULL,520920.0000,NULL,NULL,NULL),(62,39,1,2,'00000183',NULL,'PO RN GREENTECH',NULL,0,2,2,0,8,'Nhà cung cấp 15',NULL,NULL,'2024-02-20 17:00:00','2024-04-10 18:59:56',NULL,3719999.8000,NULL,NULL,NULL),(63,40,1,2,'348960',NULL,'PO RN',NULL,2,2,2,2,8,'Nhà cung cấp 4',NULL,NULL,'2024-02-27 17:00:00','2024-04-10 18:59:56',NULL,13779999.2000,NULL,NULL,NULL),(64,29,1,2,'00000242',NULL,'HDMB RN',NULL,2,2,2,2,8,'Nhà cung cấp 16',NULL,NULL,'2024-01-29 17:00:00','2024-04-10 18:59:56',NULL,239580000.0000,NULL,NULL,NULL),(65,41,1,2,'98',NULL,'HDMB RN',NULL,2,2,2,2,8,'Nhà cung cấp 17',NULL,NULL,'2024-04-03 17:00:00','2024-04-10 18:59:56',NULL,124200000.0000,NULL,NULL,NULL),(66,42,1,2,'00000182',NULL,'PO RN',NULL,2,2,2,2,8,'Nhà cung cấp 12',NULL,NULL,'2024-02-25 17:00:00','2024-04-10 18:59:56',NULL,2163700.0000,NULL,NULL,NULL),(67,37,1,2,'00001263',NULL,'PO R',NULL,2,2,2,2,8,'Nhà cung cấp 18',NULL,NULL,'2024-03-01 17:00:00','2024-04-10 18:59:56',NULL,15840000.0000,NULL,NULL,NULL),(68,43,1,2,'538',NULL,'PO RN',NULL,2,2,2,2,8,'Nhà cung cấp 19',NULL,NULL,'2024-02-25 17:00:00','2024-04-10 18:59:56',NULL,5060110.0000,NULL,NULL,NULL),(69,44,1,2,'00000047',NULL,'HDMB R',NULL,2,2,2,2,8,'Nhà cung cấp 19',NULL,NULL,'2024-03-04 17:00:00','2024-04-10 18:59:56',NULL,186450000.0000,NULL,NULL,NULL),(70,45,1,2,'3602',NULL,'HDMB RN ELITE SG1924022616',NULL,0,2,2,0,8,'Nhà cung cấp 20',NULL,NULL,'2024-03-03 17:00:00','2024-04-10 18:59:56',NULL,92771000.0000,NULL,NULL,NULL),(71,34,1,2,NULL,NULL,'NHAN CONG',NULL,2,2,2,2,8,'Nhà cung cấp 9',NULL,NULL,'2024-04-03 17:00:00','2024-04-10 18:59:56',NULL,0.0000,NULL,NULL,NULL),(72,35,1,2,'2',NULL,'PO RN',NULL,2,2,2,2,8,'Nhà cung cấp 10',NULL,NULL,'2024-03-11 17:00:00','2024-04-10 18:59:56',NULL,5720000.0000,NULL,NULL,NULL),(73,46,1,2,'00000123',NULL,'PO RN',NULL,2,2,2,2,8,'Nhà cung cấp 21',NULL,NULL,'2024-03-04 17:00:00','2024-04-10 18:59:56',NULL,1980000.0000,NULL,NULL,NULL),(74,47,1,2,'00000092',NULL,'PO RN HA CUONG',NULL,0,2,2,0,8,'Nhà cung cấp 22',NULL,NULL,'2024-03-10 17:00:00','2024-04-10 18:59:56',NULL,13200000.0000,NULL,NULL,NULL),(75,48,1,2,'00000439',NULL,'LAM PHU GIA',NULL,0,2,2,0,8,'Nhà cung cấp 23',NULL,NULL,'2024-03-19 17:00:00','2024-04-10 18:59:56',NULL,1296000.0000,NULL,NULL,NULL),(76,30,1,2,'00004160',NULL,'PO RN',NULL,2,2,2,2,8,'Nhà cung cấp 5',NULL,NULL,'2024-03-04 17:00:00','2024-04-10 18:59:56',NULL,749999.9100,NULL,NULL,NULL),(77,49,1,2,'1907',NULL,'PO RN TAN NIEM TIN',NULL,0,2,2,0,8,'Nhà cung cấp 24',NULL,NULL,'2024-03-03 17:00:00','2024-04-10 18:59:56',NULL,2068000.0000,NULL,NULL,NULL),(78,42,1,2,'00000214',NULL,'PO RN',NULL,2,2,2,2,8,'Nhà cung cấp 17',NULL,NULL,'2024-03-04 17:00:00','2024-04-10 18:59:56',NULL,1425000.5000,NULL,NULL,NULL),(79,50,1,2,'63',NULL,'PO RN',NULL,2,2,2,2,8,'Nhà cung cấp 25',NULL,NULL,'2024-03-04 17:00:00','2024-04-10 18:59:56',NULL,1499999.6000,NULL,NULL,NULL),(80,27,1,2,'00009831',NULL,'PO RN',NULL,2,2,2,2,8,'Nhà cung cấp 2',NULL,NULL,'2024-03-04 17:00:00','2024-04-10 18:59:56',NULL,2200000.0000,NULL,NULL,NULL),(81,26,1,5,'11042024/RN--01',NULL,NULL,NULL,2,2,0,0,8,'Nhà cung cấp 1','',1,'2024-04-10 17:00:00','2024-04-11 02:38:27',10000000.0000,11000000.0000,0.0000,0.0000,NULL),(83,26,1,5,'24042024/RN--01',NULL,NULL,NULL,2,2,0,0,8,'Nhà cung cấp 1','',1,'2024-04-23 17:00:00','2024-04-24 11:40:00',6000000.0000,6600000.0000,0.0000,0.0000,NULL),(84,26,1,5,'24042024/RN--02',NULL,NULL,NULL,2,2,0,0,8,'Nhà cung cấp 1','',1,'2024-04-23 17:00:00','2024-04-24 11:43:16',1500000.0000,1650000.0000,0.0000,0.0000,NULL),(85,26,1,5,'24042024/RN--03',NULL,NULL,NULL,2,2,0,0,8,'Nhà cung cấp 1','',1,'2024-04-23 17:00:00',NULL,4500000.0000,4950000.0000,0.0000,0.0000,NULL),(87,51,1,5,'14052024/RN-NCC-01',NULL,NULL,NULL,2,2,2,2,5,'NCC 01','',1,'2024-05-13 17:00:00',NULL,10000000.0000,11000000.0000,0.0000,0.0000,NULL),(89,52,1,9,'17052024/RN-N-01',NULL,NULL,NULL,0,2,2,3,9,'Nhà cung cấp 1','',1,'2024-05-16 17:00:00',NULL,25000000.0000,27100000.0000,0.0000,0.0000,NULL),(90,52,1,9,'18052024/RN-N-01',NULL,NULL,NULL,0,2,2,3,9,'Nhà cung cấp 1','',1,'2024-05-17 17:00:00',NULL,8000000.0000,8680000.0000,0.0000,0.0000,NULL),(91,53,1,20,'18052024/RN-NCC01-01',NULL,NULL,NULL,2,2,2,2,20,'Nhà cung cấp 01','',1,'2024-05-17 17:00:00',NULL,12000000.0000,13200000.0000,0.0000,0.0000,NULL),(92,54,1,20,'18052024/RN-NCC02-01',NULL,NULL,NULL,2,2,2,2,20,'Nhà cung cấp 02','',1,'2024-05-17 17:00:00',NULL,6500000.0000,7150000.0000,0.0000,0.0000,NULL),(93,55,1,20,'18052024/RN-NCC03-01',NULL,NULL,NULL,2,2,2,2,20,'Nhà cung cấp 03','',1,'2024-05-17 17:00:00',NULL,15400000.0000,16940000.0000,0.0000,0.0000,NULL),(94,56,1,20,'18052024/RN-NCC04-01',NULL,NULL,NULL,2,2,2,2,20,'Nhà cung cấp 04','',1,'2024-05-17 17:00:00',NULL,17000000.0000,18700000.0000,0.0000,0.0000,NULL),(95,57,1,20,'18052024/RN-NCC05-01',NULL,NULL,NULL,2,2,2,2,20,'Nhà cung cấp 05','',1,'2024-05-17 17:00:00',NULL,10000000.0000,11000000.0000,0.0000,0.0000,NULL),(96,57,1,20,'18052024/RN-NCC05-02',NULL,NULL,NULL,2,2,2,2,20,'Nhà cung cấp 05','',1,'2024-05-17 17:00:00',NULL,33000000.0000,36300000.0000,0.0000,0.0000,NULL),(97,53,1,20,'18052024/RN-NCC01-02',NULL,NULL,NULL,0,2,0,2,20,'Nhà cung cấp 01','',1,'2024-05-17 17:00:00',NULL,27000000.0000,29700000.0000,0.0000,0.0000,NULL),(98,53,1,20,'18052024/RN-NCC01-03',NULL,NULL,NULL,0,0,0,2,20,'Nhà cung cấp 01','',1,'2024-05-17 17:00:00','2024-05-18 14:28:29',4800000.0000,5280000.0000,0.0000,0.0000,NULL),(99,58,1,11,'20052024/RN-PV-01',NULL,NULL,'1`2h3ikh',0,2,0,2,11,'Phong Vương','',1,'2024-05-19 17:00:00',NULL,400000.0000,440000.0000,0.0000,0.0000,'1h24knkm'),(100,59,1,11,'20052024/RN-PV1-01',NULL,'1452701','1`2h3ikh',0,2,0,1,11,'Phong Vũ','',1,'2024-05-19 17:00:00',NULL,800000.0000,864000.0000,0.0000,0.0000,'1h24knkm'),(101,59,1,11,'20052024/RN-PV1-02',NULL,NULL,NULL,0,2,0,1,11,'Phong Vũ','',1,'2024-05-19 17:00:00',NULL,400000.0000,432000.0000,0.0000,0.0000,NULL),(102,58,1,11,'20052024/RN-PV-02',NULL,NULL,NULL,0,2,0,1,11,'Phong Vương','',1,'2024-05-19 17:00:00',NULL,200000.0000,216000.0000,0.0000,0.0000,NULL),(103,60,1,22,'20052024/RN-RINGNET-01',NULL,NULL,NULL,0,0,0,1,22,'RINGNET','',1,'2024-05-19 17:00:00','2024-05-20 07:52:03',2900000.0000,3190000.0000,0.0000,0.0000,NULL),(104,61,1,22,'20052024/RN-GT-01',NULL,NULL,NULL,1,0,3,0,22,'GreenTech','',1,'2024-05-19 17:00:00','2024-05-20 07:57:02',10000000.0000,11000000.0000,0.0000,0.0000,NULL),(105,62,1,22,'20052024/RN-ANANAS-01',NULL,NULL,NULL,0,2,0,0,22,'ANANAS','',1,'2024-05-19 17:00:00','2024-05-20 07:56:45',8750000.0000,8750000.0000,0.0000,0.0000,NULL),(106,58,1,11,'20052024/RN-PV-03',NULL,NULL,NULL,0,2,0,0,11,'Phong Vương','',1,'2024-05-19 17:00:00',NULL,100000.0000,108000.0000,0.0000,0.0000,NULL),(107,59,1,11,'20052024/RN-PV1-03',NULL,NULL,NULL,0,2,0,0,11,'Phong Vũ','',1,'2024-05-19 17:00:00',NULL,200000.0000,216000.0000,0.0000,0.0000,NULL);
/*!40000 ALTER TABLE `detailimport` ENABLE KEYS */;
UNLOCK TABLES;

--
-- Table structure for table `failed_jobs`
--

DROP TABLE IF EXISTS `failed_jobs`;
/*!40101 SET @saved_cs_client     = @@character_set_client */;
/*!40101 SET character_set_client = utf8 */;
CREATE TABLE `failed_jobs` (
  `id` bigint(20) unsigned NOT NULL AUTO_INCREMENT,
  `uuid` varchar(255) NOT NULL,
  `connection` text NOT NULL,
  `queue` text NOT NULL,
  `payload` longtext NOT NULL,
  `exception` longtext NOT NULL,
  `failed_at` timestamp NOT NULL DEFAULT current_timestamp(),
  PRIMARY KEY (`id`),
  UNIQUE KEY `failed_jobs_uuid_unique` (`uuid`)
) ENGINE=InnoDB DEFAULT CHARSET=utf8mb4 COLLATE=utf8mb4_unicode_ci;
/*!40101 SET character_set_client = @saved_cs_client */;

--
-- Dumping data for table `failed_jobs`
--

LOCK TABLES `failed_jobs` WRITE;
/*!40000 ALTER TABLE `failed_jobs` DISABLE KEYS */;
/*!40000 ALTER TABLE `failed_jobs` ENABLE KEYS */;
UNLOCK TABLES;

--
-- Table structure for table `groups`
--

DROP TABLE IF EXISTS `groups`;
/*!40101 SET @saved_cs_client     = @@character_set_client */;
/*!40101 SET character_set_client = utf8 */;
CREATE TABLE `groups` (
  `id` bigint(20) unsigned NOT NULL AUTO_INCREMENT,
  `name` varchar(255) NOT NULL,
  `description` text DEFAULT NULL,
  `workspace_id` int(11) DEFAULT NULL,
  `created_at` timestamp NULL DEFAULT NULL,
  `updated_at` timestamp NULL DEFAULT NULL,
  PRIMARY KEY (`id`)
) ENGINE=InnoDB DEFAULT CHARSET=utf8mb4 COLLATE=utf8mb4_unicode_ci;
/*!40101 SET character_set_client = @saved_cs_client */;

--
-- Dumping data for table `groups`
--

LOCK TABLES `groups` WRITE;
/*!40000 ALTER TABLE `groups` DISABLE KEYS */;
/*!40000 ALTER TABLE `groups` ENABLE KEYS */;
UNLOCK TABLES;

--
-- Table structure for table `guest`
--

DROP TABLE IF EXISTS `guest`;
/*!40101 SET @saved_cs_client     = @@character_set_client */;
/*!40101 SET character_set_client = utf8 */;
CREATE TABLE `guest` (
  `id` bigint(20) unsigned NOT NULL AUTO_INCREMENT,
  `guest_name_display` varchar(255) NOT NULL,
  `key` varchar(255) DEFAULT NULL,
  `guest_name` varchar(255) DEFAULT NULL,
  `guest_address` varchar(255) NOT NULL,
  `guest_code` varchar(255) NOT NULL,
  `guest_email` varchar(255) DEFAULT NULL,
  `guest_phone` varchar(255) DEFAULT NULL,
  `guest_receiver` varchar(255) DEFAULT NULL,
  `guest_email_personal` varchar(255) DEFAULT NULL,
  `guest_phone_receiver` varchar(255) DEFAULT NULL,
  `guest_debt` decimal(20,4) NOT NULL DEFAULT 0.0000,
  `guest_note` varchar(255) DEFAULT NULL,
  `workspace_id` int(11) DEFAULT NULL,
  `user_id` int(11) DEFAULT NULL,
  `created_at` timestamp NULL DEFAULT NULL,
  `updated_at` timestamp NULL DEFAULT NULL,
  PRIMARY KEY (`id`)
) ENGINE=InnoDB AUTO_INCREMENT=37 DEFAULT CHARSET=utf8mb4 COLLATE=utf8mb4_unicode_ci;
/*!40101 SET character_set_client = @saved_cs_client */;

--
-- Dumping data for table `guest`
--

LOCK TABLES `guest` WRITE;
/*!40000 ALTER TABLE `guest` DISABLE KEYS */;
INSERT INTO `guest` VALUES (1,'OUTSPAN',NULL,'OUTSPAN','','',NULL,NULL,NULL,NULL,NULL,111991880.0000,NULL,2,NULL,'2024-04-05 03:06:01','2024-04-05 03:06:01'),(2,'OLAM',NULL,'OLAM','','',NULL,NULL,NULL,NULL,NULL,0.0000,NULL,2,NULL,'2024-04-05 03:06:01','2024-04-05 03:06:01'),(3,'CCIPY',NULL,'CCIPY','','',NULL,NULL,NULL,NULL,NULL,0.0000,NULL,2,NULL,'2024-04-05 03:06:01','2024-04-05 03:06:01'),(4,'TECS',NULL,'TECS','','',NULL,NULL,NULL,NULL,NULL,996600000.6000,NULL,2,NULL,'2024-04-05 03:06:01','2024-04-05 03:06:01'),(5,'CK HANOI',NULL,'CK HANOI','','',NULL,NULL,NULL,NULL,NULL,0.0000,NULL,2,NULL,'2024-04-05 03:06:01','2024-04-05 03:06:01'),(6,'RKW',NULL,'RKW','','',NULL,NULL,NULL,NULL,NULL,0.0000,NULL,2,NULL,'2024-04-05 03:06:01','2024-04-05 03:06:01'),(7,'CK HCM',NULL,'CK HCM','','',NULL,NULL,NULL,NULL,NULL,1022532000.0000,NULL,2,NULL,'2024-04-05 03:06:01','2024-04-05 03:06:01'),(8,'CONG DOAN TTPT PHAN MEM',NULL,'CONG DOAN TTPT PHAN MEM','','',NULL,NULL,NULL,NULL,NULL,0.0000,NULL,2,NULL,'2024-04-05 03:06:01','2024-04-05 03:06:01'),(10,'PVEP',NULL,'PVEP','','',NULL,NULL,NULL,NULL,NULL,591250000.0000,NULL,2,NULL,'2024-04-05 03:06:01','2024-04-05 03:06:01'),(11,'OLAM KCX',NULL,'OLAM KCX','','',NULL,NULL,NULL,NULL,NULL,66320000.0000,NULL,2,NULL,'2024-04-05 03:06:01','2024-04-05 03:06:01'),(12,'Khách hàng 1',NULL,'Khách hàng 1','','',NULL,NULL,NULL,NULL,NULL,55995940.0000,NULL,8,NULL,'2024-04-10 18:16:34','2024-04-10 18:16:34'),(13,'Khách hàng 2',NULL,'Khách hàng 2','','',NULL,NULL,NULL,NULL,NULL,0.0000,NULL,8,NULL,'2024-04-10 18:16:34','2024-04-10 18:16:34'),(14,'Khách hàng 3',NULL,'Khách hàng 3','','',NULL,NULL,NULL,NULL,NULL,0.0000,NULL,8,NULL,'2024-04-10 18:16:34','2024-04-10 18:16:34'),(15,'Khách hàng 4',NULL,'Khách hàng 4','','',NULL,NULL,NULL,NULL,NULL,498300000.3000,NULL,8,NULL,'2024-04-10 18:16:34','2024-04-10 18:16:34'),(16,'Khách hàng 5',NULL,'Khách hàng 5','','',NULL,NULL,NULL,NULL,NULL,0.0000,NULL,8,NULL,'2024-04-10 18:16:34','2024-04-10 18:16:34'),(17,'Khách hàng 6',NULL,'Khách hàng 6','','',NULL,NULL,NULL,NULL,NULL,0.0000,NULL,8,NULL,'2024-04-10 18:16:34','2024-04-10 18:16:34'),(18,'Khách hàng 7',NULL,'Khách hàng 7','','',NULL,NULL,NULL,NULL,NULL,511266000.0000,NULL,8,NULL,'2024-04-10 18:16:34','2024-04-10 18:16:34'),(19,'Khách hàng 8',NULL,'Khách hàng 8','','',NULL,NULL,NULL,NULL,NULL,0.0000,NULL,8,NULL,'2024-04-10 18:16:34','2024-04-10 18:16:34'),(20,'Khách hàng 9',NULL,'Khách hàng 9','','',NULL,NULL,NULL,NULL,NULL,0.0000,NULL,8,NULL,'2024-04-10 18:16:34','2024-04-10 18:16:34'),(21,'Khách hàng 10',NULL,'Khách hàng 10','','',NULL,NULL,NULL,NULL,NULL,295625000.0000,NULL,8,NULL,'2024-04-10 18:16:34','2024-04-10 18:16:34'),(22,'Khách hàng 11',NULL,'Khách hàng 11','','',NULL,NULL,NULL,NULL,NULL,33160000.0000,NULL,8,NULL,'2024-04-10 18:16:34','2024-04-10 18:16:34'),(23,'ABC','ABC','Công ty TNHH ABC','335 HHT tỉnh LA','123456789','hoai@abc.com','0856749123','335 HHT tỉnh LA',NULL,NULL,0.0000,NULL,16,16,'2024-05-02 02:38:19','2024-05-02 02:38:19'),(24,'Ringnet','R',NULL,'4214','0123123',NULL,NULL,NULL,NULL,NULL,0.0000,NULL,2,2,'2024-05-04 02:42:39','2024-05-04 02:42:39'),(25,'1','1','1','1','1','1','1',NULL,NULL,NULL,0.0000,NULL,19,19,'2024-05-06 07:10:55','2024-05-06 07:10:55'),(26,'Khách HCM','KHCM',NULL,'34 HCM','120481294182409',NULL,NULL,NULL,NULL,NULL,0.0000,NULL,5,5,'2024-05-14 02:28:19','2024-05-14 02:28:19'),(27,'KH01','KH',NULL,'45/2 Lê Văn Huân','1234',NULL,NULL,NULL,NULL,NULL,0.0000,NULL,9,9,'2024-05-17 14:51:04','2024-05-17 14:51:04'),(28,'Khách hàng 01','KH01',NULL,'Long An','032154657989',NULL,NULL,NULL,NULL,NULL,0.0000,NULL,20,20,NULL,NULL),(29,'Khách hàng 02','KH02',NULL,'Hà Nội','032154657123',NULL,NULL,NULL,NULL,NULL,0.0000,NULL,20,20,NULL,NULL),(30,'Khách hàng 03','KH03',NULL,'Điện Biên','032154657414',NULL,NULL,NULL,NULL,NULL,0.0000,NULL,20,20,NULL,NULL),(31,'Khách hàng 04','KH04',NULL,'Tân Uyên','032154657955',NULL,NULL,NULL,NULL,NULL,0.0000,NULL,20,20,NULL,NULL),(32,'Khách hàng 05','KH05',NULL,'Nha Trang','032154654823',NULL,NULL,NULL,NULL,NULL,0.0000,NULL,20,20,NULL,NULL),(33,'ggg','G',NULL,'44','4',NULL,NULL,NULL,NULL,NULL,0.0000,NULL,4,4,'2024-05-18 13:38:28','2024-05-18 13:38:28'),(34,'Olam','O',NULL,'1234hcax','12377',NULL,NULL,NULL,NULL,NULL,0.0000,NULL,11,11,'2024-05-20 03:49:15','2024-05-20 03:49:15'),(35,'Outspan','O1',NULL,'12nkl','1231',NULL,NULL,NULL,NULL,NULL,0.0000,NULL,11,11,'2024-05-20 04:18:01','2024-05-20 04:18:01'),(36,'Olam 2','O2',NULL,'123 qsd','123555',NULL,NULL,NULL,NULL,NULL,0.0000,NULL,11,11,'2024-05-20 10:40:14','2024-05-20 10:40:14');
/*!40000 ALTER TABLE `guest` ENABLE KEYS */;
UNLOCK TABLES;

--
-- Table structure for table `guest_dateform`
--

DROP TABLE IF EXISTS `guest_dateform`;
/*!40101 SET @saved_cs_client     = @@character_set_client */;
/*!40101 SET character_set_client = utf8 */;
CREATE TABLE `guest_dateform` (
  `id` bigint(20) unsigned NOT NULL AUTO_INCREMENT,
  `form_field` varchar(255) DEFAULT NULL,
  `guest_id` bigint(20) unsigned DEFAULT NULL,
  `date_form_id` bigint(20) unsigned DEFAULT NULL,
  `workspace_id` int(11) DEFAULT NULL,
  `created_at` timestamp NULL DEFAULT NULL,
  `updated_at` timestamp NULL DEFAULT NULL,
  PRIMARY KEY (`id`)
) ENGINE=InnoDB AUTO_INCREMENT=28 DEFAULT CHARSET=utf8mb4 COLLATE=utf8mb4_unicode_ci;
/*!40101 SET character_set_client = @saved_cs_client */;

--
-- Dumping data for table `guest_dateform`
--

LOCK TABLES `guest_dateform` WRITE;
/*!40000 ALTER TABLE `guest_dateform` DISABLE KEYS */;
INSERT INTO `guest_dateform` VALUES (1,NULL,12,NULL,2,'2024-04-07 17:48:21','2024-04-07 17:48:21'),(2,NULL,22,NULL,8,'2024-04-11 02:37:11','2024-04-11 02:37:11'),(3,NULL,11,NULL,2,'2024-04-15 04:19:55','2024-04-15 04:19:55'),(4,'quote',22,1,8,'2024-04-24 11:05:13','2024-04-24 11:05:13'),(5,'payment',22,2,8,'2024-04-24 11:05:13','2024-04-24 11:05:13'),(6,'quote',23,3,16,'2024-05-02 02:59:19','2024-05-02 02:59:19'),(7,'payment',23,4,16,'2024-05-02 02:59:19','2024-05-02 02:59:19'),(8,'goods',23,5,16,'2024-05-02 02:59:19','2024-05-02 02:59:19'),(9,'delivery',23,7,16,'2024-05-02 02:59:19','2024-05-02 02:59:19'),(10,'location',23,6,16,'2024-05-02 02:59:19','2024-05-02 02:59:19'),(11,NULL,24,NULL,2,'2024-05-04 02:42:42','2024-05-04 02:42:42'),(12,NULL,25,NULL,19,'2024-05-06 07:11:05','2024-05-06 07:11:05'),(13,'quote',26,8,5,'2024-05-14 02:35:01','2024-05-14 02:35:01'),(14,'payment',26,9,5,'2024-05-14 02:35:01','2024-05-14 02:35:01'),(15,'goods',26,10,5,'2024-05-14 02:35:01','2024-05-14 02:35:01'),(16,'delivery',26,11,5,'2024-05-14 02:35:01','2024-05-14 02:35:01'),(17,'location',26,12,5,'2024-05-14 02:35:01','2024-05-14 02:35:01'),(18,NULL,27,NULL,9,'2024-05-17 14:51:29','2024-05-17 14:51:29'),(19,NULL,28,NULL,20,'2024-05-18 11:35:41','2024-05-18 11:35:41'),(20,NULL,29,NULL,20,'2024-05-18 11:36:07','2024-05-18 11:36:07'),(21,NULL,30,NULL,20,'2024-05-18 11:36:26','2024-05-18 11:36:26'),(22,NULL,31,NULL,20,'2024-05-18 11:36:47','2024-05-18 11:36:47'),(23,NULL,32,NULL,20,'2024-05-18 11:37:36','2024-05-18 11:37:36'),(24,NULL,33,NULL,4,'2024-05-18 13:38:38','2024-05-18 13:38:38'),(25,NULL,34,NULL,11,'2024-05-20 03:49:35','2024-05-20 03:49:35'),(26,NULL,35,NULL,11,'2024-05-20 04:18:09','2024-05-20 04:18:09'),(27,NULL,36,NULL,11,'2024-05-20 10:40:40','2024-05-20 10:40:40');
/*!40000 ALTER TABLE `guest_dateform` ENABLE KEYS */;
UNLOCK TABLES;

--
-- Table structure for table `history`
--

DROP TABLE IF EXISTS `history`;
/*!40101 SET @saved_cs_client     = @@character_set_client */;
/*!40101 SET character_set_client = utf8 */;
CREATE TABLE `history` (
  `id` bigint(20) unsigned NOT NULL AUTO_INCREMENT,
  `delivery_id` int(11) DEFAULT NULL,
  `product_id` int(11) DEFAULT NULL,
  `detailexport_id` bigint(20) unsigned DEFAULT NULL,
  `delivered_id` bigint(20) unsigned DEFAULT NULL,
  `provide_id` bigint(20) unsigned DEFAULT NULL,
  `qty_export` varchar(255) DEFAULT NULL,
  `hdr` varchar(255) DEFAULT NULL,
  `hdv` varchar(255) DEFAULT NULL,
  `detailimport_id` bigint(20) unsigned DEFAULT NULL,
  `history_import` bigint(20) unsigned DEFAULT NULL,
  `tax_import` decimal(20,4) DEFAULT NULL,
  `price_import` decimal(20,4) DEFAULT NULL,
  `total_import` decimal(20,4) DEFAULT NULL,
  `workspace_id` bigint(20) unsigned NOT NULL,
  `user_id` int(11) DEFAULT NULL,
  `created_at` timestamp NULL DEFAULT NULL,
  `updated_at` timestamp NULL DEFAULT NULL,
  `VAT` decimal(20,4) DEFAULT NULL,
  PRIMARY KEY (`id`),
  KEY `history_workspace_id_foreign` (`workspace_id`),
  CONSTRAINT `history_workspace_id_foreign` FOREIGN KEY (`workspace_id`) REFERENCES `workspaces` (`id`)
) ENGINE=InnoDB AUTO_INCREMENT=156 DEFAULT CHARSET=utf8mb4 COLLATE=utf8mb4_unicode_ci;
/*!40101 SET character_set_client = @saved_cs_client */;

--
-- Dumping data for table `history`
--

LOCK TABLES `history` WRITE;
/*!40000 ALTER TABLE `history` DISABLE KEYS */;
INSERT INTO `history` VALUES (1,1,1,1,1,1,NULL,'00000001','00000007',1,1,8.0000,2500000.0000,2700000.0000,2,NULL,'2024-04-09 04:23:47','2024-04-09 04:23:47',NULL),(2,2,2,2,2,2,NULL,'00000002','00000475',2,2,10.0000,261818.0000,288000.0000,2,NULL,'2024-04-09 04:23:47','2024-04-09 04:23:47',NULL),(3,3,3,3,3,3,NULL,'00000003','22',3,3,0.0000,81479650.0000,81479650.0000,2,NULL,'2024-04-09 04:23:47','2024-04-09 04:23:47',NULL),(4,4,4,4,4,4,NULL,'00000004','00000097',4,4,0.0000,124874100.0000,124874100.0000,2,NULL,'2024-04-09 04:23:47','2024-04-09 04:23:47',NULL),(5,4,5,4,5,4,NULL,'00000004','00000097',4,5,0.0000,27634860.0000,27634860.0000,2,NULL,'2024-04-09 04:23:47','2024-04-09 04:23:47',NULL),(6,4,6,4,6,4,NULL,'00000004','00000097',4,6,0.0000,154676400.0000,154676400.0000,2,NULL,'2024-04-09 04:23:47','2024-04-09 04:23:47',NULL),(7,4,7,4,7,4,NULL,'00000004','00000097',4,7,0.0000,13792800.0000,13792800.0000,2,NULL,'2024-04-09 04:23:47','2024-04-09 04:23:47',NULL),(8,4,8,4,8,3,NULL,'00000004','16',5,8,0.0000,64500000.0000,64500000.0000,2,NULL,'2024-04-09 04:23:47','2024-04-09 04:23:47',NULL),(9,4,9,4,9,20,NULL,'00000004','892',6,9,0.0000,151312000.0000,151312000.0000,2,NULL,'2024-04-09 04:23:47','2024-04-09 04:23:47',NULL),(10,5,10,5,10,5,NULL,'00000005','00000722',7,10,10.0000,909090.8000,999999.8800,2,NULL,'2024-04-09 04:23:47','2024-04-09 04:23:47',NULL),(11,6,11,6,11,6,NULL,'00000006','00001127',8,11,10.0000,500000.0000,550000.0000,2,NULL,'2024-04-09 04:23:47','2024-04-09 04:23:47',NULL),(12,7,12,7,12,7,NULL,'00000007','00000038',9,12,10.0000,2200000.0000,2420000.0000,2,NULL,'2024-04-09 04:23:47','2024-04-09 04:23:47',NULL),(13,7,13,7,13,7,NULL,'00000007','00000038',9,13,10.0000,1000000.0000,1100000.0000,2,NULL,'2024-04-09 04:23:47','2024-04-09 04:23:47',NULL),(14,8,14,8,14,3,NULL,'00000008','929',10,14,10.0000,34000000.0000,37400000.0000,2,NULL,'2024-04-09 04:23:47','2024-04-09 04:23:47',NULL),(15,8,15,8,15,8,NULL,'00000008','1951',11,15,10.0000,3363640.0000,3700004.0000,2,NULL,'2024-04-09 04:23:47','2024-04-09 04:23:47',NULL),(16,9,16,9,16,9,NULL,'00000009','0',12,16,8.0000,0.0000,0.0000,2,NULL,'2024-04-09 04:23:47','2024-04-09 04:23:47',NULL),(17,10,17,10,17,10,NULL,'00000010','1',13,17,10.0000,15000000.0000,16500000.0000,2,NULL,'2024-04-09 04:23:47','2024-04-09 04:23:47',NULL),(18,11,18,11,18,11,NULL,'00000011','0000237\n0000251',14,18,10.0000,5700000.0000,6270000.0000,2,NULL,'2024-04-09 04:23:47','2024-04-09 04:23:47',NULL),(19,11,19,11,19,11,NULL,'00000011','0000251',15,19,10.0000,800000.0000,880000.0000,2,NULL,'2024-04-09 04:23:47','2024-04-09 04:23:47',NULL),(20,12,20,12,20,2,NULL,'00000012','00006540',16,20,10.0000,6072727.0000,6679999.7000,2,NULL,'2024-04-09 04:23:47','2024-04-09 04:23:47',NULL),(21,13,21,13,21,11,NULL,'00000013','00000251',17,21,10.0000,1880000.0000,2068000.0000,2,NULL,'2024-04-09 04:23:47','2024-04-09 04:23:47',NULL),(22,13,22,13,22,11,NULL,'00000013','00000251',17,22,10.0000,1880000.0000,2068000.0000,2,NULL,'2024-04-09 04:23:47','2024-04-09 04:23:47',NULL),(23,14,23,14,23,12,NULL,'00000014','00000608',18,23,10.0000,2550000.0000,2805000.0000,2,NULL,'2024-04-09 04:23:47','2024-04-09 04:23:47',NULL),(24,14,24,14,24,13,NULL,'00000014','00000464',19,24,10.0000,253636.0000,278999.6000,2,NULL,'2024-04-09 04:23:47','2024-04-09 04:23:47',NULL),(25,15,25,15,25,9,NULL,'00000015','0',20,25,8.0000,0.0000,0.0000,2,NULL,'2024-04-09 04:23:47','2024-04-09 04:23:47',NULL),(26,16,26,16,26,13,NULL,'00000016','00000463',21,26,8.0000,482333.0000,520920.0000,2,NULL,'2024-04-09 04:23:47','2024-04-09 04:23:47',NULL),(27,17,27,17,27,14,NULL,'00000017','00000183',22,27,10.0000,3381818.0000,3719999.8000,2,NULL,'2024-04-09 04:23:47','2024-04-09 04:23:47',NULL),(28,18,28,18,28,15,NULL,'00000018','348960',23,28,10.0000,12527272.0000,13779999.2000,2,NULL,'2024-04-09 04:23:47','2024-04-09 04:23:47',NULL),(29,19,29,19,29,4,NULL,'00000019','00000242',24,29,10.0000,217800000.0000,239580000.0000,2,NULL,'2024-04-09 04:23:47','2024-04-09 04:23:47',NULL),(30,20,30,20,30,16,NULL,'00000020','98',25,30,8.0000,115000000.0000,124200000.0000,2,NULL,'2024-04-09 04:23:47','2024-04-09 04:23:47',NULL),(31,21,31,21,31,17,NULL,'00000021','00000182',26,31,10.0000,1967000.0000,2163700.0000,2,NULL,'2024-04-09 04:23:47','2024-04-09 04:23:47',NULL),(32,21,32,21,32,12,NULL,'00000021','00001263',27,32,10.0000,14400000.0000,15840000.0000,2,NULL,'2024-04-09 04:23:47','2024-04-09 04:23:47',NULL),(33,21,33,21,33,18,NULL,'00000021','538',28,33,10.0000,4600100.0000,5060110.0000,2,NULL,'2024-04-09 04:23:47','2024-04-09 04:23:47',NULL),(34,22,34,22,34,19,NULL,'00000022','00000047',29,34,10.0000,144500000.0000,158950000.0000,2,NULL,'2024-04-09 04:23:47','2024-04-09 04:23:47',NULL),(35,22,35,22,35,19,NULL,'00000022','00000047',29,35,10.0000,25000000.0000,27500000.0000,2,NULL,'2024-04-09 04:23:47','2024-04-09 04:23:47',NULL),(36,23,36,23,36,20,NULL,'00000023','3602',30,36,0.0000,92771000.0000,92771000.0000,2,NULL,'2024-04-09 04:23:47','2024-04-09 04:23:47',NULL),(37,24,37,24,37,9,NULL,'00000024','0',31,37,10.0000,0.0000,0.0000,2,NULL,'2024-04-09 04:23:47','2024-04-09 04:23:47',NULL),(38,25,38,25,38,10,NULL,'00000025','2',32,38,10.0000,5200000.0000,5720000.0000,2,NULL,'2024-04-09 04:23:47','2024-04-09 04:23:47',NULL),(39,25,39,25,39,21,NULL,'00000025','00000123',33,39,10.0000,1800000.0000,1980000.0000,2,NULL,'2024-04-09 04:23:47','2024-04-09 04:23:47',NULL),(40,26,40,26,40,22,NULL,'00000026','00000092',34,40,0.0000,12000000.0000,13200000.0000,2,NULL,'2024-04-09 04:23:47','2024-04-09 04:23:47',NULL),(41,26,41,26,41,23,NULL,'00000026','00000439',35,41,8.0000,1200000.0000,1296000.0000,2,NULL,'2024-04-09 04:23:47','2024-04-09 04:23:47',NULL),(42,27,42,27,42,5,NULL,'00000027','00004160',36,42,10.0000,681818.1000,749999.9100,2,NULL,'2024-04-09 04:23:47','2024-04-09 04:23:47',NULL),(43,27,43,27,43,24,NULL,'00000027','1907',37,43,10.0000,1880000.0000,2068000.0000,2,NULL,'2024-04-09 04:23:47','2024-04-09 04:23:47',NULL),(44,27,44,27,44,17,NULL,'00000027','00000214',38,44,10.0000,1295455.0000,1425000.5000,2,NULL,'2024-04-09 04:23:47','2024-04-09 04:23:47',NULL),(45,27,45,27,45,25,NULL,'00000027','63',39,45,10.0000,1363636.0000,1499999.6000,2,NULL,'2024-04-09 04:23:47','2024-04-09 04:23:47',NULL),(46,27,46,27,46,2,NULL,'00000027','00009831',40,46,10.0000,2000000.0000,2200000.0000,2,NULL,'2024-04-09 04:23:47','2024-04-09 04:23:47',NULL),(47,NULL,NULL,28,47,26,NULL,'00000001','00000007',41,47,8.0000,2500000.0000,2700000.0000,8,NULL,'2024-04-10 20:03:49','2024-04-10 20:03:49',NULL),(48,NULL,NULL,29,48,27,NULL,'00000002','00000475',42,48,10.0000,261818.0000,288000.0000,8,NULL,'2024-04-10 20:03:49','2024-04-10 20:03:49',NULL),(49,NULL,NULL,30,49,28,NULL,'00000003','22',43,49,0.0000,81479650.0000,81479650.0000,8,NULL,'2024-04-10 20:03:49','2024-04-10 20:03:49',NULL),(50,NULL,NULL,31,50,29,NULL,'00000004','00000097',44,50,0.0000,124874100.0000,124874100.0000,8,NULL,'2024-04-10 20:03:49','2024-04-10 20:03:49',NULL),(51,NULL,NULL,31,51,29,NULL,'00000004','00000097',44,51,0.0000,27634860.0000,27634860.0000,8,NULL,'2024-04-10 20:03:49','2024-04-10 20:03:49',NULL),(52,NULL,NULL,31,52,29,NULL,'00000004','00000097',44,52,0.0000,154676400.0000,154676400.0000,8,NULL,'2024-04-10 20:03:49','2024-04-10 20:03:49',NULL),(53,NULL,NULL,31,53,29,NULL,'00000004','00000097',44,53,0.0000,13792800.0000,13792800.0000,8,NULL,'2024-04-10 20:03:49','2024-04-10 20:03:49',NULL),(54,NULL,NULL,31,54,28,NULL,'00000004','16',45,54,0.0000,64500000.0000,64500000.0000,8,NULL,'2024-04-10 20:03:49','2024-04-10 20:03:49',NULL),(55,NULL,NULL,31,55,45,NULL,'00000004','892',46,55,0.0000,151312000.0000,151312000.0000,8,NULL,'2024-04-10 20:03:49','2024-04-10 20:03:49',NULL),(56,NULL,NULL,32,56,30,NULL,'00000005','00000722',47,56,10.0000,909090.8000,999999.8800,8,NULL,'2024-04-10 20:03:49','2024-04-10 20:03:49',NULL),(57,NULL,NULL,33,57,31,NULL,'00000006','00001127',48,57,10.0000,500000.0000,550000.0000,8,NULL,'2024-04-10 20:03:49','2024-04-10 20:03:49',NULL),(58,NULL,NULL,34,58,32,NULL,'00000007','00000038',49,58,10.0000,2200000.0000,2420000.0000,8,NULL,'2024-04-10 20:03:49','2024-04-10 20:03:49',NULL),(59,NULL,NULL,34,59,32,NULL,'00000007','00000038',49,59,10.0000,1000000.0000,1100000.0000,8,NULL,'2024-04-10 20:03:49','2024-04-10 20:03:49',NULL),(60,NULL,NULL,35,60,28,NULL,'00000008','929',50,60,10.0000,34000000.0000,37400000.0000,8,NULL,'2024-04-10 20:03:49','2024-04-10 20:03:49',NULL),(61,NULL,NULL,35,61,33,NULL,'00000008','1951',51,61,10.0000,3363640.0000,3700004.0000,8,NULL,'2024-04-10 20:03:49','2024-04-10 20:03:49',NULL),(62,NULL,NULL,36,62,34,NULL,'00000009','0',52,62,0.0000,0.0000,0.0000,8,NULL,'2024-04-10 20:03:49','2024-04-10 20:03:49',NULL),(63,NULL,NULL,37,63,35,NULL,'00000010','1',53,63,10.0000,15000000.0000,16500000.0000,8,NULL,'2024-04-10 20:03:49','2024-04-10 20:03:49',NULL),(64,NULL,NULL,38,64,36,NULL,'00000011','0000237\n0000251',54,64,10.0000,5700000.0000,6270000.0000,8,NULL,'2024-04-10 20:03:49','2024-04-10 20:03:49',NULL),(65,NULL,NULL,38,65,36,NULL,'00000011','0000251',55,65,10.0000,800000.0000,880000.0000,8,NULL,'2024-04-10 20:03:49','2024-04-10 20:03:49',NULL),(66,NULL,NULL,39,66,27,NULL,'00000012','00006540',56,66,10.0000,6072727.0000,6679999.7000,8,NULL,'2024-04-10 20:03:49','2024-04-10 20:03:49',NULL),(67,NULL,NULL,40,67,36,NULL,'00000013','00000251',57,67,10.0000,1880000.0000,2068000.0000,8,NULL,'2024-04-10 20:03:49','2024-04-10 20:03:49',NULL),(68,NULL,NULL,40,68,36,NULL,'00000013','00000251',57,68,10.0000,1880000.0000,2068000.0000,8,NULL,'2024-04-10 20:03:49','2024-04-10 20:03:49',NULL),(69,NULL,NULL,41,69,37,NULL,'00000014','00000608',58,69,10.0000,2550000.0000,2805000.0000,8,NULL,'2024-04-10 20:03:49','2024-04-10 20:03:49',NULL),(70,NULL,NULL,41,70,38,NULL,'00000014','00000464',59,70,10.0000,253636.0000,278999.6000,8,NULL,'2024-04-10 20:03:49','2024-04-10 20:03:49',NULL),(71,NULL,NULL,42,71,34,NULL,'00000015','0',60,71,0.0000,0.0000,0.0000,8,NULL,'2024-04-10 20:03:49','2024-04-10 20:03:49',NULL),(72,NULL,NULL,43,72,38,NULL,'00000016','00000463',61,72,8.0000,482333.0000,520920.0000,8,NULL,'2024-04-10 20:03:49','2024-04-10 20:03:49',NULL),(73,NULL,NULL,44,73,39,NULL,'00000017','00000183',62,73,10.0000,3381818.0000,3719999.8000,8,NULL,'2024-04-10 20:03:49','2024-04-10 20:03:49',NULL),(74,NULL,NULL,45,74,40,NULL,'00000018','348960',63,74,10.0000,12527272.0000,13779999.2000,8,NULL,'2024-04-10 20:03:49','2024-04-10 20:03:49',NULL),(75,NULL,NULL,46,75,29,NULL,'00000019','00000242',64,75,10.0000,217800000.0000,239580000.0000,8,NULL,'2024-04-10 20:03:49','2024-04-10 20:03:49',NULL),(76,NULL,NULL,47,76,41,NULL,'00000020','98',65,76,8.0000,115000000.0000,124200000.0000,8,NULL,'2024-04-10 20:03:49','2024-04-10 20:03:49',NULL),(77,NULL,NULL,48,77,42,NULL,'00000021','00000182',66,77,10.0000,1967000.0000,2163700.0000,8,NULL,'2024-04-10 20:03:49','2024-04-10 20:03:49',NULL),(78,NULL,NULL,48,78,37,NULL,'00000021','00001263',67,78,10.0000,14400000.0000,15840000.0000,8,NULL,'2024-04-10 20:03:49','2024-04-10 20:03:49',NULL),(79,NULL,NULL,48,79,43,NULL,'00000021','538',68,79,10.0000,4600100.0000,5060110.0000,8,NULL,'2024-04-10 20:03:49','2024-04-10 20:03:49',NULL),(80,NULL,NULL,49,80,44,NULL,'00000022','00000047',69,80,10.0000,144500000.0000,158950000.0000,8,NULL,'2024-04-10 20:03:49','2024-04-10 20:03:49',NULL),(81,NULL,NULL,49,81,44,NULL,'00000022','00000047',69,81,10.0000,25000000.0000,27500000.0000,8,NULL,'2024-04-10 20:03:49','2024-04-10 20:03:49',NULL),(82,NULL,NULL,50,82,45,NULL,'00000023','3602',70,82,0.0000,92771000.0000,92771000.0000,8,NULL,'2024-04-10 20:03:49','2024-04-10 20:03:49',NULL),(83,NULL,NULL,51,83,34,NULL,'00000024','0',71,83,0.0000,0.0000,0.0000,8,NULL,'2024-04-10 20:03:49','2024-04-10 20:03:49',NULL),(84,NULL,NULL,52,84,35,NULL,'00000025','2',72,84,10.0000,5200000.0000,5720000.0000,8,NULL,'2024-04-10 20:03:49','2024-04-10 20:03:49',NULL),(85,NULL,NULL,52,85,46,NULL,'00000025','00000123',73,85,10.0000,1800000.0000,1980000.0000,8,NULL,'2024-04-10 20:03:49','2024-04-10 20:03:49',NULL),(86,NULL,NULL,53,86,47,NULL,'00000026','00000092',74,86,10.0000,12000000.0000,13200000.0000,8,NULL,'2024-04-10 20:03:49','2024-04-10 20:03:49',NULL),(87,NULL,NULL,53,87,48,NULL,'00000026','00000439',75,87,8.0000,1200000.0000,1296000.0000,8,NULL,'2024-04-10 20:03:49','2024-04-10 20:03:49',NULL),(88,NULL,NULL,54,88,30,NULL,'00000027','00004160',76,88,10.0000,681818.1000,749999.9100,8,NULL,'2024-04-10 20:03:49','2024-04-10 20:03:49',NULL),(89,NULL,NULL,54,89,49,NULL,'00000027','1907',77,89,10.0000,1880000.0000,2068000.0000,8,NULL,'2024-04-10 20:03:49','2024-04-10 20:03:49',NULL),(90,NULL,NULL,54,90,42,NULL,'00000027','00000214',78,90,10.0000,1295455.0000,1425000.5000,8,NULL,'2024-04-10 20:03:49','2024-04-10 20:03:49',NULL),(91,NULL,NULL,54,91,50,NULL,'00000027','63',79,91,10.0000,1363636.0000,1499999.6000,8,NULL,'2024-04-10 20:03:49','2024-04-10 20:03:49',NULL),(92,NULL,NULL,54,92,27,NULL,'00000027','00009831',80,92,10.0000,2000000.0000,2200000.0000,8,NULL,'2024-04-10 20:03:49','2024-04-10 20:03:49',NULL),(93,NULL,NULL,55,93,50,NULL,'SHD-28',NULL,79,91,10.0000,1499999.6000,1499999.6000,8,NULL,'2024-04-11 02:39:27','2024-04-11 02:40:13',NULL),(94,NULL,NULL,55,94,27,NULL,'SHD-28',NULL,80,92,10.0000,2200000.0000,2200000.0000,8,NULL,'2024-04-11 02:39:27','2024-04-11 02:40:13',NULL),(95,NULL,NULL,57,95,48,NULL,'SHD-29',NULL,75,87,8.0000,1296000.0000,1296000.0000,8,NULL,'2024-04-24 11:43:56','2024-04-24 11:49:23',NULL),(96,NULL,NULL,57,96,30,NULL,'SHD-29',NULL,76,88,10.0000,749999.9100,749999.9100,8,NULL,'2024-04-24 11:43:56','2024-04-24 11:49:23',NULL),(97,NULL,NULL,57,97,49,NULL,'SHD-29',NULL,77,89,10.0000,2068000.0000,2068000.0000,8,NULL,'2024-04-24 11:43:56','2024-04-24 11:49:23',NULL),(98,NULL,NULL,57,98,42,NULL,'SHD-29',NULL,78,90,10.0000,1425000.5000,1425000.5000,8,NULL,'2024-04-24 11:43:56','2024-04-24 11:49:23',NULL),(99,NULL,NULL,57,99,50,NULL,'SHD-29',NULL,79,91,10.0000,1499999.6000,1499999.6000,8,NULL,'2024-04-24 11:43:56','2024-04-24 11:49:23',NULL),(100,NULL,NULL,57,100,27,NULL,'SHD-29',NULL,80,92,10.0000,2200000.0000,2200000.0000,8,NULL,'2024-04-24 11:43:56','2024-04-24 11:49:23',NULL),(101,NULL,NULL,61,101,26,NULL,NULL,NULL,85,103,10.0000,500000.0000,1500000.0000,8,NULL,'2024-05-05 14:52:55','2024-05-05 14:52:55',NULL),(102,59,100,63,102,51,'1','SHD-1',NULL,87,105,10.0000,1000000.0000,5000000.0000,5,5,'2024-05-14 02:38:15','2024-05-14 02:40:22',NULL),(103,59,101,63,103,51,'2','SHD-1',NULL,87,106,10.0000,1000000.0000,5000000.0000,5,5,'2024-05-14 02:38:15','2024-05-14 02:40:22',NULL),(104,59,102,63,104,0,'1',NULL,NULL,0,0,8.0000,0.0000,0.0000,5,5,'2024-05-14 02:38:15','2024-05-14 02:38:15',NULL),(106,62,100,64,107,51,'1',NULL,NULL,87,105,10.0000,1000000.0000,5000000.0000,5,5,'2024-05-14 02:59:17','2024-05-14 02:59:17',NULL),(107,63,100,65,108,51,'1',NULL,NULL,87,105,10.0000,1000000.0000,5000000.0000,5,5,'2024-05-14 03:02:21','2024-05-14 03:02:21',NULL),(108,64,107,70,109,52,'5',NULL,NULL,89,111,10.0000,1000000.0000,5000000.0000,9,9,'2024-05-17 14:55:21','2024-05-17 14:55:21',NULL),(109,64,108,70,110,52,'5',NULL,NULL,89,112,8.0000,2000000.0000,20000000.0000,9,9,'2024-05-17 14:55:21','2024-05-17 14:55:21',NULL),(110,65,107,71,111,52,'1',NULL,NULL,89,111,10.0000,1000000.0000,5000000.0000,9,9,'2024-05-17 22:48:32','2024-05-17 22:48:32',NULL),(111,65,108,71,112,52,'2',NULL,NULL,89,112,8.0000,2000000.0000,20000000.0000,9,9,'2024-05-17 22:48:32','2024-05-17 22:48:32',NULL),(112,66,113,76,113,57,'10','SHD-1',NULL,95,119,10.0000,500000.0000,10000000.0000,20,20,'2024-05-18 11:41:00','2024-05-18 12:02:07',NULL),(113,67,112,75,114,56,'5',NULL,NULL,94,118,10.0000,1700000.0000,17000000.0000,20,20,'2024-05-18 11:41:04','2024-05-18 12:01:39',NULL),(119,73,111,74,120,55,'4',NULL,NULL,93,117,10.0000,2200000.0000,15400000.0000,20,20,'2024-05-18 11:49:36','2024-05-18 11:49:36',NULL),(120,74,110,73,121,54,'3',NULL,NULL,92,116,10.0000,1300000.0000,6500000.0000,20,20,'2024-05-18 11:49:46','2024-05-18 11:49:46',NULL),(121,75,109,72,122,53,'5','SHD-2',NULL,91,115,10.0000,1200000.0000,12000000.0000,20,20,'2024-05-18 11:49:54','2024-05-18 12:02:15',NULL),(122,76,115,80,123,53,'8','SHD-4',NULL,97,122,10.0000,1500000.0000,27000000.0000,20,20,'2024-05-18 13:42:24','2024-05-18 14:21:07',NULL),(123,77,113,79,124,57,'1',NULL,NULL,95,119,10.0000,500000.0000,10000000.0000,20,20,'2024-05-18 13:42:26','2024-05-18 13:42:26',NULL),(124,78,109,77,125,53,'2',NULL,NULL,91,115,10.0000,1200000.0000,12000000.0000,20,20,'2024-05-18 13:42:28','2024-05-18 13:42:28',NULL),(125,79,115,86,126,53,'5',NULL,NULL,97,122,10.0000,1500000.0000,27000000.0000,20,20,'2024-05-18 14:20:20','2024-05-18 14:20:20',NULL),(126,80,115,84,127,53,'2',NULL,NULL,97,122,10.0000,1500000.0000,27000000.0000,20,20,'2024-05-18 14:20:25','2024-05-18 14:20:25',NULL),(127,81,113,81,128,57,'1',NULL,NULL,95,119,10.0000,500000.0000,10000000.0000,20,20,'2024-05-18 14:20:27','2024-05-18 14:20:27',NULL),(128,82,109,82,129,53,'1',NULL,NULL,91,115,10.0000,1200000.0000,12000000.0000,20,20,'2024-05-18 14:20:30','2024-05-18 14:20:30',NULL),(129,83,116,87,130,58,'3','SHD-1',NULL,99,124,10.0000,100000.0000,400000.0000,11,11,'2024-05-20 04:09:55','2024-05-20 04:10:17',NULL),(135,88,117,93,135,59,'2',NULL,NULL,100,125,8.0000,200000.0000,800000.0000,11,11,'2024-05-20 05:49:06','2024-05-20 05:49:06',NULL),(144,95,117,98,142,59,'1',NULL,NULL,101,126,8.0000,200000.0000,400000.0000,11,11,'2024-05-20 10:04:03','2024-05-20 10:04:03',NULL),(151,99,117,100,148,59,'1',NULL,NULL,100,125,8.0000,200000.0000,800000.0000,11,11,'2024-05-21 02:19:17','2024-05-21 02:19:17',NULL),(152,99,123,100,149,0,'1',NULL,NULL,0,0,8.0000,0.0000,0.0000,11,11,'2024-05-21 02:19:17','2024-05-21 02:19:17',NULL),(153,100,117,99,150,59,'3',NULL,NULL,100,125,8.0000,200000.0000,800000.0000,11,11,'2024-05-21 02:19:23','2024-05-21 02:19:23',NULL),(154,101,117,97,151,58,'2',NULL,NULL,102,127,8.0000,100000.0000,200000.0000,11,11,'2024-05-21 02:19:41','2024-05-21 02:19:41',NULL),(155,102,116,88,152,58,'1',NULL,NULL,99,124,10.0000,100000.0000,400000.0000,11,11,'2024-05-21 02:19:49','2024-05-21 02:19:50',NULL);
/*!40000 ALTER TABLE `history` ENABLE KEYS */;
UNLOCK TABLES;

--
-- Table structure for table `history_import`
--

DROP TABLE IF EXISTS `history_import`;
/*!40101 SET @saved_cs_client     = @@character_set_client */;
/*!40101 SET character_set_client = utf8 */;
CREATE TABLE `history_import` (
  `id` bigint(20) unsigned NOT NULL AUTO_INCREMENT,
  `detailImport_id` int(11) NOT NULL,
  `quoteImport_id` int(11) NOT NULL,
  `product_code` varchar(255) DEFAULT NULL,
  `product_name` varchar(255) NOT NULL,
  `product_unit` varchar(255) NOT NULL,
  `product_qty` decimal(20,4) NOT NULL,
  `product_tax` int(11) NOT NULL,
  `product_total` decimal(20,4) NOT NULL,
  `price_export` decimal(20,4) NOT NULL,
  `product_note` varchar(255) DEFAULT NULL,
  `version` int(11) NOT NULL,
  `product_id` int(11) DEFAULT NULL,
  `provide_id` int(11) DEFAULT NULL,
  `workspace_id` int(11) DEFAULT NULL,
  `user_id` int(11) DEFAULT NULL,
  `created_at` timestamp NULL DEFAULT NULL,
  `updated_at` timestamp NULL DEFAULT NULL,
  PRIMARY KEY (`id`)
) ENGINE=InnoDB AUTO_INCREMENT=134 DEFAULT CHARSET=utf8mb4 COLLATE=utf8mb4_unicode_ci;
/*!40101 SET character_set_client = @saved_cs_client */;

--
-- Dumping data for table `history_import`
--

LOCK TABLES `history_import` WRITE;
/*!40000 ALTER TABLE `history_import` DISABLE KEYS */;
INSERT INTO `history_import` VALUES (1,1,1,'','Cài đặt Microsoft Office 2019 Pro','',1.0000,8,2700000.0000,2700000.0000,NULL,0,1,1,2,NULL,'2024-01-07 17:00:00','2024-04-05 04:48:02'),(2,2,2,'','CHUỘT LOGITECH M331 ĐEN ','',1.0000,10,288000.0000,288000.0000,NULL,0,2,2,2,NULL,'2024-01-02 17:00:00','2024-04-07 17:51:22'),(3,3,3,'','Bản quyền phần mềm ADVANCED GATEWAY SECURITY SUITE BUNDLE FOR NSA 3650 1YR (01-SSC-3451)','',1.0000,0,81479650.0000,40739825.0000,NULL,0,3,3,2,NULL,'2024-01-16 17:00:00','2024-04-05 04:48:02'),(4,4,4,'','Giấy phép cập nhật phần mềm cho thiết bị Fortigate 501E Bundle ,thời hạn 1 năm','',1.0000,0,124874100.0000,124874100.0000,NULL,0,4,4,2,NULL,'2024-01-14 17:00:00','2024-04-05 04:48:02'),(5,4,5,'','Giấy phép cập nhật phần mềm cho thiết bị Fortimail 200 E, thời hạn đến 09 /05 /2024','',1.0000,0,27634860.0000,27634860.0000,NULL,0,5,4,2,NULL,'2024-01-14 17:00:00','2024-04-05 04:48:02'),(6,4,6,'','Bản quyền phần mềm FortiClient cho 25 người dùng, thời hạn 1 năm','',1.0000,0,154676400.0000,154676400.0000,NULL,0,6,4,2,NULL,'2024-01-14 17:00:00','2024-04-05 04:48:02'),(7,4,7,'','Giấy phép cập nhật phần mềm cho thiết bị Fortiweb 400D Bundle ,thời hạn 1 năm','',1.0000,0,13792800.0000,13792800.0000,NULL,0,7,4,2,NULL,'2024-01-14 17:00:00','2024-04-05 04:48:02'),(8,5,8,'','Bản quyền phần mềm ADVANCED GATEWAY \nSECURITY SUITE BUNDLE FOR NSA 3650 1YR','',1.0000,0,64500000.0000,32250000.0000,NULL,0,8,3,2,NULL,'2024-01-15 17:00:00','2024-04-05 04:48:02'),(9,6,9,'','Gói bản quyền phần mềm POSG213295 :\n VS 8 -STD -SK -TLSS - 1 Y - C: VMware vSphere Standard - 1 -Year Prepaid Commit - Per Core','',1.0000,0,151312000.0000,151312000.0000,NULL,0,9,20,2,NULL,'2024-01-16 17:00:00','2024-04-05 04:48:02'),(10,7,10,'','Chuột Máy Tính Dell Wireless WM126','',1.0000,10,999999.8800,999999.8800,NULL,0,10,5,2,NULL,'2024-01-09 17:00:00','2024-04-05 04:48:02'),(11,8,11,'','Thẻ nhớ SanDisk Extreme\nmicroSDXC, SQXAV 256GB,\nV30, U3, C10, A2,UHS-I,\n190MB/ s R, 130MB/ s W, 4x6,\nLifetime Limited_SDSQXAV256G-GN6M','',1.0000,10,550000.0000,550000.0000,NULL,0,11,6,2,NULL,'2024-01-16 17:00:00','2024-04-05 04:48:02'),(12,9,12,'','Ổ cứng máy chủ HP 300Gb SAS 10K  6Gbps 2.5','',1.0000,10,2420000.0000,2420000.0000,NULL,0,12,7,2,NULL,'2024-01-24 17:00:00','2024-04-05 04:48:02'),(13,9,13,'','Bộ nhớ máy tính Samsung 8GB DDR3  1333 ECC RDIMM','',1.0000,10,1100000.0000,1100000.0000,NULL,0,13,7,2,NULL,'2024-01-24 17:00:00','2024-04-05 04:48:02'),(14,10,14,'','Bộ phát sóng không dây chuẩn 802.11abgn/ac WiNG 802.11abgn/ac Wallpate Wedge 867 Mbps Sing, Dual band radio 1x1; or single band radio 2x2, internal antenna MIMO 2x2 Access Point (AP-7602-68B30-1-WR) + 95604-H31360: PWP NBD AHR H31360','',10.0000,10,37400000.0000,3740000.0000,NULL,0,14,3,2,NULL,'2023-12-24 17:00:00','2024-04-05 04:48:02'),(15,11,15,'','BỘ NGUỒN U-POE-AF','',1.0000,10,3700004.0000,3700004.0000,NULL,0,15,8,2,NULL,'2023-12-25 17:00:00','2024-04-05 04:48:02'),(16,12,16,'','NHÂN CÔNG RINGNET','',1.0000,0,0.0000,0.0000,NULL,0,16,9,2,NULL,'2024-04-03 17:00:00','2024-04-05 04:48:02'),(17,13,17,'','thiết bị Switch 2960-48 port','',5.0000,10,16500000.0000,3300000.0000,NULL,0,17,10,2,NULL,'2024-01-11 17:00:00','2024-04-05 04:48:02'),(18,14,18,'','Module quang SFP 1.25G, SM, 2 sợi quang,\n1310nm, 20km, WT-9110G/SM/20/LCD','',1.0000,10,6270000.0000,6270000.0000,NULL,0,18,11,2,NULL,'2024-01-11 17:00:00','2024-04-05 04:48:02'),(19,15,19,'','Dây nhảy quang đơn mốt SC/APC-LC/UPC dài\n3M, phi 3.0mm, Simplex','',30.0000,10,880000.0000,29333.3333,NULL,0,19,11,2,NULL,'2024-01-28 17:00:00','2024-04-05 04:48:02'),(20,16,20,'','MÁY QUÉT ẢNH HOẶC TÀI LIỆU HP SCANJET PRO 2000\n S2 SCANNER-6FW06A','',1.0000,10,6679999.7000,6679999.7000,NULL,0,20,2,2,NULL,'2024-02-18 17:00:00','2024-04-05 04:48:02'),(21,17,21,'','Module quang SFP 1.25G, SM, 1 sợi quang,\n40km, WT-9110G/BIDI/40B/LCD','',8.0000,10,2068000.0000,258500.0000,NULL,0,21,11,2,NULL,'2024-01-28 17:00:00','2024-04-05 04:48:02'),(22,17,22,'','Module quang SFP 1.25G, SM, 1 sợi quang,\n40km, WT-9110G/BIDI/40A/LCD','',8.0000,10,2068000.0000,258500.0000,NULL,0,22,11,2,NULL,'2024-01-28 17:00:00','2024-04-05 04:48:02'),(23,18,23,'','Camera quan sát DS-2CV2Q21FD-IW','',2.0000,10,2805000.0000,1402500.0000,NULL,0,23,12,2,NULL,'2024-01-23 17:00:00','2024-04-05 04:48:02'),(24,19,24,'','Pin dự phòng baseus','',1.0000,10,278999.6000,278999.6000,NULL,0,24,13,2,NULL,'2024-02-01 17:00:00','2024-04-05 04:48:02'),(25,20,25,'','NHÂN CÔNG RINGNET','',1.0000,0,0.0000,0.0000,NULL,0,25,9,2,NULL,'2024-04-03 17:00:00','2024-04-05 04:48:02'),(26,21,26,'','pin sac dư phòng và cáp','',1.0000,8,520920.0000,520920.0000,NULL,0,26,13,2,NULL,'2024-02-01 17:00:00','2024-04-05 04:48:02'),(27,22,27,'','Máy in bill Epson T82 III ( USB và LAN , P/n\nC31CH51542 )','',1.0000,10,3719999.8000,3719999.8000,NULL,0,27,14,2,NULL,'2024-02-20 17:00:00','2024-04-05 04:48:02'),(28,23,28,'','APPLE IPAD GEN 9TH 10.2 INCH WIFI 64GB- XÁM','',1.0000,10,13779999.2000,13779999.2000,NULL,0,28,15,2,NULL,'2024-02-27 17:00:00','2024-04-05 04:48:02'),(29,24,29,'','Thiết bị tường lửa chống Virus & thâm\nnhập Fortinet Fortigate 201F Bundle\n(Part # FG-201F-BDL-950-12)','',1.0000,10,239580000.0000,239580000.0000,NULL,0,29,4,2,NULL,'2024-01-29 17:00:00','2024-04-05 04:48:02'),(30,25,30,'','Dịch vụ hỗ trợ onsite, tư vấn và thay thế thiết bị','',1.0000,8,124200000.0000,124200000.0000,NULL,0,30,16,2,NULL,'2024-04-03 17:00:00','2024-04-05 04:48:02'),(31,26,31,'','Điện thoại không dây Panasonic KXTGF310 ','',1.0000,10,2163700.0000,2163700.0000,NULL,0,31,17,2,NULL,'2024-02-25 17:00:00','2024-04-05 04:48:02'),(32,27,32,'','Camera quan sát DA-8IP2B21-TI','',1.0000,10,15840000.0000,15840000.0000,NULL,0,32,12,2,NULL,'2024-03-01 17:00:00','2024-04-05 04:48:02'),(33,28,33,'','Dây cáp mạng R&M Cat6 R809797','',1.0000,10,5060110.0000,5060110.0000,NULL,0,33,18,2,NULL,'2024-02-25 17:00:00','2024-04-05 04:48:02'),(34,29,34,'','Thiết bịchuyểnmạch SAN SwitchCisco DS-C9132T-K9','',2.0000,10,158950000.0000,79475000.0000,NULL,0,34,19,2,NULL,'2024-03-04 17:00:00','2024-04-05 04:48:02'),(35,29,35,'','Mô-đunCisco DS-SFP-FC32G-SW','',10.0000,10,27500000.0000,2750000.0000,NULL,0,35,19,2,NULL,'2024-03-04 17:00:00','2024-04-05 04:48:02'),(36,30,36,'','PAN-SOFTWARE-NGFW-CR: Software NGFW Credits\nto deploy VM-Series, CN-Series, Subscription Services,\nand Virtual Panorama to manage Software Firewalls','',1.0000,0,92771000.0000,92771000.0000,NULL,0,36,20,2,NULL,'2024-03-03 17:00:00','2024-04-05 04:48:02'),(37,31,37,'','Dịch vụ','',1.0000,0,0.0000,0.0000,NULL,0,37,9,2,NULL,'2024-04-03 17:00:00','2024-04-05 04:48:02'),(38,32,38,'','Thiết bị Switch 2960-48 port POE','',1.0000,10,5720000.0000,5720000.0000,NULL,0,38,10,2,NULL,'2024-03-11 17:00:00','2024-04-05 04:48:02'),(39,33,39,'','Bộ tách POE 48V','',1.0000,10,1980000.0000,1980000.0000,NULL,0,39,21,2,NULL,'2024-03-04 17:00:00','2024-04-05 04:48:02'),(40,34,40,'','Ổ cứng máy tính HPE 1.8TB 10\nkRPM 2.5in SAS 12G HDD','',2.0000,10,13200000.0000,6600000.0000,NULL,0,40,22,2,NULL,'2024-03-10 17:00:00','2024-04-05 04:48:02'),(41,35,41,'','Hải Quan','',1.0000,8,1296000.0000,1296000.0000,NULL,0,41,23,2,NULL,'2024-03-19 17:00:00','2024-04-05 04:48:02'),(42,36,42,'','Chuột Máy Tính Dell Wireless WM126','',1.0000,10,749999.9100,749999.9100,NULL,0,10,5,2,NULL,'2024-03-04 17:00:00','2024-04-05 04:48:02'),(43,37,43,'','Thiết bị chuyển mạch Cisco SB CBS110 Unmanaged 8-\nport GE, Desktop, Ext PS_CBS110-8T-D-EU','',1.0000,10,2068000.0000,2068000.0000,NULL,0,43,24,2,NULL,'2024-03-03 17:00:00','2024-04-05 04:48:02'),(44,38,44,'','Điện thoại có dây Panasonic KXTS500','',1.0000,10,1425000.5000,1425000.5000,NULL,0,44,17,2,NULL,'2024-03-04 17:00:00','2024-04-05 04:48:02'),(45,39,45,'','Đầu kim Epson LQ-590','',1.0000,10,1499999.6000,1499999.6000,NULL,0,45,25,2,NULL,'2024-03-04 17:00:00','2024-04-05 04:48:02'),(46,40,46,'','Ổ cứng Western SSD 500GB/2.5\" 7mm Sata3 màu \nxanh _Blue(WDS500G3B0A','',1.0000,10,2200000.0000,2200000.0000,NULL,0,46,2,2,NULL,'2024-03-04 17:00:00','2024-04-05 04:48:02'),(47,41,47,'','Sản phẩm 1','',1.0000,8,2700000.0000,2700000.0000,NULL,0,47,26,8,NULL,'2024-01-07 17:00:00','2024-04-10 20:01:58'),(48,42,48,'','Sản phẩm 2','',1.0000,10,288000.0000,288000.0000,NULL,0,48,27,8,NULL,'2024-01-02 17:00:00','2024-04-10 20:01:58'),(49,43,49,'','Sản phẩm 3','',1.0000,0,81479650.0000,40739825.0000,NULL,0,49,28,8,NULL,'2024-01-16 17:00:00','2024-04-10 20:01:58'),(50,44,50,'','Sản phẩm 4','',1.0000,0,124874100.0000,124874100.0000,NULL,0,50,29,8,NULL,'2024-01-14 17:00:00','2024-04-10 20:01:58'),(51,44,51,'','Sản phẩm 5','',1.0000,0,27634860.0000,27634860.0000,NULL,0,51,29,8,NULL,'2024-01-14 17:00:00','2024-04-10 20:01:58'),(52,44,52,'','Sản phẩm 6','',1.0000,0,154676400.0000,154676400.0000,NULL,0,52,29,8,NULL,'2024-01-14 17:00:00','2024-04-10 20:01:58'),(53,44,53,'','Sản phẩm 7','',1.0000,0,13792800.0000,13792800.0000,NULL,0,53,29,8,NULL,'2024-01-14 17:00:00','2024-04-10 20:01:58'),(54,45,54,'','Sản phẩm 8','',1.0000,0,64500000.0000,32250000.0000,NULL,0,54,28,8,NULL,'2024-01-15 17:00:00','2024-04-10 20:01:58'),(55,46,55,'','Sản phẩm 9','',1.0000,0,151312000.0000,151312000.0000,NULL,0,55,45,8,NULL,'2024-01-16 17:00:00','2024-04-10 20:01:58'),(56,47,56,'','Sản phẩm 10','',1.0000,10,999999.8800,999999.8800,NULL,0,56,30,8,NULL,'2024-01-09 17:00:00','2024-04-10 20:01:58'),(57,48,57,'','Sản phẩm 11','',1.0000,10,550000.0000,550000.0000,NULL,0,57,31,8,NULL,'2024-01-16 17:00:00','2024-04-10 20:01:58'),(58,49,58,'','Sản phẩm 12','',1.0000,10,2420000.0000,2420000.0000,NULL,0,58,32,8,NULL,'2024-01-24 17:00:00','2024-04-10 20:01:58'),(59,49,59,'','Sản phẩm 13','',1.0000,10,1100000.0000,1100000.0000,NULL,0,59,32,8,NULL,'2024-01-24 17:00:00','2024-04-10 20:01:58'),(60,50,60,'','Sản phẩm 14','',10.0000,10,37400000.0000,3740000.0000,NULL,0,60,28,8,NULL,'2023-12-24 17:00:00','2024-04-10 20:01:58'),(61,51,61,'','Sản phẩm 15','',1.0000,10,3700004.0000,3700004.0000,NULL,0,61,33,8,NULL,'2023-12-25 17:00:00','2024-04-10 20:01:58'),(62,52,62,'','Sản phẩm 16','',1.0000,0,0.0000,0.0000,NULL,0,62,34,8,NULL,'2024-04-03 17:00:00','2024-04-10 20:01:58'),(63,53,63,'','Sản phẩm 17','',5.0000,10,16500000.0000,3300000.0000,NULL,0,63,35,8,NULL,'2024-01-11 17:00:00','2024-04-10 20:01:58'),(64,54,64,'','Sản phẩm 18','',1.0000,10,6270000.0000,6270000.0000,NULL,0,64,36,8,NULL,'2024-01-11 17:00:00','2024-04-10 20:01:58'),(65,55,65,'','Sản phẩm 19','',30.0000,10,880000.0000,29333.3333,NULL,0,65,36,8,NULL,'2024-01-28 17:00:00','2024-04-10 20:01:58'),(66,56,66,'','Sản phẩm 20','',1.0000,10,6679999.7000,6679999.7000,NULL,0,66,27,8,NULL,'2024-02-18 17:00:00','2024-04-10 20:01:58'),(67,57,67,'','Sản phẩm 21','',8.0000,10,2068000.0000,258500.0000,NULL,0,67,36,8,NULL,'2024-01-28 17:00:00','2024-04-10 20:01:58'),(68,57,68,'','Sản phẩm 22','',8.0000,10,2068000.0000,258500.0000,NULL,0,68,36,8,NULL,'2024-01-28 17:00:00','2024-04-10 20:01:58'),(69,58,69,'','Sản phẩm 23','',2.0000,10,2805000.0000,1402500.0000,NULL,0,69,37,8,NULL,'2024-01-23 17:00:00','2024-04-10 20:01:58'),(70,59,70,'','Sản phẩm 24','',1.0000,10,278999.6000,278999.6000,NULL,0,70,38,8,NULL,'2024-02-01 17:00:00','2024-04-10 20:01:58'),(71,60,71,'','Sản phẩm 25','',1.0000,0,0.0000,0.0000,NULL,0,71,34,8,NULL,'2024-04-03 17:00:00','2024-04-10 20:01:58'),(72,61,72,'','Sản phẩm 26','',1.0000,8,520920.0000,520920.0000,NULL,0,72,38,8,NULL,'2024-02-01 17:00:00','2024-04-10 20:01:58'),(73,62,73,'','Sản phẩm 27','',1.0000,10,3719999.8000,3719999.8000,NULL,0,73,39,8,NULL,'2024-02-20 17:00:00','2024-04-10 20:01:58'),(74,63,74,'','Sản phẩm 28','',1.0000,10,13779999.2000,13779999.2000,NULL,0,74,40,8,NULL,'2024-02-27 17:00:00','2024-04-10 20:01:58'),(75,64,75,'','Sản phẩm 29','',1.0000,10,239580000.0000,239580000.0000,NULL,0,75,29,8,NULL,'2024-01-29 17:00:00','2024-04-10 20:01:58'),(76,65,76,'','Sản phẩm 30','',1.0000,8,124200000.0000,124200000.0000,NULL,0,76,41,8,NULL,'2024-04-03 17:00:00','2024-04-10 20:01:58'),(77,66,77,'','Sản phẩm 31','',1.0000,10,2163700.0000,2163700.0000,NULL,0,77,42,8,NULL,'2024-02-25 17:00:00','2024-04-10 20:01:58'),(78,67,78,'','Sản phẩm 32','',1.0000,10,15840000.0000,15840000.0000,NULL,0,78,37,8,NULL,'2024-03-01 17:00:00','2024-04-10 20:01:58'),(79,68,79,'','Sản phẩm 33','',1.0000,10,5060110.0000,5060110.0000,NULL,0,79,43,8,NULL,'2024-02-25 17:00:00','2024-04-10 20:01:58'),(80,69,80,'','Sản phẩm 34','',2.0000,10,158950000.0000,79475000.0000,NULL,0,80,44,8,NULL,'2024-03-04 17:00:00','2024-04-10 20:01:58'),(81,69,81,'','Sản phẩm 35','',10.0000,10,27500000.0000,2750000.0000,NULL,0,81,44,8,NULL,'2024-03-04 17:00:00','2024-04-10 20:01:58'),(82,70,82,'','Sản phẩm 36','',1.0000,0,92771000.0000,92771000.0000,NULL,0,82,45,8,NULL,'2024-03-03 17:00:00','2024-04-10 20:01:58'),(83,71,83,'','Sản phẩm 37','',1.0000,0,0.0000,0.0000,NULL,0,83,34,8,NULL,'2024-04-03 17:00:00','2024-04-10 20:01:58'),(84,72,84,'','Sản phẩm 38','',1.0000,10,5720000.0000,5720000.0000,NULL,0,84,35,8,NULL,'2024-03-11 17:00:00','2024-04-10 20:01:58'),(85,73,85,'','Sản phẩm 39','',1.0000,10,1980000.0000,1980000.0000,NULL,0,85,46,8,NULL,'2024-03-04 17:00:00','2024-04-10 20:01:58'),(86,74,86,'','Sản phẩm 40','',2.0000,10,13200000.0000,6600000.0000,NULL,0,86,47,8,NULL,'2024-03-10 17:00:00','2024-04-10 20:01:58'),(87,75,87,'','Sản phẩm 41','',1.0000,8,1296000.0000,1296000.0000,NULL,0,87,48,8,NULL,'2024-03-19 17:00:00','2024-04-10 20:01:58'),(88,76,88,'','Sản phẩm 42','',1.0000,10,749999.9100,749999.9100,NULL,0,88,30,8,NULL,'2024-03-04 17:00:00','2024-04-10 20:01:58'),(89,77,89,'','Sản phẩm 43','',1.0000,10,2068000.0000,2068000.0000,NULL,0,89,49,8,NULL,'2024-03-03 17:00:00','2024-04-10 20:01:58'),(90,78,90,'','Sản phẩm 44','',1.0000,10,1425000.5000,1425000.5000,NULL,0,90,42,8,NULL,'2024-03-04 17:00:00','2024-04-10 20:01:58'),(91,79,91,'','Sản phẩm 45','',1.0000,10,1499999.6000,1499999.6000,NULL,0,91,50,8,NULL,'2024-03-04 17:00:00','2024-04-10 20:01:58'),(92,80,92,'','Sản phẩm 46','',1.0000,10,2200000.0000,2200000.0000,NULL,0,92,27,8,NULL,'2024-03-04 17:00:00','2024-04-10 20:01:58'),(93,81,93,NULL,'Sản phẩm 45','Cái',5.0000,10,5000000.0000,1000000.0000,NULL,1,91,26,8,NULL,'2024-04-11 02:38:10','2024-04-11 02:38:27'),(94,81,94,NULL,'Sản phẩm 46','Cái',5.0000,10,5000000.0000,1000000.0000,NULL,1,92,26,8,NULL,'2024-04-11 02:38:10','2024-04-11 02:38:27'),(95,82,95,NULL,'VVA','Cái',5.0000,10,2500000.0000,500000.0000,NULL,1,93,2,2,NULL,'2024-04-15 04:20:25','2024-04-15 04:21:27'),(96,83,96,NULL,'Sản phẩm 46','Cái',3.0000,10,1500000.0000,500000.0000,NULL,1,92,26,8,5,'2024-04-24 11:39:40','2024-04-24 11:40:00'),(97,83,97,NULL,'Sản phẩm 45','Cái',3.0000,10,1500000.0000,500000.0000,NULL,1,91,26,8,5,'2024-04-24 11:39:40','2024-04-24 11:40:00'),(98,83,98,NULL,'Sản phẩm 43','Cái',3.0000,10,1500000.0000,500000.0000,NULL,1,89,26,8,5,'2024-04-24 11:39:40','2024-04-24 11:40:01'),(99,83,99,NULL,'Sản phẩm 42','Cái',3.0000,10,1500000.0000,500000.0000,NULL,1,88,26,8,5,'2024-04-24 11:39:40','2024-04-24 11:40:01'),(100,84,100,NULL,'Sản phẩm 44','Cái',3.0000,10,1500000.0000,500000.0000,NULL,1,90,26,8,5,'2024-04-24 11:43:08','2024-04-24 11:43:16'),(101,85,101,NULL,'Thiết bị 1','Cái',3.0000,10,1500000.0000,500000.0000,NULL,1,94,26,8,5,'2024-04-24 14:39:21','2024-04-24 14:44:16'),(102,85,102,NULL,'Thiết bị 2','Cái',3.0000,10,1500000.0000,500000.0000,NULL,1,95,26,8,5,'2024-04-24 14:39:21','2024-04-24 14:44:16'),(103,85,103,NULL,'Thiết bị 3','Cái',3.0000,10,1500000.0000,500000.0000,NULL,1,96,26,8,5,'2024-04-24 14:39:21','2024-04-24 14:44:16'),(105,87,105,NULL,'Sản phẩm 1','Cái',5.0000,10,5000000.0000,1000000.0000,NULL,1,100,51,5,5,'2024-05-14 02:37:08','2024-05-14 02:37:55'),(106,87,106,NULL,'Sản phẩm 2','Cái',5.0000,10,5000000.0000,1000000.0000,NULL,1,101,51,5,5,'2024-05-14 02:37:08','2024-05-14 02:37:55'),(111,89,111,NULL,'Sản phẩm 1','Cái',5.0000,10,5000000.0000,1000000.0000,NULL,1,107,52,9,9,'2024-05-17 14:52:27','2024-05-17 14:52:35'),(112,89,112,NULL,'Sản phẩm 2','Cái',10.0000,8,20000000.0000,2000000.0000,NULL,1,108,52,9,9,'2024-05-17 14:52:27','2024-05-17 14:52:35'),(113,90,113,NULL,'Sản phẩm 1','Cái',2.0000,10,2000000.0000,1000000.0000,NULL,1,107,52,9,9,'2024-05-17 22:48:01','2024-05-17 22:48:06'),(114,90,114,NULL,'Sản phẩm 2','Cái',3.0000,8,6000000.0000,2000000.0000,NULL,1,108,52,9,9,'2024-05-17 22:48:01','2024-05-17 22:48:06'),(115,91,115,'HH01','Hàng hóa 01','Bao',10.0000,10,12000000.0000,1200000.0000,NULL,1,109,53,20,20,'2024-05-18 11:29:40','2024-05-18 11:30:05'),(116,92,116,'HH02','Hàng hóa 02','Cái',5.0000,10,6500000.0000,1300000.0000,NULL,1,110,54,20,20,'2024-05-18 11:30:33','2024-05-18 11:32:15'),(117,93,117,'HH03','Hàng hóa 03','Thùng',7.0000,10,15400000.0000,2200000.0000,NULL,1,111,55,20,20,'2024-05-18 11:32:41','2024-05-18 11:34:29'),(118,94,118,'HH04','Hàng hóa 04','Túi',10.0000,10,17000000.0000,1700000.0000,NULL,1,112,56,20,20,'2024-05-18 11:33:04','2024-05-18 11:34:05'),(119,95,119,'HH05','Hàng hóa 05','Cái',20.0000,10,10000000.0000,500000.0000,NULL,1,113,57,20,20,'2024-05-18 11:33:24','2024-05-18 11:33:39'),(120,96,120,'HH01','Hàng hóa 01','Bao',10.0000,10,16000000.0000,1600000.0000,NULL,1,109,57,20,20,'2024-05-18 13:35:29','2024-05-18 13:35:38'),(121,96,121,'HH02','Hàng hóa 02','Cái',10.0000,10,17000000.0000,1700000.0000,NULL,1,110,57,20,20,'2024-05-18 13:35:29','2024-05-18 13:35:38'),(122,97,122,NULL,'Bao xi măng','Bao',18.0000,10,27000000.0000,1500000.0000,NULL,1,115,53,20,20,'2024-05-18 13:42:08','2024-05-18 13:42:14'),(123,98,123,'HH02','Hàng hóa 02','Cái',2.0000,10,4800000.0000,2400000.0000,NULL,1,NULL,53,20,20,'2024-05-18 14:28:20',NULL),(124,99,124,'0001','SP001','Cái',4.0000,10,400000.0000,100000.0000,NULL,1,116,58,11,11,'2024-05-20 03:57:34','2024-05-20 03:58:38'),(125,100,125,NULL,'SP002','Cái',4.0000,8,800000.0000,200000.0000,NULL,1,117,59,11,11,'2024-05-20 04:17:32','2024-05-20 04:17:41'),(126,101,126,NULL,'SP002','Cái',2.0000,8,400000.0000,200000.0000,NULL,1,117,59,11,11,'2024-05-20 04:22:57','2024-05-20 04:23:15'),(127,102,127,NULL,'SP002','Cái',2.0000,8,200000.0000,100000.0000,NULL,1,117,58,11,11,'2024-05-20 04:23:11','2024-05-20 04:23:18'),(128,103,128,'CH','Chuột','cái',6.0000,10,900000.0000,150000.0000,NULL,1,NULL,60,22,22,'2024-05-20 07:48:00',NULL),(129,103,129,'BP','Bàn Phím','cái',4.0000,10,2000000.0000,500000.0000,NULL,1,NULL,60,22,22,'2024-05-20 07:48:00',NULL),(130,104,130,'BAN','Bàn Làm Việc','cái',10.0000,10,10000000.0000,1000000.0000,NULL,1,NULL,61,22,22,'2024-05-20 07:50:19',NULL),(131,105,131,'GIAY','Giày','đôi',5.0000,0,8750000.0000,1750000.0000,NULL,1,121,62,22,22,'2024-05-20 07:51:24','2024-05-20 07:56:45'),(132,106,132,NULL,'SP002','Cái',1.0000,8,100000.0000,100000.0000,NULL,1,117,58,11,11,'2024-05-20 10:41:57','2024-05-20 10:42:13'),(133,107,133,NULL,'SP002','Cái',1.0000,8,200000.0000,200000.0000,NULL,1,117,59,11,11,'2024-05-20 10:42:06','2024-05-20 10:42:11');
/*!40000 ALTER TABLE `history_import` ENABLE KEYS */;
UNLOCK TABLES;

--
-- Table structure for table `history_payment_export`
--

DROP TABLE IF EXISTS `history_payment_export`;
/*!40101 SET @saved_cs_client     = @@character_set_client */;
/*!40101 SET character_set_client = utf8 */;
CREATE TABLE `history_payment_export` (
  `id` bigint(20) unsigned NOT NULL AUTO_INCREMENT,
  `pay_id` int(11) NOT NULL,
  `total` decimal(20,4) DEFAULT NULL,
  `payment` decimal(20,4) DEFAULT NULL,
  `debt` decimal(20,4) DEFAULT NULL,
  `workspace_id` int(11) DEFAULT NULL,
  `payment_type` varchar(255) DEFAULT NULL,
  `user_id` int(11) DEFAULT NULL,
  `created_at` timestamp NULL DEFAULT NULL,
  `updated_at` timestamp NULL DEFAULT NULL,
  PRIMARY KEY (`id`)
) ENGINE=InnoDB AUTO_INCREMENT=91 DEFAULT CHARSET=utf8mb4 COLLATE=utf8mb4_unicode_ci;
/*!40101 SET character_set_client = @saved_cs_client */;

--
-- Dumping data for table `history_payment_export`
--

LOCK TABLES `history_payment_export` WRITE;
/*!40000 ALTER TABLE `history_payment_export` DISABLE KEYS */;
INSERT INTO `history_payment_export` VALUES (1,1,8100000.0000,8100000.0000,0.0000,2,NULL,NULL,'2024-01-11 17:00:00','2024-04-08 16:43:29'),(2,2,374000.0000,374000.0000,0.0000,2,NULL,NULL,'2024-01-11 17:00:00','2024-04-08 16:43:29'),(3,3,116741000.0000,116741000.0000,0.0000,2,NULL,NULL,'2024-01-21 17:00:00','2024-04-08 16:43:29'),(4,4,970605000.0000,970605000.0000,0.0000,2,NULL,NULL,'2024-01-21 17:00:00','2024-04-08 16:43:29'),(5,5,1320000.0000,1320000.0000,0.0000,2,NULL,NULL,'2024-01-25 17:00:00','2024-04-08 16:43:29'),(6,6,742500.0000,742500.0000,0.0000,2,NULL,NULL,'2024-01-25 17:00:00','2024-04-08 16:43:29'),(7,7,6600000.0000,6600000.0000,0.0000,2,NULL,NULL,'2024-01-28 17:00:00','2024-04-08 16:43:29'),(8,8,59840000.0000,59840000.0000,0.0000,2,NULL,NULL,'2024-01-29 17:00:00','2024-04-08 16:43:29'),(9,9,2592000.0000,2592000.0000,0.0000,2,NULL,NULL,'2024-01-29 17:00:00','2024-04-08 16:43:29'),(10,10,44000000.0000,44000000.0000,0.0000,2,NULL,NULL,'2024-01-31 17:00:00','2024-04-08 16:43:29'),(11,11,16060000.0000,16060000.0000,0.0000,2,NULL,NULL,'2004-02-06 17:00:00','2024-04-08 16:43:29'),(12,12,8683999.5000,8683999.5000,0.0000,2,NULL,NULL,'2024-02-20 17:00:00','2024-04-08 16:43:29'),(13,13,9405000.0000,9405000.0000,0.0000,2,NULL,NULL,'2024-02-20 17:00:00','2024-04-08 16:43:29'),(14,14,1958000.0000,1958000.0000,0.0000,2,NULL,NULL,'2024-02-20 17:00:00','2024-04-08 16:43:29'),(15,15,1112400.0000,1112400.0000,0.0000,2,NULL,NULL,'2024-02-28 17:00:00','2024-04-08 16:43:29'),(16,16,1177200.0000,1177200.0000,0.0000,2,NULL,NULL,'2024-02-28 17:00:00','2024-04-08 16:43:29'),(17,17,4650000.3000,4650000.3000,0.0000,2,NULL,NULL,'2024-02-28 17:00:00','2024-04-08 16:43:29'),(18,18,16500000.0000,0.0000,16500000.0000,2,NULL,NULL,'2024-03-04 17:00:00','2024-04-08 16:43:29'),(19,19,336300000.3000,0.0000,336300000.3000,2,NULL,NULL,'2024-03-05 17:00:00','2024-04-08 16:43:29'),(20,20,162000000.0000,0.0000,162000000.0000,2,NULL,NULL,'2024-03-05 17:00:00','2024-04-08 16:43:29'),(21,21,29326440.0000,0.0000,29326440.0000,2,NULL,NULL,'2024-03-06 17:00:00','2024-04-08 16:43:29'),(22,22,379610000.0000,0.0000,379610000.0000,2,NULL,NULL,'2024-03-06 17:00:00','2024-04-08 16:43:29'),(23,23,128180000.0000,0.0000,128180000.0000,2,NULL,NULL,'2024-03-06 17:00:00','2024-04-08 16:43:29'),(24,24,295625000.0000,0.0000,295625000.0000,2,NULL,NULL,'2024-03-10 17:00:00','2024-04-08 16:43:29'),(25,25,13596000.0000,10120000.0000,3476000.0000,2,NULL,NULL,'2024-03-11 17:00:00','2024-04-08 16:43:29'),(26,26,33160000.0000,0.0000,33160000.0000,2,NULL,NULL,'2024-03-14 17:00:00','2024-04-08 16:43:29'),(27,27,10169500.0000,0.0000,10169500.0000,2,NULL,NULL,'2024-03-14 17:00:00','2024-04-08 16:43:29'),(28,28,8100000.0000,8100000.0000,0.0000,8,NULL,NULL,'2024-01-11 17:00:00','2024-04-07 17:00:00'),(29,29,374000.0000,374000.0000,0.0000,8,NULL,NULL,'2024-01-11 17:00:00','2024-04-07 17:00:00'),(30,30,116741000.0000,116741000.0000,0.0000,8,NULL,NULL,'2024-01-21 17:00:00','2024-04-07 17:00:00'),(31,31,970605000.0000,970605000.0000,0.0000,8,NULL,NULL,'2024-01-21 17:00:00','2024-04-07 17:00:00'),(32,32,1320000.0000,1320000.0000,0.0000,8,NULL,NULL,'2024-01-25 17:00:00','2024-04-07 17:00:00'),(33,33,742500.0000,742500.0000,0.0000,8,NULL,NULL,'2024-01-25 17:00:00','2024-04-07 17:00:00'),(34,34,6600000.0000,6600000.0000,0.0000,8,NULL,NULL,'2024-01-28 17:00:00','2024-04-07 17:00:00'),(35,35,59840000.0000,59840000.0000,0.0000,8,NULL,NULL,'2024-01-29 17:00:00','2024-04-07 17:00:00'),(36,36,2592000.0000,2592000.0000,0.0000,8,NULL,NULL,'2024-01-29 17:00:00','2024-04-07 17:00:00'),(37,37,44000000.0000,44000000.0000,0.0000,8,NULL,NULL,'2024-01-31 17:00:00','2024-04-07 17:00:00'),(38,38,16060000.0000,16060000.0000,0.0000,8,NULL,NULL,'2004-02-06 17:00:00','2024-04-07 17:00:00'),(39,39,8683999.5000,8683999.5000,0.0000,8,NULL,NULL,'2024-02-20 17:00:00','2024-04-07 17:00:00'),(40,40,9405000.0000,9405000.0000,0.0000,8,NULL,NULL,'2024-02-20 17:00:00','2024-04-07 17:00:00'),(41,41,1958000.0000,1958000.0000,0.0000,8,NULL,NULL,'2024-02-20 17:00:00','2024-04-07 17:00:00'),(42,42,1112400.0000,1112400.0000,0.0000,8,NULL,NULL,'2024-02-28 17:00:00','2024-04-07 17:00:00'),(43,43,1177200.0000,1177200.0000,0.0000,8,NULL,NULL,'2024-02-28 17:00:00','2024-04-07 17:00:00'),(44,44,4650000.3000,4650000.3000,0.0000,8,NULL,NULL,'2024-02-28 17:00:00','2024-04-07 17:00:00'),(45,45,16500000.0000,0.0000,16500000.0000,8,NULL,NULL,'2024-03-04 17:00:00','2024-04-07 17:00:00'),(46,46,336300000.3000,0.0000,336300000.3000,8,NULL,NULL,'2024-03-05 17:00:00','2024-04-07 17:00:00'),(47,47,162000000.0000,0.0000,162000000.0000,8,NULL,NULL,'2024-03-05 17:00:00','2024-04-07 17:00:00'),(48,48,29326440.0000,0.0000,29326440.0000,8,NULL,NULL,'2024-03-06 17:00:00','2024-04-07 17:00:00'),(49,49,379610000.0000,0.0000,379610000.0000,8,NULL,NULL,'2024-03-06 17:00:00','2024-04-07 17:00:00'),(50,50,128180000.0000,0.0000,128180000.0000,8,NULL,NULL,'2024-03-06 17:00:00','2024-04-07 17:00:00'),(51,51,295625000.0000,0.0000,295625000.0000,8,NULL,NULL,'2024-03-10 17:00:00','2024-04-07 17:00:00'),(52,52,13596000.0000,10120000.0000,3476000.0000,8,NULL,NULL,'2024-03-11 17:00:00','2024-04-07 17:00:00'),(53,53,33160000.0000,0.0000,33160000.0000,8,NULL,NULL,'2024-03-14 17:00:00','2024-04-07 17:00:00'),(54,54,10169500.0000,0.0000,10169500.0000,8,NULL,NULL,'2024-03-14 17:00:00','2024-04-07 17:00:00'),(55,55,8800000.0000,8800000.0000,0.0000,8,NULL,NULL,'2024-04-11 02:41:26','2024-04-11 02:41:26'),(56,56,6580000.0000,6580000.0000,0.0000,8,'Tiền mặt',5,'2024-04-24 11:51:03','2024-04-24 11:51:03'),(58,58,2200000.0000,2200000.0000,0.0000,8,'Tiền mặt',5,'2024-05-04 17:00:00','2024-05-05 14:48:54'),(59,59,23900000.0000,23900000.0000,0.0000,5,'Tiền mặt',5,'2024-05-14 02:42:11','2024-05-14 02:40:27'),(74,74,8800000.0000,8800000.0000,0.0000,20,'Tiền mặt',20,'2024-05-18 12:02:04','2024-05-18 12:00:20'),(75,75,10890000.0000,10890000.0000,0.0000,20,'Tiền mặt',20,'2024-05-18 12:04:22','2024-05-18 12:02:39'),(77,77,12100000.0000,12100000.0000,0.0000,20,'Tiền mặt',20,'2024-05-18 13:41:18','2024-05-18 13:39:33'),(78,78,7920000.0000,7920000.0000,0.0000,20,'Tiền mặt',20,'2024-05-18 14:22:19','2024-05-18 14:20:35'),(79,79,3190000.0000,3190000.0000,0.0000,20,'Tiền mặt',20,'2024-05-18 14:22:26','2024-05-18 14:20:49'),(80,80,5500000.0000,3500000.0000,2000000.0000,20,'Tiền mặt',20,'2024-05-18 14:22:47','2024-05-18 14:21:04'),(81,81,2750000.0000,2750000.0000,0.0000,20,'Tiền mặt',20,'2024-05-18 14:23:30','2024-05-18 14:21:52'),(82,82,1650000.0000,1650000.0000,0.0000,20,'Tiền mặt',20,'2024-05-18 14:24:16','2024-05-18 14:22:33'),(83,83,8140000.0000,8140000.0000,0.0000,20,'Tiền mặt',20,'2024-05-18 14:33:26','2024-05-18 14:31:42'),(84,80,5500000.0000,2000000.0000,0.0000,20,'Tiền mặt',NULL,'2024-05-18 14:33:43','2024-05-18 14:32:00'),(85,84,330000.0000,30000.0000,300000.0000,11,'Tiền mặt',11,'2024-05-20 04:12:06','2024-05-20 04:10:24'),(86,85,540000.0000,0.0000,540000.0000,4,'Tiền mặt',4,'2024-05-20 09:05:30','2024-05-20 09:03:48'),(87,86,810000.0000,10000.0000,800000.0000,11,'Tiền mặt',11,'2024-05-20 10:12:02','2024-05-20 10:10:20'),(88,87,270000.0000,20000.0000,250000.0000,11,'Tiền mặt',11,'2024-05-20 10:12:10','2024-05-20 10:10:29'),(89,88,216000.0000,0.0000,216000.0000,11,'Tiền mặt',11,'2024-05-20 10:12:18','2024-05-20 10:10:33'),(90,88,216000.0000,16000.0000,200000.0000,11,'UNC',NULL,'2024-05-20 10:12:24','2024-05-20 10:10:43');
/*!40000 ALTER TABLE `history_payment_export` ENABLE KEYS */;
UNLOCK TABLES;

--
-- Table structure for table `history_payment_order`
--

DROP TABLE IF EXISTS `history_payment_order`;
/*!40101 SET @saved_cs_client     = @@character_set_client */;
/*!40101 SET character_set_client = utf8 */;
CREATE TABLE `history_payment_order` (
  `id` bigint(20) unsigned NOT NULL AUTO_INCREMENT,
  `payment_id` int(11) NOT NULL,
  `total` decimal(20,4) NOT NULL,
  `payment` decimal(20,4) NOT NULL,
  `debt` decimal(20,4) NOT NULL,
  `workspace_id` int(11) DEFAULT NULL,
  `payment_type` varchar(255) DEFAULT NULL,
  `user_id` int(11) DEFAULT NULL,
  `provide_id` varchar(255) DEFAULT NULL,
  `created_at` timestamp NULL DEFAULT NULL,
  `updated_at` timestamp NULL DEFAULT NULL,
  PRIMARY KEY (`id`)
) ENGINE=InnoDB AUTO_INCREMENT=166 DEFAULT CHARSET=utf8mb4 COLLATE=utf8mb4_unicode_ci;
/*!40101 SET character_set_client = @saved_cs_client */;

--
-- Dumping data for table `history_payment_order`
--

LOCK TABLES `history_payment_order` WRITE;
/*!40000 ALTER TABLE `history_payment_order` DISABLE KEYS */;
INSERT INTO `history_payment_order` VALUES (41,1,2700000.0000,2700000.0000,0.0000,2,NULL,NULL,'1','2024-01-07 17:00:00','2024-04-09 04:09:35'),(42,2,288000.0000,288000.0000,0.0000,2,NULL,NULL,'2','2024-01-02 17:00:00','2024-04-09 04:09:35'),(43,3,81479650.0000,81479650.0000,0.0000,2,NULL,NULL,'3','2024-01-16 17:00:00','2024-04-09 04:09:35'),(44,4,320978160.0000,320978160.0000,0.0000,2,NULL,NULL,'4','2024-01-14 17:00:00','2024-04-09 04:09:35'),(45,5,64500000.0000,64500000.0000,0.0000,2,NULL,NULL,'3','2024-01-15 17:00:00','2024-04-09 04:09:35'),(46,6,151312000.0000,151312000.0000,0.0000,2,NULL,NULL,'20','2024-01-16 17:00:00','2024-04-09 04:09:35'),(47,7,999999.8800,999999.8800,0.0000,2,NULL,NULL,'5','2024-01-09 17:00:00','2024-04-09 04:09:35'),(48,8,550000.0000,550000.0000,0.0000,2,NULL,NULL,'6','2024-01-16 17:00:00','2024-04-09 04:09:35'),(49,9,3520000.0000,3520000.0000,0.0000,2,NULL,NULL,'7','2024-01-24 17:00:00','2024-04-09 04:09:35'),(50,10,37400000.0000,37400000.0000,0.0000,2,NULL,NULL,'3','2023-12-24 17:00:00','2024-04-09 04:09:35'),(51,11,3700004.0000,3700004.0000,0.0000,2,NULL,NULL,'8','2023-12-25 17:00:00','2024-04-09 04:09:35'),(52,12,0.0000,0.0000,0.0000,2,NULL,NULL,'9','2024-04-03 17:00:00','2024-04-09 04:09:35'),(53,13,16500000.0000,16500000.0000,0.0000,2,NULL,NULL,'10','2024-01-11 17:00:00','2024-04-09 04:09:35'),(54,14,6270000.0000,6270000.0000,0.0000,2,NULL,NULL,'11','2024-01-25 17:00:00','2024-04-09 04:09:35'),(55,15,880000.0000,880000.0000,0.0000,2,NULL,NULL,'11','2024-01-28 17:00:00','2024-04-09 04:09:35'),(56,16,6679999.7000,6679999.7000,0.0000,2,NULL,NULL,'2','2024-02-18 17:00:00','2024-04-09 04:09:35'),(57,17,4136000.0000,4136000.0000,0.0000,2,NULL,NULL,'11','2024-01-28 17:00:00','2024-04-09 04:09:35'),(58,18,2805000.0000,2805000.0000,0.0000,2,NULL,NULL,'12','2024-01-23 17:00:00','2024-04-09 04:09:35'),(59,19,278999.6000,278999.6000,0.0000,2,NULL,NULL,'13','2024-02-01 17:00:00','2024-04-09 04:09:35'),(60,20,0.0000,0.0000,0.0000,2,NULL,NULL,'9','2024-04-03 17:00:00','2024-04-09 04:09:35'),(61,21,520920.0000,520920.0000,0.0000,2,NULL,NULL,'13','2024-02-01 17:00:00','2024-04-09 04:09:35'),(62,22,3719999.8000,0.0000,3719999.8000,2,NULL,NULL,'14','2024-02-20 17:00:00','2024-04-09 04:09:35'),(63,23,13779999.2000,13779999.2000,0.0000,2,NULL,NULL,'15','2024-02-27 17:00:00','2024-04-09 04:09:35'),(64,24,239580000.0000,239580000.0000,0.0000,2,NULL,NULL,'4','2024-01-29 17:00:00','2024-04-09 04:09:35'),(65,25,124200000.0000,124200000.0000,0.0000,2,NULL,NULL,'16','2024-04-03 17:00:00','2024-04-09 04:09:35'),(66,26,2163700.0000,2163700.0000,0.0000,2,NULL,NULL,'17','2024-02-25 17:00:00','2024-04-09 04:09:35'),(67,27,15840000.0000,15840000.0000,0.0000,2,NULL,NULL,'12','2024-03-01 17:00:00','2024-04-09 04:09:35'),(68,28,5060110.0000,5060110.0000,0.0000,2,NULL,NULL,'18','2024-02-25 17:00:00','2024-04-09 04:09:35'),(69,29,186450000.0000,186450000.0000,0.0000,2,NULL,NULL,'19','2024-03-04 17:00:00','2024-04-09 04:09:35'),(70,30,92771000.0000,0.0000,92771000.0000,2,NULL,NULL,'20','2024-03-03 17:00:00','2024-04-09 04:09:35'),(71,31,0.0000,0.0000,0.0000,2,NULL,NULL,'9','2024-04-03 17:00:00','2024-04-09 04:09:35'),(72,32,5720000.0000,5720000.0000,0.0000,2,NULL,NULL,'10','2024-03-11 17:00:00','2024-04-09 04:09:35'),(73,33,1980000.0000,1980000.0000,0.0000,2,NULL,NULL,'21','2024-03-04 17:00:00','2024-04-09 04:09:35'),(74,34,13200000.0000,0.0000,13200000.0000,2,NULL,NULL,'22','2024-03-10 17:00:00','2024-04-09 04:09:35'),(75,35,1296000.0000,0.0000,1296000.0000,2,NULL,NULL,'23','2024-03-19 17:00:00','2024-04-09 04:09:35'),(76,36,749999.9100,749999.9100,0.0000,2,NULL,NULL,'5','2024-03-04 17:00:00','2024-04-09 04:09:35'),(77,37,2068000.0000,0.0000,2068000.0000,2,NULL,NULL,'24','2024-03-03 17:00:00','2024-04-09 04:09:35'),(78,38,1425000.5000,1425000.5000,0.0000,2,NULL,NULL,'17','2024-03-04 17:00:00','2024-04-09 04:09:35'),(79,39,1499999.6000,1499999.6000,0.0000,2,NULL,NULL,'25','2024-03-04 17:00:00','2024-04-09 04:09:35'),(80,40,2200000.0000,2200000.0000,0.0000,2,NULL,NULL,'2','2024-03-04 17:00:00','2024-04-09 04:09:35'),(81,41,2700000.0000,2700000.0000,0.0000,8,NULL,NULL,'26','2024-01-07 17:00:00','2024-04-08 17:00:00'),(82,42,288000.0000,288000.0000,0.0000,8,NULL,NULL,'27','2024-01-02 17:00:00','2024-04-08 17:00:00'),(83,43,81479650.0000,81479650.0000,0.0000,8,NULL,NULL,'28','2024-01-16 17:00:00','2024-04-08 17:00:00'),(84,44,320978160.0000,320978160.0000,0.0000,8,NULL,NULL,'29','2024-01-14 17:00:00','2024-04-08 17:00:00'),(85,45,64500000.0000,64500000.0000,0.0000,8,NULL,NULL,'28','2024-01-15 17:00:00','2024-04-08 17:00:00'),(86,46,151312000.0000,151312000.0000,0.0000,8,NULL,NULL,'45','2024-01-16 17:00:00','2024-04-08 17:00:00'),(87,47,999999.8800,999999.8800,0.0000,8,NULL,NULL,'30','2024-01-09 17:00:00','2024-04-08 17:00:00'),(88,48,550000.0000,550000.0000,0.0000,8,NULL,NULL,'31','2024-01-16 17:00:00','2024-04-08 17:00:00'),(89,49,3520000.0000,3520000.0000,0.0000,8,NULL,NULL,'32','2024-01-24 17:00:00','2024-04-08 17:00:00'),(90,50,37400000.0000,37400000.0000,0.0000,8,NULL,NULL,'28','2023-12-24 17:00:00','2024-04-08 17:00:00'),(91,51,3700004.0000,3700004.0000,0.0000,8,NULL,NULL,'33','2023-12-25 17:00:00','2024-04-08 17:00:00'),(92,52,0.0000,0.0000,0.0000,8,NULL,NULL,'34','2024-04-03 17:00:00','2024-04-08 17:00:00'),(93,53,16500000.0000,16500000.0000,0.0000,8,NULL,NULL,'35','2024-01-11 17:00:00','2024-04-08 17:00:00'),(94,54,6270000.0000,6270000.0000,0.0000,8,NULL,NULL,'36','2024-01-25 17:00:00','2024-04-08 17:00:00'),(95,55,880000.0000,880000.0000,0.0000,8,NULL,NULL,'36','2024-01-28 17:00:00','2024-04-08 17:00:00'),(96,56,6679999.7000,6679999.7000,0.0000,8,NULL,NULL,'27','2024-02-18 17:00:00','2024-04-08 17:00:00'),(97,57,4136000.0000,4136000.0000,0.0000,8,NULL,NULL,'36','2024-01-28 17:00:00','2024-04-08 17:00:00'),(98,58,2805000.0000,2805000.0000,0.0000,8,NULL,NULL,'37','2024-01-23 17:00:00','2024-04-08 17:00:00'),(99,59,278999.6000,278999.6000,0.0000,8,NULL,NULL,'38','2024-02-01 17:00:00','2024-04-08 17:00:00'),(100,60,0.0000,0.0000,0.0000,8,NULL,NULL,'34','2024-04-03 17:00:00','2024-04-08 17:00:00'),(101,61,520920.0000,520920.0000,0.0000,8,NULL,NULL,'38','2024-02-01 17:00:00','2024-04-08 17:00:00'),(102,62,3719999.8000,0.0000,3719999.8000,8,NULL,NULL,'39','2024-02-20 17:00:00','2024-04-08 17:00:00'),(103,63,13779999.2000,13779999.2000,0.0000,8,NULL,NULL,'40','2024-02-27 17:00:00','2024-04-08 17:00:00'),(104,64,239580000.0000,239580000.0000,0.0000,8,NULL,NULL,'29','2024-01-29 17:00:00','2024-04-08 17:00:00'),(105,65,124200000.0000,124200000.0000,0.0000,8,NULL,NULL,'41','2024-04-03 17:00:00','2024-04-08 17:00:00'),(106,66,2163700.0000,2163700.0000,0.0000,8,NULL,NULL,'42','2024-02-25 17:00:00','2024-04-08 17:00:00'),(107,67,15840000.0000,15840000.0000,0.0000,8,NULL,NULL,'37','2024-03-01 17:00:00','2024-04-08 17:00:00'),(108,68,5060110.0000,5060110.0000,0.0000,8,NULL,NULL,'43','2024-02-25 17:00:00','2024-04-08 17:00:00'),(109,69,186450000.0000,186450000.0000,0.0000,8,NULL,NULL,'44','2024-03-04 17:00:00','2024-04-08 17:00:00'),(110,70,92771000.0000,0.0000,92771000.0000,8,NULL,NULL,'45','2024-03-03 17:00:00','2024-04-08 17:00:00'),(111,71,0.0000,0.0000,0.0000,8,NULL,NULL,'34','2024-04-03 17:00:00','2024-04-08 17:00:00'),(112,72,5720000.0000,5720000.0000,0.0000,8,NULL,NULL,'35','2024-03-11 17:00:00','2024-04-08 17:00:00'),(113,73,1980000.0000,1980000.0000,0.0000,8,NULL,NULL,'46','2024-03-04 17:00:00','2024-04-08 17:00:00'),(114,74,13200000.0000,0.0000,13200000.0000,8,NULL,NULL,'47','2024-03-10 17:00:00','2024-04-08 17:00:00'),(115,75,1296000.0000,0.0000,1296000.0000,8,NULL,NULL,'48','2024-03-19 17:00:00','2024-04-08 17:00:00'),(116,76,749999.9100,749999.9100,0.0000,8,NULL,NULL,'30','2024-03-04 17:00:00','2024-04-08 17:00:00'),(117,77,2068000.0000,0.0000,2068000.0000,8,NULL,NULL,'49','2024-03-03 17:00:00','2024-04-08 17:00:00'),(118,78,1425000.5000,1425000.5000,0.0000,8,NULL,NULL,'42','2024-03-04 17:00:00','2024-04-08 17:00:00'),(119,79,1499999.6000,1499999.6000,0.0000,8,NULL,NULL,'50','2024-03-04 17:00:00','2024-04-08 17:00:00'),(120,80,2200000.0000,2200000.0000,0.0000,8,NULL,NULL,'27','2024-03-04 17:00:00','2024-04-08 17:00:00'),(121,81,11000000.0000,11000000.0000,0.0000,5,'Tiền mặt',5,'51','2024-05-13 17:00:00',NULL),(127,84,11000000.0000,11000000.0000,0.0000,20,'Tiền mặt',20,'57','2024-05-17 17:00:00',NULL),(128,85,18700000.0000,18700000.0000,0.0000,20,'Tiền mặt',20,'56','2024-05-17 17:00:00',NULL),(129,86,7150000.0000,7150000.0000,0.0000,20,'Tiền mặt',20,'54','2024-05-17 17:00:00',NULL),(130,87,8680000.0000,0.0000,8680000.0000,9,'Tiền mặt',9,'52','2024-05-17 17:00:00',NULL),(131,88,16940000.0000,7000000.0000,9940000.0000,20,'Tiền mặt',20,'55','2024-05-17 17:00:00',NULL),(132,88,16940000.0000,9940000.0000,0.0000,20,'Tiền mặt',20,'55','2024-05-17 17:00:00',NULL),(133,89,13200000.0000,3000000.0000,10200000.0000,20,'Tiền mặt',20,'53','2024-05-17 17:00:00',NULL),(134,90,36300000.0000,36300000.0000,0.0000,20,'Tiền mặt',20,'57','2024-05-17 17:00:00',NULL),(135,89,13200000.0000,10200000.0000,0.0000,20,'Tiền mặt',20,'53','2024-05-17 17:00:00',NULL),(136,91,29700000.0000,29700000.0000,0.0000,20,'Tiền mặt',20,'53','2024-05-17 17:00:00',NULL),(137,92,5280000.0000,5280000.0000,0.0000,20,'Tiền mặt',20,'53','2024-05-17 17:00:00',NULL),(158,94,27100000.0000,0.0000,27100000.0000,9,'Tiền mặt',9,'52','2024-05-20 03:49:24',NULL),(159,95,440000.0000,0.0000,440000.0000,11,'Tiền mặt',11,'58','2024-05-20 04:12:29',NULL),(160,95,440000.0000,440000.0000,0.0000,11,'Tiền mặt',11,'58','2024-05-20 04:12:35',NULL),(161,96,3190000.0000,1500000.0000,1690000.0000,22,'Tiền mặt',22,'60','2024-05-20 07:53:31',NULL),(162,97,216000.0000,0.0000,216000.0000,11,'Tiền mặt',11,'58','2024-05-20 10:12:42',NULL),(163,98,432000.0000,2000.0000,430000.0000,11,'Tiền mặt',11,'59','2024-05-19 17:00:00',NULL),(164,99,864000.0000,40000.0000,824000.0000,11,'UNC',11,'59','2024-05-19 17:00:00',NULL),(165,97,216000.0000,60000.0000,156000.0000,11,'Tiền mặt',11,'58','2024-05-19 17:00:00',NULL);
/*!40000 ALTER TABLE `history_payment_order` ENABLE KEYS */;
UNLOCK TABLES;

--
-- Table structure for table `invitations`
--

DROP TABLE IF EXISTS `invitations`;
/*!40101 SET @saved_cs_client     = @@character_set_client */;
/*!40101 SET character_set_client = utf8 */;
CREATE TABLE `invitations` (
  `id` bigint(20) unsigned NOT NULL AUTO_INCREMENT,
  `workspace_id` bigint(20) unsigned NOT NULL,
  `email` varchar(255) DEFAULT NULL,
  `token` varchar(255) NOT NULL,
  `status` tinyint(1) NOT NULL DEFAULT 1,
  `roleid` bigint(20) unsigned NOT NULL DEFAULT 0,
  `created_at` timestamp NULL DEFAULT NULL,
  `updated_at` timestamp NULL DEFAULT NULL,
  PRIMARY KEY (`id`),
  KEY `invitations_workspace_id_foreign` (`workspace_id`),
  CONSTRAINT `invitations_workspace_id_foreign` FOREIGN KEY (`workspace_id`) REFERENCES `workspaces` (`id`)
) ENGINE=InnoDB AUTO_INCREMENT=23 DEFAULT CHARSET=utf8mb4 COLLATE=utf8mb4_unicode_ci;
/*!40101 SET character_set_client = @saved_cs_client */;

--
-- Dumping data for table `invitations`
--

LOCK TABLES `invitations` WRITE;
/*!40000 ALTER TABLE `invitations` DISABLE KEYS */;
INSERT INTO `invitations` VALUES (1,2,NULL,'e4SubUaoVacOSlhHanHwi4NYuNfzAoNc',1,0,'2024-04-05 03:04:48','2024-04-05 03:04:48'),(2,5,NULL,'B1NsOMfCMnpp4BCllXyYBak5J6aWsxSl',1,0,'2024-04-10 05:18:22','2024-04-10 05:18:22'),(3,4,NULL,'cRmcxg4Y71AotqKQXNAFRVtbbl15jkGZ',1,0,'2024-04-10 10:07:05','2024-04-10 10:07:05'),(4,8,NULL,'feDMNj39Km5w8JKYEqYbvMLBMO9LYdlv',1,0,'2024-04-10 18:13:29','2024-04-10 18:13:29'),(5,9,NULL,'EVMDoMi8hdwcLlMh7zsiWnREuqUecafG',1,0,'2024-04-11 01:53:57','2024-04-11 01:53:57'),(6,10,NULL,'axySRzXioLZgC8VS89eUoKA18HPqUnbx',1,0,'2024-04-11 08:44:58','2024-04-11 08:44:58'),(7,11,NULL,'meX6UyM2qGS2wlpXFM6ximViFkBgcI1A',1,0,'2024-04-13 04:31:52','2024-04-13 04:31:52'),(8,2,'vincent.nguyen@ringnet.vn','oLGed93eMeIO4Q33Uy0PFS07aRF2XxVj',1,2,'2024-04-16 03:34:14','2024-04-16 03:34:14'),(9,12,NULL,'BwaoOoH95swIaBxECxDp5d1ZJA7jfPwS',1,0,'2024-04-22 03:35:08','2024-04-22 03:35:08'),(10,12,'lordness12@gmail.com','DaUeKVI8GtyMQVR6uBRoU1PBsb3NLhAg',1,2,'2024-04-22 03:35:49','2024-04-22 03:35:49'),(11,13,NULL,'SCfAHUiMUHOfPqhhqVdR2z85smwHhEAk',1,0,'2024-04-24 14:12:08','2024-04-24 14:12:08'),(12,14,NULL,'EivQW0DwUg0QB7dDq8eAx4zs1HuFBtsz',1,0,'2024-04-27 03:21:34','2024-04-27 03:21:34'),(13,15,NULL,'yCRJBhuWFrPcGKB3DEbVM4AwGoiPgVU0',1,0,'2024-04-29 07:18:02','2024-04-29 07:18:02'),(14,16,NULL,'ZeNACauzhwlhB3xjPM0ZoQHAJ3PIfkR9',1,0,'2024-05-01 08:27:29','2024-05-01 08:27:29'),(15,17,NULL,'wrmli4BRXp3emPOK3zghQxKxlQpP2mui',1,0,'2024-05-02 02:32:17','2024-05-02 02:32:17'),(16,2,'tranbaotin171000@gmail.com','dXmTNeyDaJHnpdWaMfaSD4s7IJJp422d',1,2,'2024-05-04 03:22:27','2024-05-04 03:22:27'),(17,18,NULL,'X9kvVAFbKxATFsRZDe6HbFr77vF7fMx7',1,0,'2024-05-06 02:10:49','2024-05-06 02:10:49'),(18,19,NULL,'mVrI21CrrjrtiSIh17aC1IRDu0HYda24',1,0,'2024-05-06 07:10:32','2024-05-06 07:10:32'),(20,6,NULL,'iZ4xU6P0A1AsF5dQaDHW4Xo9Ei7UBP1f',1,0,'2024-05-15 06:46:46','2024-05-15 06:46:46'),(21,20,NULL,'vPekwcpC56DYSujY4lcbTsOnrO78KOom',1,0,'2024-05-18 10:46:47','2024-05-18 10:46:47'),(22,22,NULL,'dDGRjACBK4o6vkh9iyykoIaM7udcHPaw',1,0,'2024-05-20 07:44:12','2024-05-20 07:44:12');
/*!40000 ALTER TABLE `invitations` ENABLE KEYS */;
UNLOCK TABLES;

--
-- Table structure for table `migrations`
--

DROP TABLE IF EXISTS `migrations`;
/*!40101 SET @saved_cs_client     = @@character_set_client */;
/*!40101 SET character_set_client = utf8 */;
CREATE TABLE `migrations` (
  `id` int(10) unsigned NOT NULL AUTO_INCREMENT,
  `migration` varchar(255) NOT NULL,
  `batch` int(11) NOT NULL,
  PRIMARY KEY (`id`)
) ENGINE=InnoDB AUTO_INCREMENT=86 DEFAULT CHARSET=utf8mb4 COLLATE=utf8mb4_unicode_ci;
/*!40101 SET character_set_client = @saved_cs_client */;

--
-- Dumping data for table `migrations`
--

LOCK TABLES `migrations` WRITE;
/*!40000 ALTER TABLE `migrations` DISABLE KEYS */;
INSERT INTO `migrations` VALUES (1,'2014_10_12_000000_create_users_table',1),(2,'2014_10_12_100000_create_password_reset_tokens_table',1),(3,'2014_10_12_200000_add_two_factor_columns_to_users_table',1),(4,'2019_08_19_000000_create_failed_jobs_table',1),(5,'2019_12_14_000001_create_personal_access_tokens_table',1),(6,'2023_10_23_063108_create_products_table',1),(7,'2023_10_23_063938_create_warehouse_table',1),(8,'2023_10_23_065935_create_provides_table',1),(9,'2023_10_23_070452_create_detailimport_table',1),(10,'2023_10_23_070931_create_quoteimport_table',1),(11,'2023_10_23_071052_create_project_table',1),(12,'2023_10_23_071202_create_guest_table',1),(13,'2023_10_23_071629_create_quoteexport_table',1),(14,'2023_10_23_071724_create_detailexport_table',1),(15,'2023_10_23_074126_create_update_table',1),(16,'2023_10_23_094155_create_serialnumber_table',1),(17,'2023_10_23_100814_create_sessions_table',1),(18,'2023_10_23_103920_create_roles_table',1),(19,'2023_10_23_104003_create_role_user_table',1),(20,'2023_10_26_072644_create_update_data_table',1),(21,'2023_11_03_054202_create_receive_bill_table',1),(22,'2023_11_07_071016_create_reciept_table',1),(23,'2023_11_08_054013_update_price_import',1),(24,'2023_11_09_040916_create_pay_order_table',1),(25,'2023_11_09_041809_create_delivery_table',1),(26,'2023_11_12_055122_create_delivered_table',1),(27,'2023_11_12_165721_create_bill_sale_table',1),(28,'2023_11_12_181329_create_pay_export_table',1),(29,'2023_11_14_021642_create_products_import_table',1),(30,'2023_11_17_032929_create_update_qty_delivery_table',1),(31,'2023_11_20_065756_create_history_import_table',1),(32,'2023_11_21_065232_create_update_required_table',1),(33,'2023_11_22_032847_create_history_receive_table',1),(34,'2023_11_24_043806_add_number_bill_bill_sale',1),(35,'2023_11_24_055721_create_history_payment_order_table',1),(36,'2023_11_26_104821_create_product_bill',1),(37,'2023_11_26_175638_create_product_pay',1),(38,'2023_11_26_175912_create_history-payment',1),(39,'2023_11_27_061602_insert_column_detail_export',1),(40,'2023_11_27_105206_create_update_colum_table',1),(41,'2023_11_29_043725_create_attachment_table',1),(42,'2023_12_06_142730_insert_serinumber',1),(43,'2023_12_08_030243_insert_quote_delivery',1),(44,'2023_12_08_064520_create_update_column_provideandguest_table',1),(45,'2023_12_08_071011_create_date_form_table',1),(46,'2023_12_11_064021_create_represent_guest_table',1),(47,'2023_12_11_064406_create_represent_provide_table',1),(48,'2023_12_13_054630_update_date_form',1),(49,'2023_12_13_054630_update_guest_delivery',1),(50,'2023_12_14_064406_create_guest_dateform',1),(51,'2023_12_14_072914_create_update_column_sn_table',1),(52,'2023_12_21_080702_create_workspaces_table',1),(53,'2023_12_22_054630_update_user',1),(54,'2023_12_25_040904_create_update_database_table',1),(55,'2024_01_05_041217_create_update_database_table',1),(56,'2024_01_08_080702_create_history_table',1),(57,'2024_01_22_072314_create_update_database_table',1),(58,'2024_01_23_032808_insert_col_delivery_table',1),(59,'2024_01_23_040005_create_invitations_table',1),(60,'2024_01_24_035534_insert_col_represent_guest_table',1),(61,'2024_01_24_154629_create_user_workspaces_table',1),(62,'2024_01_31_085935_create_update_database_table',1),(63,'2024_02_01_163019_insert_col_attachment_table',1),(64,'2024_02_20_112050_create_update_database_table',1),(65,'2024_02_23_170827_create_numberbill_bill_sale_table',1),(66,'2024_02_28_114550_create_code_delivery_delivery_table',1),(67,'2024_03_04_160220_create_code_payment_pay_export_table',1),(68,'2024_03_06_175749_create_update_database_table',1),(69,'2024_03_11_101816_create_status_detail_export_table',1),(70,'2024_03_12_120225_create_update_database_table',1),(71,'2024_03_20_122359_create_user_flow_database_table',1),(72,'2024_03_22_120225_create_update_user_table',1),(73,'2024_03_29_095706_create_update_database_table',1),(74,'2024_04_01_142552_create_update_database_table',1),(75,'2024_04_02_162938_create_update_database_table',1),(76,'2024_04_03_162938_create_update_history_table',1),(77,'2024_04_04_095907_create_update_database_table',2),(78,'2024_04_08_162938_create_update_history_table',3),(79,'2024_04_15_091505_create_update_database_table',4),(80,'2024_04_16_110134_create_update_database_table',5),(81,'2024_04_17_095907_create_update_roles_permission',6),(82,'2024_05_04_095021_create_update_database_table',7),(83,'2024_05_07_135518_create_update_database_table',7),(84,'2024_05_11_135742_create_update_database_table',8),(85,'2024_05_13_155633_create_update_database_table',8);
/*!40000 ALTER TABLE `migrations` ENABLE KEYS */;
UNLOCK TABLES;

--
-- Table structure for table `password_reset_tokens`
--

DROP TABLE IF EXISTS `password_reset_tokens`;
/*!40101 SET @saved_cs_client     = @@character_set_client */;
/*!40101 SET character_set_client = utf8 */;
CREATE TABLE `password_reset_tokens` (
  `email` varchar(255) NOT NULL,
  `token` varchar(255) NOT NULL,
  `created_at` timestamp NULL DEFAULT NULL,
  PRIMARY KEY (`email`)
) ENGINE=InnoDB DEFAULT CHARSET=utf8mb4 COLLATE=utf8mb4_unicode_ci;
/*!40101 SET character_set_client = @saved_cs_client */;

--
-- Dumping data for table `password_reset_tokens`
--

LOCK TABLES `password_reset_tokens` WRITE;
/*!40000 ALTER TABLE `password_reset_tokens` DISABLE KEYS */;
/*!40000 ALTER TABLE `password_reset_tokens` ENABLE KEYS */;
UNLOCK TABLES;

--
-- Table structure for table `pay_export`
--

DROP TABLE IF EXISTS `pay_export`;
/*!40101 SET @saved_cs_client     = @@character_set_client */;
/*!40101 SET character_set_client = utf8 */;
CREATE TABLE `pay_export` (
  `id` bigint(20) unsigned NOT NULL AUTO_INCREMENT,
  `detailexport_id` int(11) NOT NULL,
  `guest_id` int(11) NOT NULL,
  `code_payment` varchar(255) DEFAULT NULL,
  `payment_date` date NOT NULL,
  `total` decimal(20,4) NOT NULL,
  `payment` decimal(20,4) NOT NULL,
  `debt` decimal(20,4) NOT NULL,
  `payment_day` datetime DEFAULT NULL,
  `payment_type` varchar(255) DEFAULT NULL,
  `status` int(11) NOT NULL,
  `workspace_id` int(11) DEFAULT NULL,
  `user_id` int(11) DEFAULT NULL,
  `created_at` timestamp NULL DEFAULT NULL,
  `updated_at` timestamp NULL DEFAULT NULL,
  PRIMARY KEY (`id`)
) ENGINE=InnoDB AUTO_INCREMENT=89 DEFAULT CHARSET=utf8mb4 COLLATE=utf8mb4_unicode_ci;
/*!40101 SET character_set_client = @saved_cs_client */;

--
-- Dumping data for table `pay_export`
--

LOCK TABLES `pay_export` WRITE;
/*!40000 ALTER TABLE `pay_export` DISABLE KEYS */;
INSERT INTO `pay_export` VALUES (1,1,1,'00000001','2024-01-12',8100000.0000,8100000.0000,0.0000,'2024-01-12 00:00:00',NULL,2,2,NULL,'2024-01-11 17:00:00','2024-04-08 16:04:06'),(2,2,2,'00000002','2024-01-12',374000.0000,374000.0000,0.0000,'2024-01-12 00:00:00',NULL,2,2,NULL,'2024-01-11 17:00:00','2024-04-08 16:04:06'),(3,3,3,'00000003','2024-01-22',116741000.0000,116741000.0000,0.0000,'2024-01-22 00:00:00',NULL,2,2,NULL,'2024-01-21 17:00:00','2024-04-08 16:04:06'),(4,4,4,'00000004','2024-01-22',970605000.0000,970605000.0000,0.0000,'2024-01-22 00:00:00',NULL,2,2,NULL,'2024-01-21 17:00:00','2024-04-08 16:04:06'),(5,5,1,'00000005','2024-01-26',1320000.0000,1320000.0000,0.0000,'2024-01-26 00:00:00',NULL,2,2,NULL,'2024-01-25 17:00:00','2024-04-08 16:04:06'),(6,6,1,'00000006','2024-01-26',742500.0000,742500.0000,0.0000,'2024-01-26 00:00:00',NULL,2,2,NULL,'2024-01-25 17:00:00','2024-04-08 16:04:06'),(7,7,1,'00000007','2024-01-29',6600000.0000,6600000.0000,0.0000,'2024-01-29 00:00:00',NULL,2,2,NULL,'2024-01-28 17:00:00','2024-04-08 16:04:06'),(8,8,7,'00000008','2024-01-30',59840000.0000,59840000.0000,0.0000,'2024-01-30 00:00:00',NULL,2,2,NULL,'2024-01-29 17:00:00','2024-04-08 16:04:06'),(9,9,6,'00000009','2024-01-30',2592000.0000,2592000.0000,0.0000,'2024-01-30 00:00:00',NULL,2,2,NULL,'2024-01-29 17:00:00','2024-04-08 16:04:06'),(10,10,7,'00000010','2024-02-01',44000000.0000,44000000.0000,0.0000,'2024-02-01 00:00:00',NULL,2,2,NULL,'2024-01-31 17:00:00','2024-04-08 16:04:06'),(11,11,7,'00000011','2024-02-07',16060000.0000,16060000.0000,0.0000,'2024-02-07 00:00:00',NULL,2,2,NULL,'2024-02-06 17:00:00','2024-04-08 16:04:06'),(12,12,8,'00000012','2024-02-21',8683999.5000,8683999.5000,0.0000,'2024-02-21 00:00:00',NULL,2,2,NULL,'2024-02-20 17:00:00','2024-04-08 16:04:06'),(13,13,7,'00000013','2024-02-21',9405000.0000,9405000.0000,0.0000,'2024-02-21 00:00:00',NULL,2,2,NULL,'2024-02-20 17:00:00','2024-04-08 16:04:06'),(14,14,1,'00000014','2024-02-21',1958000.0000,1958000.0000,0.0000,'2024-02-21 00:00:00',NULL,2,2,NULL,'2024-02-20 17:00:00','2024-04-08 16:04:06'),(15,15,1,'00000015','2024-02-29',1112400.0000,1112400.0000,0.0000,'2024-02-29 00:00:00',NULL,2,2,NULL,'2024-02-28 17:00:00','2024-04-08 16:04:06'),(16,16,1,'00000016','2024-02-29',1177200.0000,1177200.0000,0.0000,'2024-02-29 00:00:00',NULL,2,2,NULL,'2024-02-28 17:00:00','2024-04-08 16:04:06'),(17,17,1,'00000017','2024-02-29',4650000.3000,4650000.3000,0.0000,'2024-02-29 00:00:00',NULL,2,2,NULL,'2024-02-28 17:00:00','2024-04-08 16:04:06'),(18,18,1,'00000018','2024-03-05',16500000.0000,0.0000,16500000.0000,'2024-03-05 00:00:00',NULL,4,2,NULL,'2024-03-04 17:00:00','2024-04-08 16:04:06'),(19,19,4,'00000019','2024-03-06',336300000.3000,0.0000,336300000.3000,'2024-03-06 00:00:00',NULL,4,2,NULL,'2024-03-05 17:00:00','2024-04-08 16:04:06'),(20,20,4,'00000020','2024-03-06',162000000.0000,0.0000,162000000.0000,'2024-03-06 00:00:00',NULL,4,2,NULL,'2024-03-05 17:00:00','2024-04-08 16:04:06'),(21,21,1,'00000021','2024-03-07',29326440.0000,0.0000,29326440.0000,'2024-03-07 00:00:00',NULL,4,2,NULL,'2024-03-06 17:00:00','2024-04-08 16:04:06'),(22,22,7,'00000022','2024-03-07',379610000.0000,0.0000,379610000.0000,'2024-03-07 00:00:00',NULL,4,2,NULL,'2024-03-06 17:00:00','2024-04-08 16:04:06'),(23,23,7,'00000023','2024-03-07',128180000.0000,0.0000,128180000.0000,'2024-03-07 00:00:00',NULL,4,2,NULL,'2024-03-06 17:00:00','2024-04-08 16:04:06'),(24,24,10,'00000024','2024-03-11',295625000.0000,0.0000,295625000.0000,'2024-03-11 00:00:00',NULL,4,2,NULL,'2024-03-10 17:00:00','2024-04-08 16:04:06'),(25,25,7,'00000025','2024-03-12',13596000.0000,10120000.0000,3476000.0000,'2024-03-12 00:00:00',NULL,4,2,NULL,'2024-03-11 17:00:00','2024-04-08 16:04:06'),(26,26,11,'00000026','2024-03-15',33160000.0000,0.0000,33160000.0000,'2024-03-15 00:00:00',NULL,4,2,NULL,'2024-03-14 17:00:00','2024-04-08 16:04:06'),(27,27,1,'00000027','2024-03-15',10169500.0000,0.0000,10169500.0000,'2024-03-15 00:00:00',NULL,4,2,NULL,'2024-03-14 17:00:00','2024-04-08 16:04:06'),(28,28,12,'00000001','2024-01-12',8100000.0000,8100000.0000,0.0000,NULL,NULL,2,8,NULL,'2024-01-11 17:00:00','2024-04-10 18:28:13'),(29,29,13,'00000002','2024-01-12',374000.0000,374000.0000,0.0000,NULL,NULL,2,8,NULL,'2024-01-11 17:00:00','2024-04-10 18:28:13'),(30,30,14,'00000003','2024-01-22',116741000.0000,116741000.0000,0.0000,NULL,NULL,2,8,NULL,'2024-01-21 17:00:00','2024-04-10 18:28:13'),(31,31,15,'00000004','2024-01-22',970605000.0000,970605000.0000,0.0000,NULL,NULL,2,8,NULL,'2024-01-21 17:00:00','2024-04-10 18:28:13'),(32,32,12,'00000005','2024-01-26',1320000.0000,1320000.0000,0.0000,NULL,NULL,2,8,NULL,'2024-01-25 17:00:00','2024-04-10 18:28:13'),(33,33,12,'00000006','2024-01-26',742500.0000,742500.0000,0.0000,NULL,NULL,2,8,NULL,'2024-01-25 17:00:00','2024-04-10 18:28:13'),(34,34,12,'00000007','2024-01-29',6600000.0000,6600000.0000,0.0000,NULL,NULL,2,8,NULL,'2024-01-28 17:00:00','2024-04-10 18:28:13'),(35,35,18,'00000008','2024-01-30',59840000.0000,59840000.0000,0.0000,NULL,NULL,2,8,NULL,'2024-01-29 17:00:00','2024-04-10 18:28:13'),(36,36,17,'00000009','2024-01-30',2592000.0000,2592000.0000,0.0000,NULL,NULL,2,8,NULL,'2024-01-29 17:00:00','2024-04-10 18:28:13'),(37,37,18,'00000010','2024-02-01',44000000.0000,44000000.0000,0.0000,NULL,NULL,2,8,NULL,'2024-01-31 17:00:00','2024-04-10 18:28:13'),(38,38,18,'00000011','2024-02-07',16060000.0000,16060000.0000,0.0000,'2024-02-07 00:00:00',NULL,2,8,NULL,'2024-02-06 17:00:00','2024-04-10 18:28:13'),(39,39,19,'00000012','2024-02-21',8683999.5000,8683999.5000,0.0000,NULL,NULL,2,8,NULL,'2024-02-20 17:00:00','2024-04-10 18:28:13'),(40,40,18,'00000013','2024-02-21',9405000.0000,9405000.0000,0.0000,NULL,NULL,2,8,NULL,'2024-02-20 17:00:00','2024-04-10 18:28:13'),(41,41,12,'00000014','2024-02-21',1958000.0000,1958000.0000,0.0000,NULL,NULL,2,8,NULL,'2024-02-20 17:00:00','2024-04-10 18:28:13'),(42,42,12,'00000015','2024-02-29',1112400.0000,1112400.0000,0.0000,NULL,NULL,2,8,NULL,'2024-02-28 17:00:00','2024-04-10 18:28:13'),(43,43,12,'00000016','2024-02-29',1177200.0000,1177200.0000,0.0000,NULL,NULL,2,8,NULL,'2024-02-28 17:00:00','2024-04-10 18:28:13'),(44,44,12,'00000017','2024-02-29',4650000.3000,4650000.3000,0.0000,NULL,NULL,2,8,NULL,'2024-02-28 17:00:00','2024-04-10 18:28:13'),(45,45,12,'00000018','2024-03-05',16500000.0000,0.0000,16500000.0000,NULL,NULL,4,8,NULL,'2024-03-04 17:00:00','2024-04-10 18:28:13'),(46,46,15,'00000019','2024-03-06',336300000.3000,0.0000,336300000.3000,NULL,NULL,4,8,NULL,'2024-03-05 17:00:00','2024-04-10 18:28:13'),(47,47,15,'00000020','2024-03-06',162000000.0000,0.0000,162000000.0000,NULL,NULL,4,8,NULL,'2024-03-05 17:00:00','2024-04-10 18:28:13'),(48,48,12,'00000021','2024-03-07',29326440.0000,0.0000,29326440.0000,NULL,NULL,4,8,NULL,'2024-03-06 17:00:00','2024-04-10 18:28:13'),(49,49,18,'00000022','2024-03-07',379610000.0000,0.0000,379610000.0000,NULL,NULL,4,8,NULL,'2024-03-06 17:00:00','2024-04-10 18:28:13'),(50,50,18,'00000023','2024-03-07',128180000.0000,0.0000,128180000.0000,NULL,NULL,4,8,NULL,'2024-03-06 17:00:00','2024-04-10 18:28:13'),(51,51,21,'00000024','2024-03-11',295625000.0000,0.0000,295625000.0000,NULL,NULL,4,8,NULL,'2024-03-10 17:00:00','2024-04-10 18:28:13'),(52,52,18,'00000025','2024-03-12',13596000.0000,10120000.0000,3476000.0000,NULL,NULL,4,8,NULL,'2024-03-11 17:00:00','2024-04-10 18:28:13'),(53,53,22,'00000026','2024-03-15',33160000.0000,0.0000,33160000.0000,NULL,NULL,4,8,NULL,'2024-03-14 17:00:00','2024-04-10 18:28:13'),(54,54,12,'00000027','2024-03-15',10169500.0000,0.0000,10169500.0000,NULL,NULL,4,8,NULL,'2024-03-14 17:00:00','2024-04-10 18:28:13'),(55,55,22,'MTT-28','2024-04-11',8800000.0000,8800000.0000,0.0000,'2024-04-11 09:41:26','Tiền mặt',2,8,NULL,'2024-04-11 02:41:26','2024-04-11 02:41:26'),(56,57,22,'MTT-29','2024-04-24',6580000.0000,6580000.0000,0.0000,'2024-04-24 18:51:03','Tiền mặt',2,8,5,'2024-04-24 11:51:03','2024-04-24 11:51:03'),(58,61,22,'MTT-30','2024-05-05',2200000.0000,2200000.0000,0.0000,'2024-05-05 00:00:00','Tiền mặt',2,8,5,'2024-05-05 14:48:54','2024-05-05 14:48:54'),(59,63,26,'MTT-1','2024-05-14',23900000.0000,23900000.0000,0.0000,'2024-05-14 09:47:28','UNC',2,5,5,'2024-05-14 02:40:27','2024-05-14 02:45:48'),(74,76,32,'MTT-1','2024-05-18',8800000.0000,8800000.0000,0.0000,'2024-05-18 19:02:04','Tiền mặt',2,20,20,'2024-05-18 12:00:20','2024-05-18 12:00:20'),(75,74,30,'MTT-2','2024-05-18',10890000.0000,10890000.0000,0.0000,'2024-05-18 19:04:22','Tiền mặt',2,20,20,'2024-05-18 12:02:39','2024-05-18 12:02:39'),(77,72,28,'MTT-3','2024-05-18',12100000.0000,12100000.0000,0.0000,'2024-05-18 20:41:18','Tiền mặt',2,20,20,'2024-05-18 13:39:33','2024-05-18 13:39:33'),(78,83,31,'MTT-4','2024-05-18',7920000.0000,7920000.0000,0.0000,'2024-05-18 21:22:19','Tiền mặt',2,20,20,'2024-05-18 14:20:35','2024-05-18 14:20:35'),(79,85,30,'MTT-5','2024-05-18',3190000.0000,3190000.0000,0.0000,'2024-05-18 21:22:26','Tiền mặt',2,20,20,'2024-05-18 14:20:49','2024-05-18 14:20:49'),(80,81,31,'MTT-6','2024-05-18',5500000.0000,5500000.0000,0.0000,'2024-05-18 21:33:43','Tiền mặt',2,20,20,'2024-05-18 14:21:04','2024-05-18 14:32:00'),(81,79,31,'MTT-7','2024-05-18',2750000.0000,2750000.0000,0.0000,'2024-05-18 21:23:30','Tiền mặt',2,20,20,'2024-05-18 14:21:52','2024-05-18 14:21:52'),(82,82,30,'MTT-8','2024-05-18',1650000.0000,1650000.0000,0.0000,'2024-05-18 21:24:16','Tiền mặt',2,20,20,'2024-05-18 14:22:33','2024-05-18 14:22:33'),(83,77,31,'MTT-9','2024-05-18',8140000.0000,8140000.0000,0.0000,'2024-05-18 21:33:26','Tiền mặt',2,20,20,'2024-05-18 14:31:42','2024-05-18 14:31:42'),(84,87,34,'MTT-1','2024-05-20',330000.0000,30000.0000,300000.0000,'2024-05-20 11:12:06','Tiền mặt',4,11,11,'2024-05-20 04:10:24','2024-05-20 04:10:24'),(85,78,33,'MTT-1','2024-05-25',540000.0000,0.0000,540000.0000,'2024-05-20 16:05:30','Tiền mặt',1,4,4,'2024-05-20 09:03:48','2024-05-20 09:03:48'),(86,99,34,'MTT-2','2024-05-20',810000.0000,10000.0000,800000.0000,'2024-05-20 17:12:02','Tiền mặt',4,11,11,'2024-05-20 10:10:20','2024-05-20 10:10:20'),(87,98,35,'MTT-3','2024-05-20',270000.0000,20000.0000,250000.0000,'2024-05-20 17:12:10','Tiền mặt',4,11,11,'2024-05-20 10:10:29','2024-05-20 10:10:29'),(88,97,35,'MTT-4','2024-05-20',216000.0000,16000.0000,200000.0000,'2024-05-20 17:12:24','UNC',4,11,11,'2024-05-20 10:10:33','2024-05-20 10:10:43');
/*!40000 ALTER TABLE `pay_export` ENABLE KEYS */;
UNLOCK TABLES;

--
-- Table structure for table `pay_order`
--

DROP TABLE IF EXISTS `pay_order`;
/*!40101 SET @saved_cs_client     = @@character_set_client */;
/*!40101 SET character_set_client = utf8 */;
CREATE TABLE `pay_order` (
  `id` bigint(20) unsigned NOT NULL AUTO_INCREMENT,
  `detailimport_id` int(11) NOT NULL,
  `provide_id` int(11) NOT NULL,
  `status` int(11) NOT NULL,
  `payment_code` varchar(255) DEFAULT NULL,
  `workspace_id` int(11) DEFAULT NULL,
  `user_id` int(11) DEFAULT NULL,
  `payment_date` date NOT NULL,
  `total` decimal(20,4) NOT NULL,
  `payment` decimal(20,4) NOT NULL,
  `debt` decimal(20,4) NOT NULL,
  `payment_day` datetime DEFAULT NULL,
  `payment_type` varchar(255) DEFAULT NULL,
  `created_at` timestamp NULL DEFAULT NULL,
  `updated_at` timestamp NULL DEFAULT NULL,
  PRIMARY KEY (`id`)
) ENGINE=InnoDB AUTO_INCREMENT=100 DEFAULT CHARSET=utf8mb4 COLLATE=utf8mb4_unicode_ci;
/*!40101 SET character_set_client = @saved_cs_client */;

--
-- Dumping data for table `pay_order`
--

LOCK TABLES `pay_order` WRITE;
/*!40000 ALTER TABLE `pay_order` DISABLE KEYS */;
INSERT INTO `pay_order` VALUES (1,1,1,2,'00000007',2,NULL,'2024-01-08',2700000.0000,2700000.0000,0.0000,'2024-01-08 00:00:00','UNC','2024-01-07 17:00:00','2024-04-08 17:43:26'),(2,2,2,2,'00000475',2,NULL,'2024-01-03',288000.0000,288000.0000,0.0000,'2024-01-03 00:00:00','Tiền mặt','2024-01-02 17:00:00','2024-04-08 17:43:26'),(3,3,3,2,'22',2,NULL,'2024-01-17',81479650.0000,81479650.0000,0.0000,'2024-01-17 00:00:00','UNC','2024-01-16 17:00:00','2024-04-08 17:43:26'),(4,4,4,2,'00000097',2,NULL,'2024-01-15',320978160.0000,320978160.0000,0.0000,'2024-01-15 00:00:00','UNC','2024-01-14 17:00:00','2024-04-08 17:43:26'),(5,5,3,2,'16',2,NULL,'2024-01-16',64500000.0000,64500000.0000,0.0000,'2024-01-16 00:00:00','UNC','2024-01-15 17:00:00','2024-04-08 17:43:26'),(6,6,20,2,'892',2,NULL,'2024-01-17',151312000.0000,151312000.0000,0.0000,'2024-01-17 00:00:00','UNC','2024-01-16 17:00:00','2024-04-08 17:43:26'),(7,7,5,2,'00000722',2,NULL,'2024-01-10',999999.8800,999999.8800,0.0000,'2024-01-10 00:00:00','Tiền mặt','2024-01-09 17:00:00','2024-04-08 17:43:26'),(8,8,6,2,'00001127',2,NULL,'2024-01-17',550000.0000,550000.0000,0.0000,'2024-01-17 00:00:00','Tiền mặt','2024-01-16 17:00:00','2024-04-08 17:43:26'),(9,9,7,2,'00000038',2,NULL,'2024-01-25',3520000.0000,3520000.0000,0.0000,'2024-01-25 00:00:00','UNC','2024-01-24 17:00:00','2024-04-08 17:43:26'),(10,10,3,2,'929',2,NULL,'2023-12-25',37400000.0000,37400000.0000,0.0000,'2023-12-25 00:00:00','Tiền mặt','2023-12-24 17:00:00','2024-04-08 17:43:26'),(11,11,8,2,'1951',2,NULL,'2023-12-26',3700004.0000,3700004.0000,0.0000,'2023-12-26 00:00:00','Tiền mặt','2023-12-25 17:00:00','2024-04-08 17:43:26'),(12,12,9,2,NULL,2,NULL,'2024-04-04',0.0000,0.0000,0.0000,'2024-04-04 00:00:00',NULL,'2024-04-03 17:00:00','2024-04-08 17:43:26'),(13,13,10,2,'1',2,NULL,'2024-01-12',16500000.0000,16500000.0000,0.0000,'2024-01-12 00:00:00','UNC','2024-01-11 17:00:00','2024-04-08 17:43:26'),(14,14,11,2,'0000237\n0000251',2,NULL,'2024-01-26',6270000.0000,6270000.0000,0.0000,'2024-01-26 00:00:00','UNC','2024-01-25 17:00:00','2024-04-08 17:43:26'),(15,15,11,2,'0000251',2,NULL,'2024-01-29',880000.0000,880000.0000,0.0000,'2024-01-29 00:00:00','Tiền mặt','2024-01-28 17:00:00','2024-04-08 17:43:26'),(16,16,2,2,'00006540',2,NULL,'2024-02-19',6679999.7000,6679999.7000,0.0000,'2024-02-19 00:00:00',NULL,'2024-02-18 17:00:00','2024-04-08 17:43:26'),(17,17,11,2,'00000251',2,NULL,'2024-01-29',4136000.0000,4136000.0000,0.0000,'2024-01-29 00:00:00','UNC','2024-01-28 17:00:00','2024-04-08 17:43:26'),(18,18,12,2,'00000608',2,NULL,'2024-01-24',2805000.0000,2805000.0000,0.0000,'2024-01-24 00:00:00','UNC','2024-01-23 17:00:00','2024-04-08 17:43:26'),(19,19,13,2,'00000464',2,NULL,'2024-02-02',278999.6000,278999.6000,0.0000,'2024-02-02 00:00:00','Tiền mặt','2024-02-01 17:00:00','2024-04-08 17:43:26'),(20,20,9,2,NULL,2,NULL,'2024-04-04',0.0000,0.0000,0.0000,'2024-04-04 00:00:00',NULL,'2024-04-03 17:00:00','2024-04-08 17:43:26'),(21,21,13,2,'00000463',2,NULL,'2024-02-02',520920.0000,520920.0000,0.0000,'2024-02-02 00:00:00','Tiền mặt','2024-02-01 17:00:00','2024-04-08 17:43:26'),(22,22,14,4,'00000183',2,NULL,'2024-02-21',3719999.8000,0.0000,3719999.8000,'2024-02-21 00:00:00','UNC','2024-02-20 17:00:00','2024-04-08 17:43:26'),(23,23,15,2,'348960',2,NULL,'2024-02-28',13779999.2000,13779999.2000,0.0000,'2024-02-28 00:00:00','UNC','2024-02-27 17:00:00','2024-04-08 17:43:26'),(24,24,4,2,'00000242',2,NULL,'2024-01-30',239580000.0000,239580000.0000,0.0000,'2024-01-30 00:00:00','UNC','2024-01-29 17:00:00','2024-04-08 17:43:26'),(25,25,16,2,'98',2,NULL,'2024-04-04',124200000.0000,124200000.0000,0.0000,'2024-04-04 00:00:00','UNC','2024-04-03 17:00:00','2024-04-08 17:43:26'),(26,26,17,2,'00000182',2,NULL,'2024-02-26',2163700.0000,2163700.0000,0.0000,'2024-02-26 00:00:00','Tiền mặt','2024-02-25 17:00:00','2024-04-08 17:43:26'),(27,27,12,2,'00001263',2,NULL,'2024-03-02',15840000.0000,15840000.0000,0.0000,'2024-03-02 00:00:00',NULL,'2024-03-01 17:00:00','2024-04-08 17:43:26'),(28,28,18,2,'538',2,NULL,'2024-02-26',5060110.0000,5060110.0000,0.0000,'2024-02-26 00:00:00','UNC','2024-02-25 17:00:00','2024-04-08 17:43:26'),(29,29,19,2,'00000047',2,NULL,'2024-03-05',186450000.0000,186450000.0000,0.0000,'2024-03-05 00:00:00','UNC','2024-03-04 17:00:00','2024-04-08 17:43:26'),(30,30,20,4,'3602',2,NULL,'2024-03-04',92771000.0000,0.0000,92771000.0000,'2024-03-04 00:00:00',NULL,'2024-03-03 17:00:00','2024-04-08 17:43:26'),(31,31,9,2,NULL,2,NULL,'2024-04-04',0.0000,0.0000,0.0000,'2024-04-04 00:00:00',NULL,'2024-04-03 17:00:00','2024-04-08 17:43:26'),(32,32,10,2,'2',2,NULL,'2024-03-12',5720000.0000,5720000.0000,0.0000,'2024-03-12 00:00:00','UNC','2024-03-11 17:00:00','2024-04-08 17:43:26'),(33,33,21,2,'00000123',2,NULL,'2024-03-05',1980000.0000,1980000.0000,0.0000,'2024-03-05 00:00:00','Tiền mặt','2024-03-04 17:00:00','2024-04-08 17:43:26'),(34,34,22,4,'00000092',2,NULL,'2024-03-11',13200000.0000,0.0000,13200000.0000,'2024-03-11 00:00:00',NULL,'2024-03-10 17:00:00','2024-04-08 17:43:26'),(35,35,23,4,'00000439',2,NULL,'2024-03-20',1296000.0000,0.0000,1296000.0000,'2024-03-20 00:00:00',NULL,'2024-03-19 17:00:00','2024-04-08 17:43:26'),(36,36,5,2,'00004160',2,NULL,'2024-03-05',749999.9100,749999.9100,0.0000,'2024-03-05 00:00:00','Tiền mặt','2024-03-04 17:00:00','2024-04-08 17:43:26'),(37,37,24,4,'1907',2,NULL,'2024-03-04',2068000.0000,0.0000,2068000.0000,'2024-03-04 00:00:00',NULL,'2024-03-03 17:00:00','2024-04-08 17:43:26'),(38,38,17,2,'00000214',2,NULL,'2024-03-05',1425000.5000,1425000.5000,0.0000,'2024-03-05 00:00:00','Tiền mặt','2024-03-04 17:00:00','2024-04-08 17:43:26'),(39,39,25,2,'63',2,NULL,'2024-03-05',1499999.6000,1499999.6000,0.0000,'2024-03-05 00:00:00','Tiền mặt','2024-03-04 17:00:00','2024-04-08 17:43:26'),(40,40,2,2,'00009831',2,NULL,'2024-03-05',2200000.0000,2200000.0000,0.0000,'2024-03-05 00:00:00','UNC','2024-03-04 17:00:00','2024-04-08 17:43:26'),(41,41,26,2,'00000007',8,NULL,'2024-01-08',2700000.0000,2700000.0000,0.0000,NULL,'UNC','2024-01-07 17:00:00','2024-04-10 19:55:58'),(42,42,27,2,'00000475',8,NULL,'2024-01-03',288000.0000,288000.0000,0.0000,NULL,'Tiền mặt','2024-01-02 17:00:00','2024-04-10 19:55:58'),(43,43,28,2,'22',8,NULL,'2024-01-17',81479650.0000,81479650.0000,0.0000,NULL,'UNC','2024-01-16 17:00:00','2024-04-10 19:55:58'),(44,44,29,2,'00000097',8,NULL,'2024-01-15',320978160.0000,320978160.0000,0.0000,NULL,'UNC','2024-01-14 17:00:00','2024-04-10 19:55:58'),(45,45,28,2,'16',8,NULL,'2024-01-16',64500000.0000,64500000.0000,0.0000,NULL,'UNC','2024-01-15 17:00:00','2024-04-10 19:55:58'),(46,46,45,2,'892',8,NULL,'2024-01-17',151312000.0000,151312000.0000,0.0000,NULL,'UNC','2024-01-16 17:00:00','2024-04-10 19:55:58'),(47,47,30,2,'00000722',8,NULL,'2024-01-10',999999.8800,999999.8800,0.0000,NULL,'Tiền mặt','2024-01-09 17:00:00','2024-04-10 19:55:58'),(48,48,31,2,'00001127',8,NULL,'2024-01-17',550000.0000,550000.0000,0.0000,NULL,'Tiền mặt','2024-01-16 17:00:00','2024-04-10 19:55:58'),(49,49,32,2,'00000038',8,NULL,'2024-01-25',3520000.0000,3520000.0000,0.0000,NULL,'UNC','2024-01-24 17:00:00','2024-04-10 19:55:58'),(50,50,28,2,'929',8,NULL,'2023-12-25',37400000.0000,37400000.0000,0.0000,NULL,'Tiền mặt','2023-12-24 17:00:00','2024-04-10 19:55:58'),(51,51,33,2,'1951',8,NULL,'2023-12-26',3700004.0000,3700004.0000,0.0000,NULL,'Tiền mặt','2023-12-25 17:00:00','2024-04-10 19:55:58'),(52,52,34,2,NULL,8,NULL,'2024-04-04',0.0000,0.0000,0.0000,NULL,NULL,'2024-04-03 17:00:00','2024-04-10 19:55:58'),(53,53,35,2,'1',8,NULL,'2024-01-12',16500000.0000,16500000.0000,0.0000,NULL,'UNC','2024-01-11 17:00:00','2024-04-10 19:55:58'),(54,54,36,2,'0000237\n0000251',8,NULL,'2024-01-26',6270000.0000,6270000.0000,0.0000,NULL,'UNC','2024-01-25 17:00:00','2024-04-10 19:55:58'),(55,55,36,2,'0000251',8,NULL,'2024-01-29',880000.0000,880000.0000,0.0000,NULL,'Tiền mặt','2024-01-28 17:00:00','2024-04-10 19:55:58'),(56,56,27,2,'00006540',8,NULL,'2024-02-19',6679999.7000,6679999.7000,0.0000,NULL,NULL,'2024-02-18 17:00:00','2024-04-10 19:55:58'),(57,57,36,2,'00000251',8,NULL,'2024-01-29',4136000.0000,4136000.0000,0.0000,NULL,'UNC','2024-01-28 17:00:00','2024-04-10 19:55:58'),(58,58,37,2,'00000608',8,NULL,'2024-01-24',2805000.0000,2805000.0000,0.0000,NULL,'UNC','2024-01-23 17:00:00','2024-04-10 19:55:58'),(59,59,38,2,'00000464',8,NULL,'2024-02-02',278999.6000,278999.6000,0.0000,NULL,'Tiền mặt','2024-02-01 17:00:00','2024-04-10 19:55:58'),(60,60,34,2,NULL,8,NULL,'2024-04-04',0.0000,0.0000,0.0000,NULL,NULL,'2024-04-03 17:00:00','2024-04-10 19:55:58'),(61,61,38,2,'00000463',8,NULL,'2024-02-02',520920.0000,520920.0000,0.0000,NULL,'Tiền mặt','2024-02-01 17:00:00','2024-04-10 19:55:58'),(62,62,39,4,'00000183',8,NULL,'2024-02-21',3719999.8000,0.0000,3719999.8000,NULL,'UNC','2024-02-20 17:00:00','2024-04-10 19:55:58'),(63,63,40,2,'348960',8,NULL,'2024-02-28',13779999.2000,13779999.2000,0.0000,NULL,'UNC','2024-02-27 17:00:00','2024-04-10 19:55:58'),(64,64,29,2,'00000242',8,NULL,'2024-01-30',239580000.0000,239580000.0000,0.0000,NULL,'UNC','2024-01-29 17:00:00','2024-04-10 19:55:58'),(65,65,41,2,'98',8,NULL,'2024-04-04',124200000.0000,124200000.0000,0.0000,NULL,'UNC','2024-04-03 17:00:00','2024-04-10 19:55:58'),(66,66,42,2,'00000182',8,NULL,'2024-02-26',2163700.0000,2163700.0000,0.0000,NULL,'Tiền mặt','2024-02-25 17:00:00','2024-04-10 19:55:58'),(67,67,37,2,'00001263',8,NULL,'2024-03-02',15840000.0000,15840000.0000,0.0000,NULL,NULL,'2024-03-01 17:00:00','2024-04-10 19:55:58'),(68,68,43,2,'538',8,NULL,'2024-02-26',5060110.0000,5060110.0000,0.0000,NULL,'UNC','2024-02-25 17:00:00','2024-04-10 19:55:58'),(69,69,44,2,'00000047',8,NULL,'2024-03-05',186450000.0000,186450000.0000,0.0000,NULL,'UNC','2024-03-04 17:00:00','2024-04-10 19:55:58'),(70,70,45,4,'3602',8,NULL,'2024-03-04',92771000.0000,0.0000,92771000.0000,NULL,NULL,'2024-03-03 17:00:00','2024-04-10 19:55:58'),(71,71,34,2,NULL,8,NULL,'2024-04-04',0.0000,0.0000,0.0000,NULL,NULL,'2024-04-03 17:00:00','2024-04-10 19:55:58'),(72,72,35,2,'2',8,NULL,'2024-03-12',5720000.0000,5720000.0000,0.0000,NULL,'UNC','2024-03-11 17:00:00','2024-04-10 19:55:58'),(73,73,46,2,'00000123',8,NULL,'2024-03-05',1980000.0000,1980000.0000,0.0000,NULL,'Tiền mặt','2024-03-04 17:00:00','2024-04-10 19:55:58'),(74,74,47,4,'00000092',8,NULL,'2024-03-11',13200000.0000,0.0000,13200000.0000,NULL,NULL,'2024-03-10 17:00:00','2024-04-10 19:55:58'),(75,75,48,4,'00000439',8,NULL,'2024-03-20',1296000.0000,0.0000,1296000.0000,NULL,NULL,'2024-03-19 17:00:00','2024-04-10 19:55:58'),(76,76,30,2,'00004160',8,NULL,'2024-03-05',749999.9100,749999.9100,0.0000,NULL,'Tiền mặt','2024-03-04 17:00:00','2024-04-10 19:55:58'),(77,77,49,4,'1907',8,NULL,'2024-03-04',2068000.0000,0.0000,2068000.0000,NULL,NULL,'2024-03-03 17:00:00','2024-04-10 19:55:58'),(78,78,42,2,'00000214',8,NULL,'2024-03-05',1425000.5000,1425000.5000,0.0000,NULL,'Tiền mặt','2024-03-04 17:00:00','2024-04-10 19:55:58'),(79,79,50,2,'63',8,NULL,'2024-03-05',1499999.6000,1499999.6000,0.0000,NULL,'Tiền mặt','2024-03-04 17:00:00','2024-04-10 19:55:58'),(80,80,27,2,'00009831',8,NULL,'2024-03-05',2200000.0000,2200000.0000,0.0000,NULL,'UNC','2024-03-04 17:00:00','2024-04-10 19:55:58'),(81,87,51,2,'MTT-01',5,5,'2024-05-14',11000000.0000,11000000.0000,0.0000,'2024-05-14 00:00:00','Tiền mặt','2024-05-14 02:40:38',NULL),(84,95,57,2,'MTT-01',20,20,'2024-05-18',11000000.0000,11000000.0000,0.0000,'2024-05-18 00:00:00','Tiền mặt','2024-05-18 12:07:07',NULL),(85,94,56,2,'MTT-02',20,20,'2024-05-18',18700000.0000,18700000.0000,0.0000,'2024-05-18 00:00:00','Tiền mặt','2024-05-18 12:07:26',NULL),(86,92,54,2,'MTT-03',20,20,'2024-05-18',7150000.0000,7150000.0000,0.0000,'2024-05-18 00:00:00','Tiền mặt','2024-05-18 12:07:31',NULL),(87,90,52,4,'MTT-01',9,9,'2024-05-18',8680000.0000,0.0000,8680000.0000,'2024-05-18 00:00:00','Tiền mặt','2024-05-18 13:10:42',NULL),(88,93,55,2,'MTT-04',20,20,'2024-05-18',16940000.0000,16940000.0000,0.0000,'2024-05-18 00:00:00','Tiền mặt','2024-05-18 13:16:50',NULL),(89,91,53,2,'MTT-05',20,20,'2024-05-18',13200000.0000,13200000.0000,0.0000,'2024-05-18 00:00:00','Tiền mặt','2024-05-18 13:29:12',NULL),(90,96,57,2,'MTT-06',20,20,'2024-05-18',36300000.0000,36300000.0000,0.0000,'2024-05-18 00:00:00','Tiền mặt','2024-05-18 13:35:47',NULL),(91,97,53,2,'MTT-07',20,20,'2024-05-18',29700000.0000,29700000.0000,0.0000,'2024-05-18 00:00:00','Tiền mặt','2024-05-18 13:42:19',NULL),(92,98,53,2,'MTT-08',20,20,'2024-05-18',5280000.0000,5280000.0000,0.0000,'2024-05-18 00:00:00','Tiền mặt','2024-05-18 14:28:29',NULL),(94,89,52,4,'MTT-02',9,9,'2024-05-20',27100000.0000,0.0000,27100000.0000,'2024-05-20 10:49:24','Tiền mặt','2024-05-20 03:47:39',NULL),(95,99,58,2,'MTT-01',11,11,'2024-05-20',440000.0000,440000.0000,0.0000,'2024-05-20 11:12:35','Tiền mặt','2024-05-20 04:10:46','2024-05-20 04:10:51'),(96,103,60,1,'MTT-01',22,22,'2024-05-26',3190000.0000,1500000.0000,1690000.0000,'2024-05-20 14:54:51','Tiền mặt','2024-05-20 07:52:03','2024-05-20 07:53:08'),(97,102,58,4,'MTT-02',11,11,'2024-05-20',216000.0000,60000.0000,156000.0000,'2024-05-20 17:12:42','Tiền mặt','2024-05-20 10:11:02',NULL),(98,101,59,4,'MTT-03',11,11,'2024-05-20',432000.0000,2000.0000,430000.0000,'2024-05-20 00:00:00','Tiền mặt','2024-05-20 10:11:14',NULL),(99,100,59,4,'MTT-04',11,11,'2024-05-20',864000.0000,40000.0000,824000.0000,'2024-05-20 00:00:00','UNC','2024-05-20 10:11:22',NULL);
/*!40000 ALTER TABLE `pay_order` ENABLE KEYS */;
UNLOCK TABLES;

--
-- Table structure for table `personal_access_tokens`
--

DROP TABLE IF EXISTS `personal_access_tokens`;
/*!40101 SET @saved_cs_client     = @@character_set_client */;
/*!40101 SET character_set_client = utf8 */;
CREATE TABLE `personal_access_tokens` (
  `id` bigint(20) unsigned NOT NULL AUTO_INCREMENT,
  `tokenable_type` varchar(255) NOT NULL,
  `tokenable_id` bigint(20) unsigned NOT NULL,
  `name` varchar(255) NOT NULL,
  `token` varchar(64) NOT NULL,
  `abilities` text DEFAULT NULL,
  `last_used_at` timestamp NULL DEFAULT NULL,
  `expires_at` timestamp NULL DEFAULT NULL,
  `created_at` timestamp NULL DEFAULT NULL,
  `updated_at` timestamp NULL DEFAULT NULL,
  PRIMARY KEY (`id`),
  UNIQUE KEY `personal_access_tokens_token_unique` (`token`),
  KEY `personal_access_tokens_tokenable_type_tokenable_id_index` (`tokenable_type`,`tokenable_id`)
) ENGINE=InnoDB DEFAULT CHARSET=utf8mb4 COLLATE=utf8mb4_unicode_ci;
/*!40101 SET character_set_client = @saved_cs_client */;

--
-- Dumping data for table `personal_access_tokens`
--

LOCK TABLES `personal_access_tokens` WRITE;
/*!40000 ALTER TABLE `personal_access_tokens` DISABLE KEYS */;
/*!40000 ALTER TABLE `personal_access_tokens` ENABLE KEYS */;
UNLOCK TABLES;

--
-- Table structure for table `product_bill`
--

DROP TABLE IF EXISTS `product_bill`;
/*!40101 SET @saved_cs_client     = @@character_set_client */;
/*!40101 SET character_set_client = utf8 */;
CREATE TABLE `product_bill` (
  `id` bigint(20) unsigned NOT NULL AUTO_INCREMENT,
  `billSale_id` int(11) NOT NULL,
  `product_id` int(11) NOT NULL,
  `billSale_qty` decimal(20,4) DEFAULT NULL,
  `workspace_id` int(11) DEFAULT NULL,
  `user_id` int(11) DEFAULT NULL,
  `created_at` timestamp NULL DEFAULT NULL,
  `updated_at` timestamp NULL DEFAULT NULL,
  PRIMARY KEY (`id`)
) ENGINE=InnoDB AUTO_INCREMENT=121 DEFAULT CHARSET=utf8mb4 COLLATE=utf8mb4_unicode_ci;
/*!40101 SET character_set_client = @saved_cs_client */;

--
-- Dumping data for table `product_bill`
--

LOCK TABLES `product_bill` WRITE;
/*!40000 ALTER TABLE `product_bill` DISABLE KEYS */;
INSERT INTO `product_bill` VALUES (1,1,1,1.0000,2,NULL,'2024-01-11 17:00:00','2024-04-08 16:53:46'),(2,2,2,1.0000,2,NULL,'2024-01-11 17:00:00','2024-04-08 16:53:46'),(3,3,3,1.0000,2,NULL,'2024-01-21 17:00:00','2024-04-08 16:53:46'),(4,4,4,1.0000,2,NULL,'2024-01-21 17:00:00','2024-04-08 16:53:46'),(5,4,5,1.0000,2,NULL,'2024-01-21 17:00:00','2024-04-08 16:53:46'),(6,4,6,1.0000,2,NULL,'2024-01-21 17:00:00','2024-04-08 16:53:46'),(7,4,7,1.0000,2,NULL,'2024-01-21 17:00:00','2024-04-08 16:53:46'),(8,4,8,1.0000,2,NULL,'2024-01-21 17:00:00','2024-04-08 16:53:46'),(9,4,9,1.0000,2,NULL,'2024-01-21 17:00:00','2024-04-08 16:53:46'),(10,5,10,1.0000,2,NULL,'2024-01-25 17:00:00','2024-04-08 16:53:46'),(11,6,11,1.0000,2,NULL,'2024-01-25 17:00:00','2024-04-08 16:53:46'),(12,7,12,1.0000,2,NULL,'2024-01-28 17:00:00','2024-04-08 16:53:46'),(13,7,13,1.0000,2,NULL,'2024-01-28 17:00:00','2024-04-08 16:53:46'),(14,8,14,10.0000,2,NULL,'2024-01-29 17:00:00','2024-04-08 16:53:46'),(15,8,15,10.0000,2,NULL,'2024-01-29 17:00:00','2024-04-08 16:53:46'),(16,9,16,1.0000,2,NULL,'2024-01-29 17:00:00','2024-04-08 16:53:46'),(17,10,17,5.0000,2,NULL,'2024-01-31 17:00:00','2024-04-08 16:53:46'),(18,11,18,32.0000,2,NULL,'2004-02-06 17:00:00','2024-04-08 16:53:46'),(19,11,19,30.0000,2,NULL,'2024-02-06 17:00:00','2024-04-08 16:53:46'),(20,12,20,1.0000,2,NULL,'2024-02-20 17:00:00','2024-04-08 16:53:46'),(21,13,21,8.0000,2,NULL,'2024-02-20 17:00:00','2024-04-08 16:53:46'),(22,13,22,8.0000,2,NULL,'2024-02-20 17:00:00','2024-04-08 16:53:46'),(23,14,23,1.0000,2,NULL,'2024-02-20 17:00:00','2024-04-08 16:53:46'),(24,14,24,1.0000,2,NULL,'2024-02-20 17:00:00','2024-04-08 16:53:46'),(25,15,25,1.0000,2,NULL,'2024-02-28 17:00:00','2024-04-08 16:53:46'),(26,16,26,1.0000,2,NULL,'2024-02-28 17:00:00','2024-04-08 16:53:46'),(27,17,27,1.0000,2,NULL,'2024-02-28 17:00:00','2024-04-08 16:53:46'),(28,18,28,1.0000,2,NULL,'2024-03-04 17:00:00','2024-04-08 16:53:46'),(29,19,29,1.0000,2,NULL,'2024-03-05 17:00:00','2024-04-08 16:53:46'),(30,20,30,1.0000,2,NULL,'2024-03-05 17:00:00','2024-04-08 16:53:46'),(31,21,31,1.0000,2,NULL,'2024-03-06 17:00:00','2024-04-08 16:53:46'),(32,21,32,1.0000,2,NULL,'2024-03-06 17:00:00','2024-04-08 16:53:46'),(33,21,33,1.0000,2,NULL,'2024-03-06 17:00:00','2024-04-08 16:53:46'),(34,22,34,2.0000,2,NULL,'2024-03-06 17:00:00','2024-04-08 16:53:46'),(35,22,35,10.0000,2,NULL,'2024-03-06 17:00:00','2024-04-08 16:53:46'),(36,23,36,1.0000,2,NULL,'2024-03-06 17:00:00','2024-04-08 16:53:46'),(37,24,37,1.0000,2,NULL,'2024-03-10 17:00:00','2024-04-08 16:53:46'),(38,25,38,1.0000,2,NULL,'2024-03-11 17:00:00','2024-04-08 16:53:46'),(39,25,39,1.0000,2,NULL,'2024-03-11 17:00:00','2024-04-08 16:53:46'),(40,26,40,2.0000,2,NULL,'2024-03-14 17:00:00','2024-04-08 16:53:46'),(41,26,41,1.0000,2,NULL,'2024-03-14 17:00:00','2024-04-08 16:53:46'),(42,27,10,1.0000,2,NULL,'2024-03-14 17:00:00','2024-04-08 16:53:46'),(43,27,43,1.0000,2,NULL,'2024-03-14 17:00:00','2024-04-08 16:53:46'),(44,27,44,1.0000,2,NULL,'2024-03-14 17:00:00','2024-04-08 16:53:46'),(45,27,45,1.0000,2,NULL,'2024-03-14 17:00:00','2024-04-08 16:53:46'),(46,27,46,1.0000,2,NULL,'2024-03-14 17:00:00','2024-04-08 16:53:46'),(47,28,47,1.0000,8,NULL,'2024-01-11 17:00:00','2024-04-10 18:30:35'),(48,29,48,1.0000,8,NULL,'2024-01-11 17:00:00','2024-04-10 18:30:35'),(49,30,49,1.0000,8,NULL,'2024-01-21 17:00:00','2024-04-10 18:30:35'),(50,31,50,1.0000,8,NULL,'2024-01-21 17:00:00','2024-04-10 18:30:35'),(51,31,51,1.0000,8,NULL,'2024-01-21 17:00:00','2024-04-10 18:30:35'),(52,31,52,1.0000,8,NULL,'2024-01-21 17:00:00','2024-04-10 18:30:35'),(53,31,53,1.0000,8,NULL,'2024-01-21 17:00:00','2024-04-10 18:30:35'),(54,31,54,1.0000,8,NULL,'2024-01-21 17:00:00','2024-04-10 18:30:35'),(55,31,55,1.0000,8,NULL,'2024-01-21 17:00:00','2024-04-10 18:30:35'),(56,32,56,1.0000,8,NULL,'2024-01-25 17:00:00','2024-04-10 18:30:35'),(57,33,57,1.0000,8,NULL,'2024-01-25 17:00:00','2024-04-10 18:30:35'),(58,34,58,1.0000,8,NULL,'2024-01-28 17:00:00','2024-04-10 18:30:35'),(59,34,59,1.0000,8,NULL,'2024-01-28 17:00:00','2024-04-10 18:30:35'),(60,35,60,10.0000,8,NULL,'2024-01-29 17:00:00','2024-04-10 18:30:35'),(61,35,61,1.0000,8,NULL,'2024-01-29 17:00:00','2024-04-10 18:30:35'),(62,36,62,1.0000,8,NULL,'2024-01-29 17:00:00','2024-04-10 18:30:35'),(63,37,63,5.0000,8,NULL,'2024-01-31 17:00:00','2024-04-10 18:30:35'),(64,38,64,1.0000,8,NULL,'2004-02-06 17:00:00','2024-04-10 18:30:36'),(65,38,65,30.0000,8,NULL,'2024-02-06 17:00:00','2024-04-10 18:30:36'),(66,39,66,1.0000,8,NULL,'2024-02-20 17:00:00','2024-04-10 18:30:36'),(67,40,67,8.0000,8,NULL,'2024-02-20 17:00:00','2024-04-10 18:30:36'),(68,40,68,8.0000,8,NULL,'2024-02-20 17:00:00','2024-04-10 18:30:36'),(69,41,69,2.0000,8,NULL,'2024-02-20 17:00:00','2024-04-10 18:30:36'),(70,41,70,1.0000,8,NULL,'2024-02-20 17:00:00','2024-04-10 18:30:36'),(71,42,71,1.0000,8,NULL,'2024-02-28 17:00:00','2024-04-10 18:30:36'),(72,43,72,1.0000,8,NULL,'2024-02-28 17:00:00','2024-04-10 18:30:36'),(73,44,73,1.0000,8,NULL,'2024-02-28 17:00:00','2024-04-10 18:30:36'),(74,45,74,1.0000,8,NULL,'2024-03-04 17:00:00','2024-04-10 18:30:36'),(75,46,75,1.0000,8,NULL,'2024-03-05 17:00:00','2024-04-10 18:30:36'),(76,47,76,1.0000,8,NULL,'2024-03-05 17:00:00','2024-04-10 18:30:36'),(77,48,77,1.0000,8,NULL,'2024-03-06 17:00:00','2024-04-10 18:30:36'),(78,48,78,1.0000,8,NULL,'2024-03-06 17:00:00','2024-04-10 18:30:36'),(79,48,79,1.0000,8,NULL,'2024-03-06 17:00:00','2024-04-10 18:30:36'),(80,49,80,2.0000,8,NULL,'2024-03-06 17:00:00','2024-04-10 18:30:36'),(81,49,81,10.0000,8,NULL,'2024-03-06 17:00:00','2024-04-10 18:30:36'),(82,50,82,1.0000,8,NULL,'2024-03-06 17:00:00','2024-04-10 18:30:36'),(83,51,83,1.0000,8,NULL,'2024-03-10 17:00:00','2024-04-10 18:30:36'),(84,52,84,1.0000,8,NULL,'2024-03-11 17:00:00','2024-04-10 18:30:36'),(85,52,85,1.0000,8,NULL,'2024-03-11 17:00:00','2024-04-10 18:30:36'),(86,53,86,2.0000,8,NULL,'2024-03-14 17:00:00','2024-04-10 18:30:36'),(87,53,87,1.0000,8,NULL,'2024-03-14 17:00:00','2024-04-10 18:30:36'),(88,54,88,1.0000,8,NULL,'2024-03-14 17:00:00','2024-04-10 18:30:36'),(89,54,89,1.0000,8,NULL,'2024-03-14 17:00:00','2024-04-10 18:30:36'),(90,54,90,1.0000,8,NULL,'2024-03-14 17:00:00','2024-04-10 18:30:36'),(91,54,91,1.0000,8,NULL,'2024-03-14 17:00:00','2024-04-10 18:30:36'),(92,54,92,1.0000,8,NULL,'2024-03-14 17:00:00','2024-04-10 18:30:36'),(93,55,92,2.0000,8,NULL,'2024-04-11 02:40:13','2024-04-11 02:40:13'),(94,55,91,2.0000,8,NULL,'2024-04-11 02:40:13','2024-04-11 02:40:13'),(95,56,92,1.0000,8,5,'2024-04-24 11:49:23','2024-04-24 11:49:23'),(96,56,91,1.0000,8,5,'2024-04-24 11:49:23','2024-04-24 11:49:23'),(97,56,90,1.0000,8,5,'2024-04-24 11:49:23','2024-04-24 11:49:23'),(98,56,89,1.0000,8,5,'2024-04-24 11:49:23','2024-04-24 11:49:23'),(99,56,88,1.0000,8,5,'2024-04-24 11:49:23','2024-04-24 11:49:23'),(100,56,87,1.0000,8,5,'2024-04-24 11:49:23','2024-04-24 11:49:23'),(101,57,100,1.0000,5,5,'2024-05-14 02:40:22','2024-05-14 02:40:22'),(102,57,101,2.0000,5,5,'2024-05-14 02:40:22','2024-05-14 02:40:22'),(103,57,102,1.0000,5,5,'2024-05-14 02:40:22','2024-05-14 02:40:22'),(114,68,113,10.0000,20,20,'2024-05-18 12:02:07','2024-05-18 12:02:07'),(115,69,109,5.0000,20,20,'2024-05-18 12:02:15','2024-05-18 12:02:15'),(117,71,113,1.0000,20,20,'2024-05-18 14:20:22','2024-05-18 14:20:22'),(118,72,115,10.0000,20,20,'2024-05-18 14:21:07','2024-05-18 14:21:07'),(119,73,116,3.0000,11,11,'2024-05-20 04:10:17','2024-05-20 04:10:17'),(120,74,114,2.0000,4,4,'2024-05-20 09:03:01','2024-05-20 09:03:01');
/*!40000 ALTER TABLE `product_bill` ENABLE KEYS */;
UNLOCK TABLES;

--
-- Table structure for table `product_pay`
--

DROP TABLE IF EXISTS `product_pay`;
/*!40101 SET @saved_cs_client     = @@character_set_client */;
/*!40101 SET character_set_client = utf8 */;
CREATE TABLE `product_pay` (
  `id` bigint(20) unsigned NOT NULL AUTO_INCREMENT,
  `pay_id` int(11) NOT NULL,
  `product_id` int(11) NOT NULL,
  `pay_qty` decimal(20,4) DEFAULT NULL,
  `workspace_id` int(11) DEFAULT NULL,
  `user_id` int(11) DEFAULT NULL,
  `created_at` timestamp NULL DEFAULT NULL,
  `updated_at` timestamp NULL DEFAULT NULL,
  PRIMARY KEY (`id`)
) ENGINE=InnoDB AUTO_INCREMENT=139 DEFAULT CHARSET=utf8mb4 COLLATE=utf8mb4_unicode_ci;
/*!40101 SET character_set_client = @saved_cs_client */;

--
-- Dumping data for table `product_pay`
--

LOCK TABLES `product_pay` WRITE;
/*!40000 ALTER TABLE `product_pay` DISABLE KEYS */;
INSERT INTO `product_pay` VALUES (1,1,1,1.0000,2,NULL,'2024-01-11 17:00:00','2024-04-08 17:19:46'),(2,2,2,1.0000,2,NULL,'2024-01-11 17:00:00','2024-04-08 17:19:46'),(3,3,3,1.0000,2,NULL,'2024-01-21 17:00:00','2024-04-08 17:19:46'),(4,4,4,1.0000,2,NULL,'2024-01-21 17:00:00','2024-04-08 17:19:46'),(5,4,5,1.0000,2,NULL,'2024-01-21 17:00:00','2024-04-08 17:19:46'),(6,4,6,1.0000,2,NULL,'2024-01-21 17:00:00','2024-04-08 17:19:46'),(7,4,7,1.0000,2,NULL,'2024-01-21 17:00:00','2024-04-08 17:19:46'),(8,4,8,1.0000,2,NULL,'2024-01-21 17:00:00','2024-04-08 17:19:46'),(9,4,9,1.0000,2,NULL,'2024-01-21 17:00:00','2024-04-08 17:19:46'),(10,5,10,1.0000,2,NULL,'2024-01-25 17:00:00','2024-04-08 17:19:46'),(11,6,11,1.0000,2,NULL,'2024-01-25 17:00:00','2024-04-08 17:19:46'),(12,7,12,1.0000,2,NULL,'2024-01-28 17:00:00','2024-04-08 17:19:46'),(13,7,13,1.0000,2,NULL,'2024-01-28 17:00:00','2024-04-08 17:19:46'),(14,8,14,10.0000,2,NULL,'2024-01-29 17:00:00','2024-04-08 17:19:46'),(15,8,15,10.0000,2,NULL,'2024-01-29 17:00:00','2024-04-08 17:19:46'),(16,9,16,1.0000,2,NULL,'2024-01-29 17:00:00','2024-04-08 17:19:46'),(17,10,17,5.0000,2,NULL,'2024-01-31 17:00:00','2024-04-08 17:19:46'),(18,11,18,32.0000,2,NULL,'2004-02-06 17:00:00','2024-04-08 17:19:46'),(19,11,19,30.0000,2,NULL,'2024-02-06 17:00:00','2024-04-08 17:19:46'),(20,12,20,1.0000,2,NULL,'2024-02-20 17:00:00','2024-04-08 17:19:46'),(21,13,21,8.0000,2,NULL,'2024-02-20 17:00:00','2024-04-08 17:19:46'),(22,13,22,8.0000,2,NULL,'2024-02-20 17:00:00','2024-04-08 17:19:46'),(23,14,23,1.0000,2,NULL,'2024-02-20 17:00:00','2024-04-08 17:19:46'),(24,14,24,1.0000,2,NULL,'2024-02-20 17:00:00','2024-04-08 17:19:46'),(25,15,25,1.0000,2,NULL,'2024-02-28 17:00:00','2024-04-08 17:19:46'),(26,16,26,1.0000,2,NULL,'2024-02-28 17:00:00','2024-04-08 17:19:46'),(27,17,27,1.0000,2,NULL,'2024-02-28 17:00:00','2024-04-08 17:19:46'),(28,18,28,1.0000,2,NULL,'2024-03-04 17:00:00','2024-04-08 17:19:46'),(29,19,29,1.0000,2,NULL,'2024-03-05 17:00:00','2024-04-08 17:19:46'),(30,20,30,1.0000,2,NULL,'2024-03-05 17:00:00','2024-04-08 17:19:46'),(31,21,31,1.0000,2,NULL,'2024-03-06 17:00:00','2024-04-08 17:19:46'),(32,21,32,1.0000,2,NULL,'2024-03-06 17:00:00','2024-04-08 17:19:46'),(33,21,33,1.0000,2,NULL,'2024-03-06 17:00:00','2024-04-08 17:19:46'),(34,22,34,2.0000,2,NULL,'2024-03-06 17:00:00','2024-04-08 17:19:46'),(35,22,35,10.0000,2,NULL,'2024-03-06 17:00:00','2024-04-08 17:19:46'),(36,23,36,1.0000,2,NULL,'2024-03-06 17:00:00','2024-04-08 17:19:46'),(37,24,37,1.0000,2,NULL,'2024-03-10 17:00:00','2024-04-08 17:19:46'),(38,25,38,1.0000,2,NULL,'2024-03-11 17:00:00','2024-04-08 17:19:46'),(39,25,39,1.0000,2,NULL,'2024-03-11 17:00:00','2024-04-08 17:19:46'),(40,26,40,2.0000,2,NULL,'2024-03-14 17:00:00','2024-04-08 17:19:46'),(41,26,41,1.0000,2,NULL,'2024-03-14 17:00:00','2024-04-08 17:19:46'),(42,27,10,1.0000,2,NULL,'2024-03-14 17:00:00','2024-04-08 17:19:46'),(43,27,43,1.0000,2,NULL,'2024-03-14 17:00:00','2024-04-08 17:19:46'),(44,27,44,1.0000,2,NULL,'2024-03-14 17:00:00','2024-04-08 17:19:46'),(45,27,45,1.0000,2,NULL,'2024-03-14 17:00:00','2024-04-08 17:19:46'),(46,27,46,1.0000,2,NULL,'2024-03-14 17:00:00','2024-04-08 17:19:46'),(47,28,47,1.0000,8,NULL,'2024-01-11 17:00:00','2024-04-10 18:30:35'),(48,29,48,1.0000,8,NULL,'2024-01-11 17:00:00','2024-04-10 18:30:35'),(49,30,49,1.0000,8,NULL,'2024-01-21 17:00:00','2024-04-10 18:30:35'),(50,31,50,1.0000,8,NULL,'2024-01-21 17:00:00','2024-04-10 18:30:35'),(51,31,51,1.0000,8,NULL,'2024-01-21 17:00:00','2024-04-10 18:30:35'),(52,31,52,1.0000,8,NULL,'2024-01-21 17:00:00','2024-04-10 18:30:35'),(53,31,53,1.0000,8,NULL,'2024-01-21 17:00:00','2024-04-10 18:30:35'),(54,31,54,1.0000,8,NULL,'2024-01-21 17:00:00','2024-04-10 18:30:35'),(55,31,55,1.0000,8,NULL,'2024-01-21 17:00:00','2024-04-10 18:30:35'),(56,32,56,1.0000,8,NULL,'2024-01-25 17:00:00','2024-04-10 18:30:35'),(57,33,57,1.0000,8,NULL,'2024-01-25 17:00:00','2024-04-10 18:30:35'),(58,34,58,1.0000,8,NULL,'2024-01-28 17:00:00','2024-04-10 18:30:35'),(59,34,59,1.0000,8,NULL,'2024-01-28 17:00:00','2024-04-10 18:30:35'),(60,35,60,10.0000,8,NULL,'2024-01-29 17:00:00','2024-04-10 18:30:35'),(61,35,61,1.0000,8,NULL,'2024-01-29 17:00:00','2024-04-10 18:30:35'),(62,36,62,1.0000,8,NULL,'2024-01-29 17:00:00','2024-04-10 18:30:35'),(63,37,63,5.0000,8,NULL,'2024-01-31 17:00:00','2024-04-10 18:30:35'),(64,38,64,1.0000,8,NULL,'2004-02-06 17:00:00','2024-04-10 18:30:36'),(65,38,65,30.0000,8,NULL,'2024-02-06 17:00:00','2024-04-10 18:30:36'),(66,39,66,1.0000,8,NULL,'2024-02-20 17:00:00','2024-04-10 18:30:36'),(67,40,67,8.0000,8,NULL,'2024-02-20 17:00:00','2024-04-10 18:30:36'),(68,40,68,8.0000,8,NULL,'2024-02-20 17:00:00','2024-04-10 18:30:36'),(69,41,69,2.0000,8,NULL,'2024-02-20 17:00:00','2024-04-10 18:30:36'),(70,41,70,1.0000,8,NULL,'2024-02-20 17:00:00','2024-04-10 18:30:36'),(71,42,71,1.0000,8,NULL,'2024-02-28 17:00:00','2024-04-10 18:30:36'),(72,43,72,1.0000,8,NULL,'2024-02-28 17:00:00','2024-04-10 18:30:36'),(73,44,73,1.0000,8,NULL,'2024-02-28 17:00:00','2024-04-10 18:30:36'),(74,45,74,1.0000,8,NULL,'2024-03-04 17:00:00','2024-04-10 18:30:36'),(75,46,75,1.0000,8,NULL,'2024-03-05 17:00:00','2024-04-10 18:30:36'),(76,47,76,1.0000,8,NULL,'2024-03-05 17:00:00','2024-04-10 18:30:36'),(77,48,77,1.0000,8,NULL,'2024-03-06 17:00:00','2024-04-10 18:30:36'),(78,48,78,1.0000,8,NULL,'2024-03-06 17:00:00','2024-04-10 18:30:36'),(79,48,79,1.0000,8,NULL,'2024-03-06 17:00:00','2024-04-10 18:30:36'),(80,49,80,2.0000,8,NULL,'2024-03-06 17:00:00','2024-04-10 18:30:36'),(81,49,81,10.0000,8,NULL,'2024-03-06 17:00:00','2024-04-10 18:30:36'),(82,50,82,1.0000,8,NULL,'2024-03-06 17:00:00','2024-04-10 18:30:36'),(83,51,83,1.0000,8,NULL,'2024-03-10 17:00:00','2024-04-10 18:30:36'),(84,52,84,1.0000,8,NULL,'2024-03-11 17:00:00','2024-04-10 18:30:36'),(85,52,85,1.0000,8,NULL,'2024-03-11 17:00:00','2024-04-10 18:30:36'),(86,53,86,2.0000,8,NULL,'2024-03-14 17:00:00','2024-04-10 18:30:36'),(87,53,87,1.0000,8,NULL,'2024-03-14 17:00:00','2024-04-10 18:30:36'),(88,54,88,1.0000,8,NULL,'2024-03-14 17:00:00','2024-04-10 18:30:36'),(89,54,89,1.0000,8,NULL,'2024-03-14 17:00:00','2024-04-10 18:30:36'),(90,54,90,1.0000,8,NULL,'2024-03-14 17:00:00','2024-04-10 18:30:36'),(91,54,91,1.0000,8,NULL,'2024-03-14 17:00:00','2024-04-10 18:30:36'),(92,54,92,1.0000,8,NULL,'2024-03-14 17:00:00','2024-04-10 18:30:36'),(93,55,92,2.0000,8,NULL,'2024-04-11 02:41:26','2024-04-11 02:41:26'),(94,55,91,2.0000,8,NULL,'2024-04-11 02:41:26','2024-04-11 02:41:26'),(95,56,92,1.0000,8,5,'2024-04-24 11:51:03','2024-04-24 11:51:03'),(96,56,91,1.0000,8,5,'2024-04-24 11:51:03','2024-04-24 11:51:03'),(97,56,90,1.0000,8,5,'2024-04-24 11:51:03','2024-04-24 11:51:03'),(98,56,89,1.0000,8,5,'2024-04-24 11:51:03','2024-04-24 11:51:03'),(99,56,88,1.0000,8,5,'2024-04-24 11:51:03','2024-04-24 11:51:03'),(100,56,87,1.0000,8,5,'2024-04-24 11:51:03','2024-04-24 11:51:03'),(106,58,96,1.0000,8,5,'2024-05-05 14:48:54','2024-05-05 14:48:54'),(107,59,100,1.0000,5,5,'2024-05-14 02:40:27','2024-05-14 02:40:27'),(108,59,101,2.0000,5,5,'2024-05-14 02:40:27','2024-05-14 02:40:27'),(109,59,102,1.0000,5,5,'2024-05-14 02:40:27','2024-05-14 02:40:27'),(124,74,113,10.0000,20,20,'2024-05-18 12:00:20','2024-05-18 12:00:20'),(125,75,111,3.0000,20,20,'2024-05-18 12:02:39','2024-05-18 12:02:39'),(127,77,109,5.0000,20,20,'2024-05-18 13:39:33','2024-05-18 13:39:33'),(128,78,109,2.0000,20,20,'2024-05-18 14:20:35','2024-05-18 14:20:35'),(129,79,113,1.0000,20,20,'2024-05-18 14:20:49','2024-05-18 14:20:49'),(130,80,113,1.0000,20,20,'2024-05-18 14:21:04','2024-05-18 14:21:04'),(131,81,113,1.0000,20,20,'2024-05-18 14:21:52','2024-05-18 14:21:52'),(132,82,109,1.0000,20,20,'2024-05-18 14:22:33','2024-05-18 14:22:33'),(133,83,109,2.0000,20,20,'2024-05-18 14:31:42','2024-05-18 14:31:42'),(134,84,116,3.0000,11,11,'2024-05-20 04:10:24','2024-05-20 04:10:24'),(135,85,114,2.0000,4,4,'2024-05-20 09:03:48','2024-05-20 09:03:48'),(136,86,117,3.0000,11,11,'2024-05-20 10:10:20','2024-05-20 10:10:20'),(137,87,117,1.0000,11,11,'2024-05-20 10:10:29','2024-05-20 10:10:29'),(138,88,117,2.0000,11,11,'2024-05-20 10:10:33','2024-05-20 10:10:33');
/*!40000 ALTER TABLE `product_pay` ENABLE KEYS */;
UNLOCK TABLES;

--
-- Table structure for table `products`
--

DROP TABLE IF EXISTS `products`;
/*!40101 SET @saved_cs_client     = @@character_set_client */;
/*!40101 SET character_set_client = utf8 */;
CREATE TABLE `products` (
  `id` bigint(20) unsigned NOT NULL AUTO_INCREMENT,
  `type` int(11) DEFAULT NULL,
  `product_code` varchar(255) DEFAULT NULL,
  `product_name` varchar(255) NOT NULL,
  `product_unit` varchar(255) DEFAULT NULL,
  `product_type` varchar(255) DEFAULT NULL,
  `product_manufacturer` varchar(255) DEFAULT NULL,
  `product_origin` varchar(255) DEFAULT NULL,
  `product_guarantee` varchar(255) DEFAULT NULL,
  `product_price_import` decimal(20,4) DEFAULT NULL,
  `product_price_export` decimal(20,4) DEFAULT NULL,
  `product_ratio` varchar(255) DEFAULT NULL,
  `product_tax` int(11) DEFAULT NULL,
  `product_inventory` decimal(20,4) DEFAULT NULL,
  `product_trade` decimal(20,4) DEFAULT NULL,
  `product_available` decimal(20,4) DEFAULT NULL,
  `check_seri` int(11) DEFAULT NULL,
  `workspace_id` int(11) DEFAULT NULL,
  `user_id` int(11) DEFAULT NULL,
  `created_at` timestamp NULL DEFAULT NULL,
  `updated_at` timestamp NULL DEFAULT NULL,
  PRIMARY KEY (`id`)
) ENGINE=InnoDB AUTO_INCREMENT=124 DEFAULT CHARSET=utf8mb4 COLLATE=utf8mb4_unicode_ci;
/*!40101 SET character_set_client = @saved_cs_client */;

--
-- Dumping data for table `products`
--

LOCK TABLES `products` WRITE;
/*!40000 ALTER TABLE `products` DISABLE KEYS */;
INSERT INTO `products` VALUES (1,1,'','Cài đặt Microsoft Office 2019 Pro','',NULL,NULL,NULL,NULL,NULL,0.0000,NULL,8,0.0000,NULL,NULL,0,2,NULL,'2024-04-08 15:26:05','2024-04-08 15:26:05'),(2,1,'','CHUỘT LOGITECH M331 ĐEN ','',NULL,NULL,NULL,NULL,NULL,0.0000,NULL,10,0.0000,NULL,NULL,0,2,NULL,'2024-04-08 15:26:05','2024-04-08 15:26:05'),(3,1,'','Bản quyền phần mềm ADVANCED GATEWAY SECURITY SUITE BUNDLE FOR NSA 3650 1YR (01-SSC-3451)','',NULL,NULL,NULL,'12 THÁNG',NULL,0.0000,NULL,0,0.0000,NULL,NULL,1,2,NULL,'2024-04-08 15:26:05','2024-04-08 15:26:05'),(4,1,'','Giấy phép cập nhật phần mềm cho thiết bị Fortigate 501E Bundle ,thời hạn 1 năm','',NULL,NULL,NULL,NULL,NULL,0.0000,NULL,0,0.0000,NULL,NULL,1,2,NULL,'2024-04-08 15:26:05','2024-04-08 15:26:05'),(5,1,'','Giấy phép cập nhật phần mềm cho thiết bị Fortimail 200 E, thời hạn đến 09 /05 /2024','',NULL,NULL,NULL,NULL,NULL,0.0000,NULL,0,0.0000,NULL,NULL,1,2,NULL,'2024-04-08 15:26:05','2024-04-08 15:26:05'),(6,1,'','Bản quyền phần mềm FortiClient cho 25 người dùng, thời hạn 1 năm','',NULL,NULL,NULL,NULL,NULL,0.0000,NULL,0,0.0000,NULL,NULL,1,2,NULL,'2024-04-08 15:26:05','2024-04-08 15:26:05'),(7,1,'','Giấy phép cập nhật phần mềm cho thiết bị Fortiweb 400D Bundle ,thời hạn 1 năm','',NULL,NULL,NULL,NULL,NULL,0.0000,NULL,0,0.0000,NULL,NULL,1,2,NULL,'2024-04-08 15:26:05','2024-04-08 15:26:05'),(8,1,'','Bản quyền phần mềm ADVANCED GATEWAY \nSECURITY SUITE BUNDLE FOR NSA 3650 1YR','',NULL,NULL,NULL,NULL,NULL,0.0000,NULL,0,0.0000,NULL,NULL,1,2,NULL,'2024-04-08 15:26:05','2024-04-08 15:26:05'),(9,1,'','Gói bản quyền phần mềm POSG213295 :\n VS 8 -STD -SK -TLSS - 1 Y - C: VMware vSphere Standard - 1 -Year Prepaid Commit - Per Core','',NULL,NULL,NULL,NULL,NULL,0.0000,NULL,0,0.0000,NULL,NULL,0,2,NULL,'2024-04-08 15:26:05','2024-04-08 15:26:05'),(10,1,'','Chuột Máy Tính Dell Wireless WM126','',NULL,NULL,NULL,NULL,NULL,0.0000,NULL,10,0.0000,NULL,NULL,0,2,NULL,'2024-04-08 15:26:05','2024-04-08 15:26:05'),(11,1,'','Thẻ nhớ SanDisk Extreme\nmicroSDXC, SQXAV 256GB,\nV30, U3, C10, A2,UHS-I,\n190MB/ s R, 130MB/ s W, 4x6,\nLifetime Limited_SDSQXAV256G-GN6M','',NULL,NULL,NULL,NULL,NULL,0.0000,NULL,10,0.0000,NULL,NULL,0,2,NULL,'2024-04-08 15:26:05','2024-04-08 15:26:05'),(12,1,'','Ổ cứng máy chủ HP 300Gb SAS 10K  6Gbps 2.5','',NULL,NULL,NULL,'12 THÁNG',NULL,0.0000,NULL,10,0.0000,NULL,NULL,1,2,NULL,'2024-04-08 15:26:05','2024-04-08 15:26:05'),(13,1,'','Bộ nhớ máy tính Samsung 8GB DDR3  1333 ECC RDIMM','',NULL,NULL,NULL,'N/A',NULL,0.0000,NULL,10,0.0000,NULL,NULL,0,2,NULL,'2024-04-08 15:26:05','2024-04-08 15:26:05'),(14,1,'','Bộ phát sóng không dây chuẩn 802.11abgn/ac WiNG 802.11abgn/ac Wallpate Wedge 867 Mbps Sing, Dual band radio 1x1; or single band radio 2x2, internal antenna MIMO 2x2 Access Point (AP-7602-68B30-1-WR) + 95604-H31360: PWP NBD AHR H31360','',NULL,NULL,NULL,'12 THÁNG',NULL,0.0000,NULL,10,0.0000,NULL,NULL,1,2,NULL,'2024-04-08 15:26:05','2024-04-08 15:26:05'),(15,1,'','BỘ NGUỒN U-POE-AF','',NULL,NULL,NULL,NULL,NULL,0.0000,NULL,10,0.0000,NULL,NULL,0,2,NULL,'2024-04-08 15:26:05','2024-04-08 15:26:05'),(16,1,'','NHÂN CÔNG RINGNET','',NULL,NULL,NULL,NULL,NULL,0.0000,NULL,0,0.0000,NULL,NULL,0,2,NULL,'2024-04-08 15:26:05','2024-04-08 15:26:05'),(17,1,'','thiết bị Switch 2960-48 port','',NULL,NULL,NULL,'12 THÁNG',NULL,0.0000,NULL,10,0.0000,NULL,NULL,1,2,NULL,'2024-04-08 15:26:05','2024-04-08 15:26:05'),(18,1,'','Module quang SFP 1.25G, SM, 2 sợi quang,\n1310nm, 20km, WT-9110G/SM/20/LCD','',NULL,NULL,NULL,NULL,NULL,0.0000,NULL,10,0.0000,NULL,NULL,0,2,NULL,'2024-04-08 15:26:05','2024-04-08 15:26:05'),(19,1,'','Dây nhảy quang đơn mốt SC/APC-LC/UPC dài\n3M, phi 3.0mm, Simplex','',NULL,NULL,NULL,NULL,NULL,0.0000,NULL,10,0.0000,NULL,NULL,1,2,NULL,'2024-04-08 15:26:05','2024-04-08 15:26:05'),(20,1,'','MÁY QUÉT ẢNH HOẶC TÀI LIỆU HP SCANJET PRO 2000\n S2 SCANNER-6FW06A','',NULL,NULL,NULL,NULL,NULL,0.0000,NULL,10,0.0000,NULL,NULL,0,2,NULL,'2024-04-08 15:26:05','2024-04-08 15:26:05'),(21,1,'','Module quang SFP 1.25G, SM, 1 sợi quang,\n40km, WT-9110G/BIDI/40B/LCD','',NULL,NULL,NULL,NULL,NULL,0.0000,NULL,10,0.0000,NULL,NULL,1,2,NULL,'2024-04-08 15:26:05','2024-04-08 15:26:05'),(22,1,'','Module quang SFP 1.25G, SM, 1 sợi quang,\n40km, WT-9110G/BIDI/40A/LCD','',NULL,NULL,NULL,NULL,NULL,0.0000,NULL,10,0.0000,NULL,NULL,1,2,NULL,'2024-04-08 15:26:05','2024-04-08 15:26:05'),(23,1,'','Camera quan sát DS-2CV2Q21FD-IW','',NULL,NULL,NULL,NULL,NULL,0.0000,NULL,10,0.0000,NULL,NULL,0,2,NULL,'2024-04-08 15:26:05','2024-04-08 15:26:05'),(24,1,'','Pin dự phòng baseus','',NULL,NULL,NULL,NULL,NULL,0.0000,NULL,10,0.0000,NULL,NULL,0,2,NULL,'2024-04-08 15:26:05','2024-04-08 15:26:05'),(25,1,'','NHÂN CÔNG RINGNET','',NULL,NULL,NULL,NULL,NULL,0.0000,NULL,0,0.0000,NULL,NULL,0,2,NULL,'2024-04-08 15:26:05','2024-04-08 15:26:05'),(26,1,'','pin sac dư phòng và cáp','',NULL,NULL,NULL,NULL,NULL,0.0000,NULL,8,0.0000,NULL,NULL,0,2,NULL,'2024-04-08 15:26:05','2024-04-08 15:26:05'),(27,1,'','Máy in bill Epson T82 III ( USB và LAN , P/n\nC31CH51542 )','',NULL,NULL,NULL,NULL,NULL,0.0000,NULL,10,0.0000,NULL,NULL,0,2,NULL,'2024-04-08 15:26:05','2024-04-08 15:26:05'),(28,1,'','APPLE IPAD GEN 9TH 10.2 INCH WIFI 64GB- XÁM','',NULL,NULL,NULL,NULL,NULL,0.0000,NULL,10,0.0000,NULL,NULL,0,2,NULL,'2024-04-08 15:26:05','2024-04-08 15:26:05'),(29,1,'','Thiết bị tường lửa chống Virus & thâm\nnhập Fortinet Fortigate 201F Bundle\n(Part # FG-201F-BDL-950-12)','',NULL,NULL,NULL,NULL,NULL,0.0000,NULL,10,0.0000,NULL,NULL,0,2,NULL,'2024-04-08 15:26:05','2024-04-08 15:26:05'),(30,1,'','Dịch vụ hỗ trợ onsite, tư vấn và thay thế thiết bị','',NULL,NULL,NULL,NULL,NULL,0.0000,NULL,8,0.0000,NULL,NULL,0,2,NULL,'2024-04-08 15:26:05','2024-04-08 15:26:05'),(31,1,'','Điện thoại không dây Panasonic KXTGF310 ','',NULL,NULL,NULL,NULL,NULL,0.0000,NULL,10,0.0000,NULL,NULL,0,2,NULL,'2024-04-08 15:26:05','2024-04-08 15:26:05'),(32,1,'','Camera quan sát DA-8IP2B21-TI','',NULL,NULL,NULL,NULL,NULL,0.0000,NULL,10,0.0000,NULL,NULL,0,2,NULL,'2024-04-08 15:26:05','2024-04-08 15:26:05'),(33,1,'','Dây cáp mạng R&M Cat6 R809797','',NULL,NULL,NULL,NULL,NULL,0.0000,NULL,10,0.0000,NULL,NULL,0,2,NULL,'2024-04-08 15:26:05','2024-04-08 15:26:05'),(34,1,'','Thiết bịchuyểnmạch SAN SwitchCisco DS-C9132T-K9','',NULL,NULL,NULL,NULL,NULL,0.0000,NULL,10,0.0000,NULL,NULL,1,2,NULL,'2024-04-08 15:26:05','2024-04-08 15:26:05'),(35,1,'','Mô-đunCisco DS-SFP-FC32G-SW','',NULL,NULL,NULL,NULL,NULL,0.0000,NULL,10,0.0000,NULL,NULL,1,2,NULL,'2024-04-08 15:26:05','2024-04-08 15:26:05'),(36,1,'','PAN-SOFTWARE-NGFW-CR: Software NGFW Credits\nto deploy VM-Series, CN-Series, Subscription Services,\nand Virtual Panorama to manage Software Firewalls','',NULL,NULL,NULL,NULL,NULL,0.0000,NULL,0,0.0000,NULL,NULL,0,2,NULL,'2024-04-08 15:26:05','2024-04-08 15:26:05'),(37,2,'','Dịch vụ','',NULL,NULL,NULL,NULL,NULL,0.0000,NULL,0,0.0000,NULL,NULL,0,2,NULL,'2024-04-08 15:26:05','2024-04-08 15:26:05'),(38,1,'','Thiết bị Switch 2960-48 port POE','',NULL,NULL,NULL,NULL,NULL,0.0000,NULL,10,0.0000,NULL,NULL,0,2,NULL,'2024-04-08 15:26:05','2024-04-08 15:26:05'),(39,1,'','Bộ tách POE 48V','',NULL,NULL,NULL,NULL,NULL,0.0000,NULL,10,0.0000,NULL,NULL,0,2,NULL,'2024-04-08 15:26:05','2024-04-08 15:26:05'),(40,1,'','Ổ cứng máy tính HPE 1.8TB 10\nkRPM 2.5in SAS 12G HDD','',NULL,NULL,NULL,'12 THÁNG',NULL,0.0000,NULL,10,0.0000,NULL,NULL,1,2,NULL,'2024-04-08 15:26:05','2024-04-08 15:26:05'),(41,2,'','Hải Quan','',NULL,NULL,NULL,NULL,NULL,0.0000,NULL,8,0.0000,NULL,NULL,0,2,NULL,'2024-04-08 15:26:05','2024-04-08 15:26:05'),(43,1,'','Thiết bị chuyển mạch Cisco SB CBS110 Unmanaged 8-\nport GE, Desktop, Ext PS_CBS110-8T-D-EU','',NULL,NULL,NULL,NULL,NULL,0.0000,NULL,10,0.0000,NULL,NULL,0,2,NULL,'2024-04-08 15:26:05','2024-04-08 15:26:05'),(44,1,'','Điện thoại có dây Panasonic KXTS500','',NULL,NULL,NULL,NULL,NULL,0.0000,NULL,10,0.0000,NULL,NULL,0,2,NULL,'2024-04-08 15:26:05','2024-04-08 15:26:05'),(45,1,'','Đầu kim Epson LQ-590','',NULL,NULL,NULL,NULL,NULL,0.0000,NULL,10,0.0000,NULL,NULL,0,2,NULL,'2024-04-08 15:26:05','2024-04-08 15:26:05'),(46,1,'','Ổ cứng Western SSD 500GB/2.5\" 7mm Sata3 màu \nxanh _Blue(WDS500G3B0A','',NULL,NULL,NULL,NULL,NULL,0.0000,NULL,10,0.0000,NULL,NULL,0,2,NULL,'2024-04-08 15:26:05','2024-04-08 15:26:05'),(47,1,'','Sản phẩm 1','',NULL,NULL,NULL,NULL,NULL,0.0000,NULL,8,0.0000,NULL,NULL,0,8,NULL,'2024-04-10 18:40:22','2024-04-10 18:40:22'),(48,1,'','Sản phẩm 2','',NULL,NULL,NULL,NULL,NULL,0.0000,NULL,10,0.0000,NULL,NULL,0,8,NULL,'2024-04-10 18:40:22','2024-04-10 18:40:22'),(49,1,'','Sản phẩm 3','',NULL,NULL,NULL,'12 THÁNG',NULL,0.0000,NULL,0,0.0000,NULL,NULL,1,8,NULL,'2024-04-10 18:40:22','2024-04-10 18:40:22'),(50,1,'','Sản phẩm 4','',NULL,NULL,NULL,NULL,NULL,0.0000,NULL,0,0.0000,NULL,NULL,1,8,NULL,'2024-04-10 18:40:22','2024-04-10 18:40:22'),(51,1,'','Sản phẩm 5','',NULL,NULL,NULL,NULL,NULL,0.0000,NULL,0,0.0000,NULL,NULL,1,8,NULL,'2024-04-10 18:40:22','2024-04-10 18:40:22'),(52,1,'','Sản phẩm 6','',NULL,NULL,NULL,NULL,NULL,0.0000,NULL,0,0.0000,NULL,NULL,1,8,NULL,'2024-04-10 18:40:22','2024-04-10 18:40:22'),(53,1,'','Sản phẩm 7','',NULL,NULL,NULL,NULL,NULL,0.0000,NULL,0,0.0000,NULL,NULL,1,8,NULL,'2024-04-10 18:40:22','2024-04-10 18:40:22'),(54,1,'','Sản phẩm 8','',NULL,NULL,NULL,NULL,NULL,0.0000,NULL,0,0.0000,NULL,NULL,1,8,NULL,'2024-04-10 18:40:22','2024-04-10 18:40:22'),(55,1,'','Sản phẩm 9','',NULL,NULL,NULL,NULL,NULL,0.0000,NULL,0,0.0000,NULL,NULL,0,8,NULL,'2024-04-10 18:40:22','2024-04-10 18:40:22'),(56,1,'','Sản phẩm 10','',NULL,NULL,NULL,NULL,NULL,0.0000,NULL,10,0.0000,NULL,NULL,0,8,NULL,'2024-04-10 18:40:22','2024-04-10 18:40:22'),(57,1,'','Sản phẩm 11','',NULL,NULL,NULL,NULL,NULL,0.0000,NULL,10,0.0000,NULL,NULL,0,8,NULL,'2024-04-10 18:40:22','2024-04-10 18:40:22'),(58,1,'','Sản phẩm 12','',NULL,NULL,NULL,'12 THÁNG',NULL,0.0000,NULL,10,0.0000,NULL,NULL,1,8,NULL,'2024-04-10 18:40:22','2024-04-10 18:40:22'),(59,1,'','Sản phẩm 13','',NULL,NULL,NULL,'N/A',NULL,0.0000,NULL,10,0.0000,NULL,NULL,0,8,NULL,'2024-04-10 18:40:22','2024-04-10 18:40:22'),(60,1,'','Sản phẩm 14','',NULL,NULL,NULL,'12 THÁNG',NULL,0.0000,NULL,10,0.0000,NULL,NULL,1,8,NULL,'2024-04-10 18:40:22','2024-04-10 18:40:22'),(61,1,'','Sản phẩm 15','',NULL,NULL,NULL,NULL,NULL,0.0000,NULL,10,0.0000,NULL,NULL,0,8,NULL,'2024-04-10 18:40:22','2024-04-10 18:40:22'),(62,1,'','Sản phẩm 16','',NULL,NULL,NULL,NULL,NULL,0.0000,NULL,0,0.0000,NULL,NULL,0,8,NULL,'2024-04-10 18:40:22','2024-04-10 18:40:22'),(63,1,'','Sản phẩm 17','',NULL,NULL,NULL,'12 THÁNG',NULL,0.0000,NULL,10,0.0000,NULL,NULL,1,8,NULL,'2024-04-10 18:40:22','2024-04-10 18:40:22'),(64,1,'','Sản phẩm 18','',NULL,NULL,NULL,NULL,NULL,0.0000,NULL,10,0.0000,NULL,NULL,0,8,NULL,'2024-04-10 18:40:22','2024-04-10 18:40:22'),(65,1,'','Sản phẩm 19','',NULL,NULL,NULL,NULL,NULL,0.0000,NULL,10,0.0000,NULL,NULL,1,8,NULL,'2024-04-10 18:40:22','2024-04-10 18:40:22'),(66,1,'','Sản phẩm 20','',NULL,NULL,NULL,NULL,NULL,0.0000,NULL,10,0.0000,NULL,NULL,0,8,NULL,'2024-04-10 18:40:22','2024-04-10 18:40:22'),(67,1,'','Sản phẩm 21','',NULL,NULL,NULL,NULL,NULL,0.0000,NULL,10,0.0000,NULL,NULL,1,8,NULL,'2024-04-10 18:40:22','2024-04-10 18:40:22'),(68,1,'','Sản phẩm 22','',NULL,NULL,NULL,NULL,NULL,0.0000,NULL,10,0.0000,NULL,NULL,1,8,NULL,'2024-04-10 18:40:22','2024-04-10 18:40:22'),(69,1,'','Sản phẩm 23','',NULL,NULL,NULL,NULL,NULL,0.0000,NULL,10,0.0000,NULL,NULL,0,8,NULL,'2024-04-10 18:40:22','2024-04-10 18:40:22'),(70,1,'','Sản phẩm 24','',NULL,NULL,NULL,NULL,NULL,0.0000,NULL,10,0.0000,NULL,NULL,0,8,NULL,'2024-04-10 18:40:22','2024-04-10 18:40:22'),(71,1,'','Sản phẩm 25','',NULL,NULL,NULL,NULL,NULL,0.0000,NULL,0,0.0000,NULL,NULL,0,8,NULL,'2024-04-10 18:40:22','2024-04-10 18:40:22'),(72,1,'','Sản phẩm 26','',NULL,NULL,NULL,NULL,NULL,0.0000,NULL,8,0.0000,NULL,NULL,0,8,NULL,'2024-04-10 18:40:22','2024-04-10 18:40:22'),(73,1,'','Sản phẩm 27','',NULL,NULL,NULL,NULL,NULL,0.0000,NULL,10,0.0000,NULL,NULL,0,8,NULL,'2024-04-10 18:40:22','2024-04-10 18:40:22'),(74,1,'','Sản phẩm 28','',NULL,NULL,NULL,NULL,NULL,0.0000,NULL,10,0.0000,NULL,NULL,0,8,NULL,'2024-04-10 18:40:22','2024-04-10 18:40:22'),(75,1,'','Sản phẩm 29','',NULL,NULL,NULL,NULL,NULL,0.0000,NULL,10,0.0000,NULL,NULL,0,8,NULL,'2024-04-10 18:40:22','2024-04-10 18:40:22'),(76,1,'','Sản phẩm 30','',NULL,NULL,NULL,NULL,NULL,0.0000,NULL,8,0.0000,NULL,NULL,0,8,NULL,'2024-04-10 18:40:22','2024-04-10 18:40:22'),(77,1,'','Sản phẩm 31','',NULL,NULL,NULL,NULL,NULL,0.0000,NULL,10,0.0000,NULL,NULL,0,8,NULL,'2024-04-10 18:40:22','2024-04-10 18:40:22'),(78,1,'','Sản phẩm 32','',NULL,NULL,NULL,NULL,NULL,0.0000,NULL,10,0.0000,NULL,NULL,0,8,NULL,'2024-04-10 18:40:22','2024-04-10 18:40:22'),(79,1,'','Sản phẩm 33','',NULL,NULL,NULL,NULL,NULL,0.0000,NULL,10,0.0000,NULL,NULL,0,8,NULL,'2024-04-10 18:40:22','2024-04-10 18:40:22'),(80,1,'','Sản phẩm 34','',NULL,NULL,NULL,NULL,NULL,0.0000,NULL,10,0.0000,NULL,NULL,1,8,NULL,'2024-04-10 18:40:22','2024-04-10 18:40:22'),(81,1,'','Sản phẩm 35','',NULL,NULL,NULL,NULL,NULL,0.0000,NULL,10,0.0000,NULL,NULL,1,8,NULL,'2024-04-10 18:40:22','2024-04-10 18:40:22'),(82,1,'','Sản phẩm 36','',NULL,NULL,NULL,NULL,NULL,0.0000,NULL,0,0.0000,NULL,NULL,0,8,NULL,'2024-04-10 18:40:22','2024-04-10 18:40:22'),(83,2,'','Sản phẩm 37','',NULL,NULL,NULL,NULL,NULL,0.0000,NULL,0,0.0000,NULL,NULL,0,8,NULL,'2024-04-10 18:40:22','2024-04-10 18:40:22'),(84,1,'','Sản phẩm 38','',NULL,NULL,NULL,NULL,NULL,0.0000,NULL,10,0.0000,NULL,NULL,0,8,NULL,'2024-04-10 18:40:22','2024-04-10 18:40:22'),(85,1,'','Sản phẩm 39','',NULL,NULL,NULL,NULL,NULL,0.0000,NULL,10,0.0000,NULL,NULL,0,8,NULL,'2024-04-10 18:40:22','2024-04-10 18:40:22'),(86,1,'','Sản phẩm 40','',NULL,NULL,NULL,'12 THÁNG',NULL,0.0000,NULL,10,0.0000,NULL,NULL,1,8,NULL,'2024-04-10 18:40:22','2024-04-10 18:40:22'),(87,2,'','Sản phẩm 41','',NULL,NULL,NULL,NULL,NULL,0.0000,NULL,8,0.0000,NULL,NULL,NULL,8,NULL,'2024-04-10 18:40:22','2024-04-24 11:43:56'),(88,1,'','Sản phẩm 42','',NULL,NULL,NULL,NULL,NULL,0.0000,NULL,10,2.0000,NULL,NULL,NULL,8,NULL,'2024-04-10 18:40:22','2024-04-24 11:43:56'),(89,1,'','Sản phẩm 43','',NULL,NULL,NULL,NULL,NULL,0.0000,NULL,10,2.0000,NULL,NULL,NULL,8,NULL,'2024-04-10 18:40:22','2024-04-24 11:43:56'),(90,1,'','Sản phẩm 44','',NULL,NULL,NULL,NULL,NULL,0.0000,NULL,10,2.0000,NULL,NULL,NULL,8,NULL,'2024-04-10 18:40:22','2024-04-24 11:43:56'),(91,1,'','Sản phẩm 45','',NULL,NULL,NULL,NULL,NULL,0.0000,NULL,10,5.0000,NULL,NULL,NULL,8,NULL,'2024-04-10 18:40:22','2024-04-24 11:43:56'),(92,1,'','Sản phẩm 46','',NULL,NULL,NULL,NULL,NULL,0.0000,NULL,10,5.0000,NULL,NULL,NULL,8,NULL,'2024-04-10 18:40:22','2024-04-24 11:43:56'),(94,1,NULL,'Thiết bị 1','Cái',NULL,NULL,NULL,NULL,500000.0000,NULL,NULL,10,3.0000,0.0000,0.0000,1,8,5,'2024-04-24 14:39:21','2024-04-24 14:44:16'),(95,1,NULL,'Thiết bị 2','Cái',NULL,NULL,NULL,NULL,500000.0000,NULL,NULL,10,3.0000,0.0000,0.0000,1,8,5,'2024-04-24 14:39:21','2024-04-24 14:44:16'),(96,1,NULL,'Thiết bị 3','Cái',NULL,NULL,NULL,NULL,500000.0000,NULL,NULL,10,3.0000,0.0000,0.0000,1,8,5,'2024-04-24 14:39:21','2024-04-24 14:44:16'),(97,1,'SP1','Sản phẩm 1','Cái',NULL,NULL,NULL,'12',0.0000,0.0000,'0',10,0.0000,0.0000,0.0000,1,15,15,'2024-04-29 07:56:18',NULL),(98,1,'TB001','Thiết bị 1','Cái',NULL,NULL,NULL,'12',0.0000,0.0000,'0',10,0.0000,0.0000,0.0000,1,16,16,'2024-05-01 09:22:37',NULL),(99,1,'123','123','123',NULL,NULL,NULL,'1',0.0000,123.0000,'0',0,NULL,NULL,NULL,1,19,NULL,'2024-05-06 07:11:05','2024-05-06 07:11:05'),(100,1,NULL,'Sản phẩm 1','Cái',NULL,NULL,NULL,'12',0.0000,0.0000,'0',10,2.0000,0.0000,0.0000,0,5,5,'2024-05-14 02:26:44','2024-05-14 03:02:21'),(101,1,NULL,'Sản phẩm 2','Cái',NULL,NULL,NULL,'12',0.0000,0.0000,'0',10,3.0000,0.0000,0.0000,0,5,5,'2024-05-14 02:26:59','2024-05-14 02:38:15'),(102,2,NULL,'Dịch vụ triển khai','Gói',NULL,NULL,NULL,NULL,0.0000,0.0000,'0',8,0.0000,0.0000,0.0000,0,5,5,'2024-05-14 02:27:13',NULL),(107,1,NULL,'Sản phẩm 1','Cái',NULL,NULL,NULL,'1',0.0000,1000000.0000,'0',10,1.0000,NULL,NULL,0,9,NULL,'2024-05-17 14:51:29','2024-05-17 22:48:32'),(108,1,NULL,'Sản phẩm 2','Cái',NULL,NULL,NULL,'1',0.0000,2000000.0000,'0',8,6.0000,NULL,NULL,0,9,NULL,'2024-05-17 14:51:29','2024-05-17 22:48:32'),(109,1,'HH01','Hàng hóa 01','Bao',NULL,NULL,NULL,NULL,0.0000,0.0000,'0',10,12.0000,0.0000,0.0000,0,20,20,'2024-05-18 11:23:50','2024-05-18 14:20:30'),(110,1,'HH02','Hàng hóa 02','Cái',NULL,NULL,NULL,NULL,0.0000,0.0000,'0',10,13.0000,0.0000,0.0000,0,20,20,'2024-05-18 11:24:11','2024-05-18 13:35:38'),(111,1,'HH03','Hàng hóa 03','Thùng',NULL,NULL,NULL,NULL,0.0000,0.0000,'0',10,4.0000,0.0000,0.0000,0,20,20,'2024-05-18 11:24:36','2024-05-18 11:49:36'),(112,1,'HH04','Hàng hóa 04','Túi',NULL,NULL,NULL,NULL,0.0000,0.0000,'0',10,5.0000,0.0000,0.0000,0,20,20,'2024-05-18 11:24:51','2024-05-18 11:41:04'),(113,1,'HH05','Hàng hóa 05','Cái',NULL,NULL,NULL,NULL,0.0000,0.0000,'0',10,8.0000,0.0000,0.0000,0,20,20,'2024-05-18 11:25:12','2024-05-18 14:20:27'),(114,1,NULL,'san pham 1','cai',NULL,NULL,NULL,'1',0.0000,250000.0000,'0',8,NULL,NULL,NULL,1,4,NULL,'2024-05-18 13:38:38','2024-05-18 13:38:38'),(115,1,'BXM001','Bao xi măng','Bao',NULL,NULL,NULL,'1',0.0000,1500000.0000,'0',10,1.0000,NULL,NULL,0,20,NULL,'2024-05-18 13:41:30','2024-05-18 14:20:25'),(116,1,NULL,'SP001','Cái',NULL,NULL,NULL,'1',0.0000,100000.0000,'0',10,0.0000,NULL,NULL,1,11,NULL,'2024-05-20 03:49:35','2024-05-21 02:19:50'),(117,1,NULL,'SP002','Cái',NULL,NULL,NULL,NULL,200000.0000,NULL,NULL,8,1.0000,0.0000,0.0000,0,11,11,'2024-05-20 04:17:32','2024-05-21 02:19:41'),(118,1,'CH','Chuột','cái',NULL,NULL,NULL,NULL,150000.0000,NULL,NULL,10,0.0000,0.0000,0.0000,1,22,22,'2024-05-20 07:48:00',NULL),(119,1,'BP','Bàn Phím','cái',NULL,NULL,NULL,NULL,500000.0000,NULL,NULL,10,0.0000,0.0000,0.0000,1,22,22,'2024-05-20 07:48:00',NULL),(120,1,'BAN','Bàn Làm Việc','cái',NULL,NULL,NULL,NULL,1000000.0000,NULL,NULL,10,0.0000,0.0000,0.0000,1,22,22,'2024-05-20 07:50:19',NULL),(121,1,'GIAY','Giày','đôi',NULL,NULL,NULL,NULL,1750000.0000,NULL,NULL,0,5.0000,0.0000,0.0000,1,22,22,'2024-05-20 07:51:24','2024-05-20 07:56:45'),(122,1,NULL,'DV001','Gói',NULL,NULL,NULL,'1',0.0000,0.0000,'0',0,NULL,NULL,NULL,1,11,NULL,'2024-05-20 10:40:40','2024-05-20 10:40:40'),(123,2,NULL,'DV002','Gói',NULL,NULL,NULL,NULL,0.0000,0.0000,'0',8,0.0000,0.0000,0.0000,0,11,11,'2024-05-20 10:41:28',NULL);
/*!40000 ALTER TABLE `products` ENABLE KEYS */;
UNLOCK TABLES;

--
-- Table structure for table `products_import`
--

DROP TABLE IF EXISTS `products_import`;
/*!40101 SET @saved_cs_client     = @@character_set_client */;
/*!40101 SET character_set_client = utf8 */;
CREATE TABLE `products_import` (
  `id` bigint(20) unsigned NOT NULL AUTO_INCREMENT,
  `detailimport_id` int(11) NOT NULL,
  `quoteImport_id` int(11) NOT NULL,
  `product_qty` decimal(20,4) NOT NULL,
  `cbSN` int(11) DEFAULT NULL,
  `product_guarantee` varchar(255) DEFAULT NULL,
  `receive_id` int(11) DEFAULT NULL,
  `reciept_id` int(11) DEFAULT NULL,
  `payOrder_id` int(11) DEFAULT NULL,
  `product_id` int(11) DEFAULT NULL,
  `workspace_id` int(11) DEFAULT NULL,
  `user_id` int(11) DEFAULT NULL,
  `created_at` timestamp NULL DEFAULT NULL,
  `updated_at` timestamp NULL DEFAULT NULL,
  PRIMARY KEY (`id`)
) ENGINE=InnoDB AUTO_INCREMENT=174 DEFAULT CHARSET=utf8mb4 COLLATE=utf8mb4_unicode_ci;
/*!40101 SET character_set_client = @saved_cs_client */;

--
-- Dumping data for table `products_import`
--

LOCK TABLES `products_import` WRITE;
/*!40000 ALTER TABLE `products_import` DISABLE KEYS */;
INSERT INTO `products_import` VALUES (1,1,1,1.0000,0,NULL,1,1,1,1,2,NULL,'2024-04-09 03:40:23','2024-04-09 03:40:23'),(2,2,2,1.0000,0,NULL,2,2,2,2,2,NULL,'2024-04-09 03:40:23','2024-04-09 03:40:23'),(3,3,3,1.0000,1,'12 THÁNG',3,3,3,3,2,NULL,'2024-04-09 03:40:23','2024-04-09 03:40:23'),(4,4,4,1.0000,1,NULL,4,4,4,4,2,NULL,'2024-04-09 03:40:23','2024-04-09 03:40:23'),(5,4,5,1.0000,1,NULL,4,4,4,5,2,NULL,'2024-04-09 03:40:23','2024-04-09 03:40:23'),(6,4,6,1.0000,1,NULL,4,4,4,6,2,NULL,'2024-04-09 03:40:23','2024-04-09 03:40:23'),(7,4,7,1.0000,1,NULL,4,4,4,7,2,NULL,'2024-04-09 03:40:23','2024-04-09 03:40:23'),(8,5,8,1.0000,1,NULL,5,5,5,8,2,NULL,'2024-04-09 03:40:23','2024-04-09 03:40:23'),(9,6,9,1.0000,0,NULL,6,6,6,9,2,NULL,'2024-04-09 03:40:23','2024-04-09 03:40:23'),(10,7,10,1.0000,0,NULL,7,7,7,10,2,NULL,'2024-04-09 03:40:23','2024-04-09 03:40:23'),(11,8,11,1.0000,0,NULL,8,8,8,11,2,NULL,'2024-04-09 03:40:23','2024-04-09 03:40:23'),(12,9,12,1.0000,1,'12 THÁNG',9,9,9,12,2,NULL,'2024-04-09 03:40:23','2024-04-09 03:40:23'),(13,9,13,1.0000,0,'N/A',9,9,9,13,2,NULL,'2024-04-09 03:40:23','2024-04-09 03:40:23'),(14,10,14,10.0000,1,'12 THÁNG',10,10,10,14,2,NULL,'2024-04-09 03:40:23','2024-04-09 03:40:23'),(15,11,15,1.0000,0,NULL,11,11,11,15,2,NULL,'2024-04-09 03:40:23','2024-04-09 03:40:23'),(16,12,16,1.0000,0,NULL,12,12,12,16,2,NULL,'2024-04-09 03:40:23','2024-04-09 03:40:23'),(17,13,17,5.0000,1,'12 THÁNG',13,13,13,17,2,NULL,'2024-04-09 03:40:23','2024-04-09 03:40:23'),(18,14,18,1.0000,0,NULL,14,14,14,18,2,NULL,'2024-04-09 03:40:23','2024-04-09 03:40:23'),(19,15,19,30.0000,1,NULL,15,15,15,19,2,NULL,'2024-04-09 03:40:23','2024-04-09 03:40:23'),(20,16,20,1.0000,0,NULL,16,16,16,20,2,NULL,'2024-04-09 03:40:23','2024-04-09 03:40:23'),(21,17,21,8.0000,1,NULL,17,17,17,21,2,NULL,'2024-04-09 03:40:23','2024-04-09 03:40:23'),(22,17,22,8.0000,1,NULL,17,17,17,22,2,NULL,'2024-04-09 03:40:23','2024-04-09 03:40:23'),(23,18,23,2.0000,0,NULL,18,18,18,23,2,NULL,'2024-04-09 03:40:23','2024-04-09 03:40:23'),(24,19,24,1.0000,0,NULL,19,19,19,24,2,NULL,'2024-04-09 03:40:23','2024-04-09 03:40:23'),(25,20,25,1.0000,0,NULL,20,20,20,25,2,NULL,'2024-04-09 03:40:23','2024-04-09 03:40:23'),(26,21,26,1.0000,0,NULL,21,21,21,26,2,NULL,'2024-04-09 03:40:23','2024-04-09 03:40:23'),(27,22,27,1.0000,0,NULL,22,22,22,27,2,NULL,'2024-04-09 03:40:23','2024-04-09 03:40:23'),(28,23,28,1.0000,0,NULL,23,23,23,28,2,NULL,'2024-04-09 03:40:23','2024-04-09 03:40:23'),(29,24,29,1.0000,0,NULL,24,24,24,29,2,NULL,'2024-04-09 03:40:23','2024-04-09 03:40:23'),(30,25,30,1.0000,0,NULL,25,25,25,30,2,NULL,'2024-04-09 03:40:23','2024-04-09 03:40:23'),(31,26,31,1.0000,0,NULL,26,26,26,31,2,NULL,'2024-04-09 03:40:23','2024-04-09 03:40:23'),(32,27,32,1.0000,0,NULL,27,27,27,32,2,NULL,'2024-04-09 03:40:23','2024-04-09 03:40:23'),(33,28,33,1.0000,0,NULL,28,28,28,33,2,NULL,'2024-04-09 03:40:23','2024-04-09 03:40:23'),(34,29,34,2.0000,1,NULL,29,29,29,34,2,NULL,'2024-04-09 03:40:23','2024-04-09 03:40:23'),(35,29,35,10.0000,1,NULL,29,29,29,35,2,NULL,'2024-04-09 03:40:23','2024-04-09 03:40:23'),(36,30,36,1.0000,0,NULL,30,30,30,36,2,NULL,'2024-04-09 03:40:23','2024-04-09 03:40:23'),(37,31,37,1.0000,0,NULL,31,31,31,37,2,NULL,'2024-04-09 03:40:23','2024-04-09 03:40:23'),(38,32,38,1.0000,0,NULL,32,32,32,38,2,NULL,'2024-04-09 03:40:23','2024-04-09 03:40:23'),(39,33,39,1.0000,0,NULL,33,33,33,39,2,NULL,'2024-04-09 03:40:23','2024-04-09 03:40:23'),(40,34,40,2.0000,1,'12 THÁNG',34,34,34,40,2,NULL,'2024-04-09 03:40:23','2024-04-09 03:40:23'),(41,35,41,1.0000,0,NULL,35,35,35,41,2,NULL,'2024-04-09 03:40:23','2024-04-09 03:40:23'),(42,36,42,1.0000,0,NULL,36,36,36,10,2,NULL,'2024-04-09 03:40:23','2024-04-09 03:40:23'),(43,37,43,1.0000,0,NULL,37,37,37,43,2,NULL,'2024-04-09 03:40:23','2024-04-09 03:40:23'),(44,38,44,1.0000,0,NULL,38,38,38,44,2,NULL,'2024-04-09 03:40:23','2024-04-09 03:40:23'),(45,39,45,1.0000,0,NULL,39,39,39,45,2,NULL,'2024-04-09 03:40:23','2024-04-09 03:40:23'),(46,40,46,1.0000,0,NULL,40,40,40,46,2,NULL,'2024-04-09 03:40:23','2024-04-09 03:40:23'),(47,41,47,1.0000,0,NULL,41,41,41,47,8,NULL,'2024-04-10 19:57:57','2024-04-10 19:57:57'),(48,42,48,1.0000,0,NULL,42,42,42,48,8,NULL,'2024-04-10 19:57:57','2024-04-10 19:57:57'),(49,43,49,1.0000,1,'12 THÁNG',43,43,43,49,8,NULL,'2024-04-10 19:57:57','2024-04-10 19:57:57'),(50,44,50,1.0000,1,NULL,44,44,44,50,8,NULL,'2024-04-10 19:57:57','2024-04-10 19:57:57'),(51,44,51,1.0000,1,NULL,44,44,44,51,8,NULL,'2024-04-10 19:57:57','2024-04-10 19:57:57'),(52,44,52,1.0000,1,NULL,44,44,44,52,8,NULL,'2024-04-10 19:57:57','2024-04-10 19:57:57'),(53,44,53,1.0000,1,NULL,44,44,44,53,8,NULL,'2024-04-10 19:57:57','2024-04-10 19:57:57'),(54,45,54,1.0000,1,NULL,45,45,45,54,8,NULL,'2024-04-10 19:57:57','2024-04-10 19:57:57'),(55,46,55,1.0000,0,NULL,46,46,46,55,8,NULL,'2024-04-10 19:57:57','2024-04-10 19:57:57'),(56,47,56,1.0000,0,NULL,47,47,47,56,8,NULL,'2024-04-10 19:57:57','2024-04-10 19:57:57'),(57,48,57,1.0000,0,NULL,48,48,48,57,8,NULL,'2024-04-10 19:57:57','2024-04-10 19:57:57'),(58,49,58,1.0000,1,'12 THÁNG',49,49,49,58,8,NULL,'2024-04-10 19:57:57','2024-04-10 19:57:57'),(59,49,59,1.0000,0,'N/A',49,49,49,59,8,NULL,'2024-04-10 19:57:57','2024-04-10 19:57:57'),(60,50,60,10.0000,1,'12 THÁNG',50,50,50,60,8,NULL,'2024-04-10 19:57:57','2024-04-10 19:57:57'),(61,51,61,1.0000,0,NULL,51,51,51,61,8,NULL,'2024-04-10 19:57:57','2024-04-10 19:57:57'),(62,52,62,1.0000,0,NULL,52,52,52,62,8,NULL,'2024-04-10 19:57:57','2024-04-10 19:57:57'),(63,53,63,5.0000,1,'12 THÁNG',53,53,53,63,8,NULL,'2024-04-10 19:57:57','2024-04-10 19:57:57'),(64,54,64,1.0000,0,NULL,54,54,54,64,8,NULL,'2024-04-10 19:57:57','2024-04-10 19:57:57'),(65,55,65,30.0000,1,NULL,55,55,55,65,8,NULL,'2024-04-10 19:57:57','2024-04-10 19:57:57'),(66,56,66,1.0000,0,NULL,56,56,56,66,8,NULL,'2024-04-10 19:57:57','2024-04-10 19:57:57'),(67,57,67,8.0000,1,NULL,57,57,57,67,8,NULL,'2024-04-10 19:57:57','2024-04-10 19:57:57'),(68,57,68,8.0000,1,NULL,57,57,57,68,8,NULL,'2024-04-10 19:57:57','2024-04-10 19:57:57'),(69,58,69,2.0000,0,NULL,58,58,58,69,8,NULL,'2024-04-10 19:57:57','2024-04-10 19:57:57'),(70,59,70,1.0000,0,NULL,59,59,59,70,8,NULL,'2024-04-10 19:57:57','2024-04-10 19:57:57'),(71,60,71,1.0000,0,NULL,60,60,60,71,8,NULL,'2024-04-10 19:57:57','2024-04-10 19:57:57'),(72,61,72,1.0000,0,NULL,61,61,61,72,8,NULL,'2024-04-10 19:57:57','2024-04-10 19:57:57'),(73,62,73,1.0000,0,NULL,62,62,62,73,8,NULL,'2024-04-10 19:57:57','2024-04-10 19:57:57'),(74,63,74,1.0000,0,NULL,63,63,63,74,8,NULL,'2024-04-10 19:57:57','2024-04-10 19:57:57'),(75,64,75,1.0000,0,NULL,64,64,64,75,8,NULL,'2024-04-10 19:57:57','2024-04-10 19:57:57'),(76,65,76,1.0000,0,NULL,65,65,65,76,8,NULL,'2024-04-10 19:57:57','2024-04-10 19:57:57'),(77,66,77,1.0000,0,NULL,66,66,66,77,8,NULL,'2024-04-10 19:57:57','2024-04-10 19:57:57'),(78,67,78,1.0000,0,NULL,67,67,67,78,8,NULL,'2024-04-10 19:57:57','2024-04-10 19:57:57'),(79,68,79,1.0000,0,NULL,68,68,68,79,8,NULL,'2024-04-10 19:57:57','2024-04-10 19:57:57'),(80,69,80,2.0000,1,NULL,69,69,69,80,8,NULL,'2024-04-10 19:57:57','2024-04-10 19:57:57'),(81,69,81,10.0000,1,NULL,69,69,69,81,8,NULL,'2024-04-10 19:57:57','2024-04-10 19:57:57'),(82,70,82,1.0000,0,NULL,70,70,70,82,8,NULL,'2024-04-10 19:57:57','2024-04-10 19:57:57'),(83,71,83,1.0000,0,NULL,71,71,71,83,8,NULL,'2024-04-10 19:57:57','2024-04-10 19:57:57'),(84,72,84,1.0000,0,NULL,72,72,72,84,8,NULL,'2024-04-10 19:57:57','2024-04-10 19:57:57'),(85,73,85,1.0000,0,NULL,73,73,73,85,8,NULL,'2024-04-10 19:57:57','2024-04-10 19:57:57'),(86,74,86,2.0000,1,'12 THÁNG',74,74,74,86,8,NULL,'2024-04-10 19:57:57','2024-04-10 19:57:57'),(87,75,87,1.0000,0,NULL,75,75,75,87,8,NULL,'2024-04-10 19:57:57','2024-04-10 19:57:57'),(88,76,88,1.0000,0,NULL,76,76,76,88,8,NULL,'2024-04-10 19:57:57','2024-04-10 19:57:57'),(89,77,89,1.0000,0,NULL,77,77,77,89,8,NULL,'2024-04-10 19:57:57','2024-04-10 19:57:57'),(90,78,90,1.0000,0,NULL,78,78,78,90,8,NULL,'2024-04-10 19:57:57','2024-04-10 19:57:57'),(91,79,91,1.0000,0,NULL,79,79,79,91,8,NULL,'2024-04-10 19:57:57','2024-04-10 19:57:57'),(92,80,92,1.0000,0,NULL,80,80,80,92,8,NULL,'2024-04-10 19:57:57','2024-04-10 19:57:57'),(93,81,93,5.0000,0,NULL,81,NULL,NULL,91,8,NULL,'2024-04-11 02:38:27','2024-04-11 02:38:27'),(94,81,94,5.0000,0,NULL,81,NULL,NULL,92,8,NULL,'2024-04-11 02:38:27','2024-04-11 02:38:27'),(96,83,96,3.0000,NULL,NULL,83,NULL,NULL,92,8,5,'2024-04-24 11:40:00','2024-04-24 11:40:00'),(97,83,97,3.0000,NULL,NULL,83,NULL,NULL,91,8,5,'2024-04-24 11:40:00','2024-04-24 11:40:00'),(98,83,98,3.0000,0,NULL,83,NULL,NULL,89,8,5,'2024-04-24 11:40:00','2024-04-24 11:40:01'),(99,83,99,3.0000,0,NULL,83,NULL,NULL,88,8,5,'2024-04-24 11:40:00','2024-04-24 11:40:01'),(100,84,100,3.0000,0,NULL,84,NULL,NULL,90,8,5,'2024-04-24 11:43:16','2024-04-24 11:43:16'),(101,85,101,3.0000,1,NULL,85,NULL,NULL,94,8,5,'2024-04-24 14:44:16','2024-04-24 14:44:16'),(102,85,102,3.0000,1,NULL,85,NULL,NULL,95,8,5,'2024-04-24 14:44:16','2024-04-24 14:44:16'),(103,85,103,3.0000,1,NULL,85,NULL,NULL,96,8,5,'2024-04-24 14:44:16','2024-04-24 14:44:16'),(105,87,105,5.0000,1,NULL,87,NULL,NULL,100,5,5,'2024-05-14 02:37:55','2024-05-14 02:37:55'),(106,87,106,5.0000,1,NULL,87,NULL,NULL,101,5,5,'2024-05-14 02:37:55','2024-05-14 02:37:55'),(107,87,105,5.0000,1,NULL,NULL,81,NULL,NULL,5,5,'2024-05-14 02:40:34',NULL),(108,87,106,5.0000,1,NULL,NULL,81,NULL,NULL,5,5,'2024-05-14 02:40:34',NULL),(109,87,105,5.0000,1,NULL,NULL,NULL,81,NULL,5,5,'2024-05-14 02:40:38',NULL),(110,87,106,5.0000,1,NULL,NULL,NULL,81,NULL,5,5,'2024-05-14 02:40:38',NULL),(116,89,111,5.0000,0,NULL,90,NULL,NULL,107,9,9,'2024-05-17 14:52:35','2024-05-17 14:52:35'),(117,89,112,10.0000,0,NULL,90,NULL,NULL,108,9,9,'2024-05-17 14:52:35','2024-05-17 14:52:35'),(118,90,113,2.0000,0,NULL,91,NULL,NULL,107,9,9,'2024-05-17 22:48:06','2024-05-17 22:48:06'),(119,90,114,3.0000,0,NULL,91,NULL,NULL,108,9,9,'2024-05-17 22:48:06','2024-05-17 22:48:06'),(120,91,115,10.0000,0,NULL,92,NULL,NULL,109,20,20,'2024-05-18 11:30:05','2024-05-18 11:30:05'),(121,92,116,5.0000,0,NULL,93,NULL,NULL,110,20,20,'2024-05-18 11:32:15','2024-05-18 11:32:15'),(122,95,119,20.0000,0,NULL,94,NULL,NULL,113,20,20,'2024-05-18 11:33:39','2024-05-18 11:33:39'),(123,94,118,10.0000,0,NULL,95,NULL,NULL,112,20,20,'2024-05-18 11:34:05','2024-05-18 11:34:05'),(124,93,117,7.0000,0,NULL,96,NULL,NULL,111,20,20,'2024-05-18 11:34:29','2024-05-18 11:34:29'),(125,95,119,20.0000,0,NULL,NULL,82,NULL,NULL,20,20,'2024-05-18 12:03:02',NULL),(126,94,118,10.0000,0,NULL,NULL,83,NULL,NULL,20,20,'2024-05-18 12:03:16',NULL),(127,94,118,10.0000,0,NULL,NULL,NULL,82,NULL,20,20,'2024-05-18 12:03:27',NULL),(128,94,118,10.0000,0,NULL,NULL,NULL,83,NULL,20,20,'2024-05-18 12:04:13',NULL),(129,93,117,7.0000,0,NULL,NULL,84,NULL,NULL,20,20,'2024-05-18 12:04:34',NULL),(130,91,115,10.0000,0,NULL,NULL,85,NULL,NULL,20,20,'2024-05-18 12:04:40',NULL),(131,92,116,5.0000,0,NULL,NULL,86,NULL,NULL,20,20,'2024-05-18 12:04:46',NULL),(132,95,119,20.0000,0,NULL,NULL,NULL,84,NULL,20,20,'2024-05-18 12:07:07',NULL),(133,94,118,10.0000,0,NULL,NULL,NULL,85,NULL,20,20,'2024-05-18 12:07:26',NULL),(134,92,116,5.0000,0,NULL,NULL,NULL,86,NULL,20,20,'2024-05-18 12:07:31',NULL),(135,90,113,2.0000,0,NULL,NULL,87,NULL,NULL,9,9,'2024-05-18 13:10:39',NULL),(136,90,114,3.0000,0,NULL,NULL,87,NULL,NULL,9,9,'2024-05-18 13:10:39',NULL),(137,90,113,2.0000,0,NULL,NULL,NULL,87,NULL,9,9,'2024-05-18 13:10:42',NULL),(138,90,114,3.0000,0,NULL,NULL,NULL,87,NULL,9,9,'2024-05-18 13:10:42',NULL),(139,89,111,5.0000,0,NULL,NULL,88,NULL,NULL,9,9,'2024-05-18 13:10:45',NULL),(140,89,112,10.0000,0,NULL,NULL,88,NULL,NULL,9,9,'2024-05-18 13:10:45',NULL),(141,93,117,7.0000,0,NULL,NULL,NULL,88,NULL,20,20,'2024-05-18 13:16:50',NULL),(142,91,115,10.0000,0,NULL,NULL,NULL,89,NULL,20,20,'2024-05-18 13:29:12',NULL),(143,96,120,10.0000,0,NULL,97,NULL,NULL,109,20,20,'2024-05-18 13:35:38','2024-05-18 13:35:38'),(144,96,121,10.0000,0,NULL,97,NULL,NULL,110,20,20,'2024-05-18 13:35:38','2024-05-18 13:35:38'),(145,96,120,10.0000,0,NULL,NULL,89,NULL,NULL,20,20,'2024-05-18 13:35:42',NULL),(146,96,121,10.0000,0,NULL,NULL,89,NULL,NULL,20,20,'2024-05-18 13:35:42',NULL),(147,96,120,10.0000,0,NULL,NULL,NULL,90,NULL,20,20,'2024-05-18 13:35:47',NULL),(148,96,121,10.0000,0,NULL,NULL,NULL,90,NULL,20,20,'2024-05-18 13:35:47',NULL),(149,97,122,18.0000,0,NULL,98,NULL,NULL,115,20,20,'2024-05-18 13:42:14','2024-05-18 13:42:14'),(150,97,122,18.0000,0,NULL,NULL,NULL,91,NULL,20,20,'2024-05-18 13:42:19',NULL),(151,98,123,2.0000,0,NULL,NULL,NULL,92,NULL,20,20,'2024-05-18 14:28:29',NULL),(152,89,111,5.0000,0,NULL,NULL,NULL,93,NULL,9,9,'2024-05-20 03:47:01',NULL),(153,89,112,10.0000,0,NULL,NULL,NULL,93,NULL,9,9,'2024-05-20 03:47:01',NULL),(154,89,111,5.0000,0,NULL,NULL,NULL,94,NULL,9,9,'2024-05-20 03:47:39',NULL),(155,89,112,10.0000,0,NULL,NULL,NULL,94,NULL,9,9,'2024-05-20 03:47:39',NULL),(156,90,113,2.0000,0,NULL,NULL,90,NULL,NULL,9,9,'2024-05-20 03:47:58',NULL),(157,90,114,3.0000,0,NULL,NULL,90,NULL,NULL,9,9,'2024-05-20 03:47:58',NULL),(158,89,111,5.0000,0,NULL,NULL,91,NULL,NULL,9,9,'2024-05-20 03:48:27',NULL),(159,89,112,10.0000,0,NULL,NULL,91,NULL,NULL,9,9,'2024-05-20 03:48:27',NULL),(160,99,124,4.0000,1,NULL,99,NULL,NULL,116,11,11,'2024-05-20 03:58:38','2024-05-20 03:58:38'),(161,99,124,4.0000,1,NULL,NULL,NULL,95,NULL,11,11,'2024-05-20 04:10:46',NULL),(162,100,125,4.0000,0,NULL,100,NULL,NULL,117,11,11,'2024-05-20 04:17:41','2024-05-20 04:17:41'),(163,101,126,2.0000,0,NULL,101,NULL,NULL,117,11,11,'2024-05-20 04:23:15','2024-05-20 04:23:15'),(164,102,127,2.0000,0,NULL,102,NULL,NULL,117,11,11,'2024-05-20 04:23:18','2024-05-20 04:23:18'),(165,103,128,6.0000,0,NULL,NULL,NULL,96,NULL,22,22,'2024-05-20 07:52:03',NULL),(166,103,129,4.0000,0,NULL,NULL,NULL,96,NULL,22,22,'2024-05-20 07:52:03',NULL),(167,105,131,5.0000,1,NULL,103,NULL,NULL,121,22,22,'2024-05-20 07:56:11','2024-05-20 07:56:45'),(168,104,130,10.0000,0,NULL,NULL,92,NULL,NULL,22,22,'2024-05-20 07:57:02',NULL),(169,102,127,2.0000,0,NULL,NULL,NULL,97,NULL,11,11,'2024-05-20 10:11:02',NULL),(170,101,126,2.0000,0,NULL,NULL,NULL,98,NULL,11,11,'2024-05-20 10:11:14',NULL),(171,100,125,4.0000,0,NULL,NULL,NULL,99,NULL,11,11,'2024-05-20 10:11:22',NULL),(172,107,133,1.0000,0,NULL,104,NULL,NULL,117,11,11,'2024-05-20 10:42:11','2024-05-20 10:42:11'),(173,106,132,1.0000,0,NULL,105,NULL,NULL,117,11,11,'2024-05-20 10:42:13','2024-05-20 10:42:13');
/*!40000 ALTER TABLE `products_import` ENABLE KEYS */;
UNLOCK TABLES;

--
-- Table structure for table `project`
--

DROP TABLE IF EXISTS `project`;
/*!40101 SET @saved_cs_client     = @@character_set_client */;
/*!40101 SET character_set_client = utf8 */;
CREATE TABLE `project` (
  `id` bigint(20) unsigned NOT NULL AUTO_INCREMENT,
  `project_name` varchar(255) NOT NULL,
  `workspace_id` int(11) DEFAULT NULL,
  `user_id` int(11) DEFAULT NULL,
  `created_at` timestamp NULL DEFAULT NULL,
  `updated_at` timestamp NULL DEFAULT NULL,
  PRIMARY KEY (`id`)
) ENGINE=InnoDB AUTO_INCREMENT=2 DEFAULT CHARSET=utf8mb4 COLLATE=utf8mb4_unicode_ci;
/*!40101 SET character_set_client = @saved_cs_client */;

--
-- Dumping data for table `project`
--

LOCK TABLES `project` WRITE;
/*!40000 ALTER TABLE `project` DISABLE KEYS */;
INSERT INTO `project` VALUES (1,'Dự án 1',NULL,NULL,NULL,NULL);
/*!40000 ALTER TABLE `project` ENABLE KEYS */;
UNLOCK TABLES;

--
-- Table structure for table `provides`
--

DROP TABLE IF EXISTS `provides`;
/*!40101 SET @saved_cs_client     = @@character_set_client */;
/*!40101 SET character_set_client = utf8 */;
CREATE TABLE `provides` (
  `id` bigint(20) unsigned NOT NULL AUTO_INCREMENT,
  `provide_name_display` varchar(255) NOT NULL,
  `key` varchar(255) DEFAULT NULL,
  `provide_name` varchar(255) DEFAULT NULL,
  `provide_address` varchar(255) NOT NULL,
  `provide_code` varchar(255) NOT NULL,
  `provide_represent` varchar(255) DEFAULT NULL,
  `provide_email` varchar(255) DEFAULT NULL,
  `provide_phone` varchar(255) DEFAULT NULL,
  `provide_debt` decimal(20,4) NOT NULL,
  `provide_address_delivery` varchar(255) DEFAULT NULL,
  `workspace_id` int(11) DEFAULT NULL,
  `user_id` int(11) DEFAULT NULL,
  `created_at` timestamp NULL DEFAULT NULL,
  `updated_at` timestamp NULL DEFAULT NULL,
  PRIMARY KEY (`id`)
) ENGINE=InnoDB AUTO_INCREMENT=63 DEFAULT CHARSET=utf8mb4 COLLATE=utf8mb4_unicode_ci;
/*!40101 SET character_set_client = @saved_cs_client */;

--
-- Dumping data for table `provides`
--

LOCK TABLES `provides` WRITE;
/*!40000 ALTER TABLE `provides` DISABLE KEYS */;
INSERT INTO `provides` VALUES (1,'OLIU','2','OLIU1','21312','3123',NULL,NULL,NULL,0.0000,NULL,2,NULL,'2024-04-05 03:05:30','2024-04-10 10:51:24'),(2,'NGUYEN KIM',NULL,'NGUYEN KIM','','',NULL,NULL,NULL,0.0000,NULL,2,NULL,'2024-04-05 03:05:30','2024-05-14 03:10:17'),(3,'NTEK',NULL,'NTEK','','',NULL,NULL,NULL,0.0000,NULL,2,NULL,'2024-04-05 03:05:30','2024-04-05 03:05:30'),(4,'TECHORIZON',NULL,'TECHORIZON','','',NULL,NULL,NULL,0.0000,NULL,2,NULL,'2024-04-05 03:05:30','2024-04-05 03:05:30'),(5,'LE HUY',NULL,'LE HUY','','',NULL,NULL,NULL,0.0000,NULL,2,NULL,'2024-04-05 03:05:30','2024-04-05 03:05:30'),(6,'SIEU TOC',NULL,'SIEU TOC','','',NULL,NULL,NULL,0.0000,NULL,2,NULL,'2024-04-05 03:05:30','2024-04-05 03:05:30'),(7,'HONG QUANG',NULL,'HONG QUANG','','',NULL,NULL,NULL,0.0000,NULL,2,NULL,'2024-04-05 03:05:30','2024-04-05 03:05:30'),(8,'NGUYEN PHONG',NULL,'NGUYEN PHONG','','',NULL,NULL,NULL,0.0000,NULL,2,NULL,'2024-04-05 03:05:30','2024-04-05 03:05:30'),(9,'RINGNET',NULL,'RINGNET','','',NULL,NULL,NULL,0.0000,NULL,2,NULL,'2024-04-05 03:05:30','2024-05-04 02:43:25'),(10,'VIET TIEP',NULL,'VIET TIEP','','',NULL,NULL,NULL,0.0000,NULL,2,NULL,'2024-04-05 03:05:30','2024-04-05 03:05:30'),(11,'QUANG LAM',NULL,'QUANG LAM','','',NULL,NULL,NULL,0.0000,NULL,2,NULL,'2024-04-05 03:05:30','2024-04-05 03:05:30'),(12,'PHUONG VIET',NULL,'PHUONG VIET','','',NULL,NULL,NULL,0.0000,NULL,2,NULL,'2024-04-05 03:05:30','2024-04-05 03:05:30'),(13,'BASEUS',NULL,'BASEUS','','',NULL,NULL,NULL,0.0000,NULL,2,NULL,'2024-04-05 03:05:30','2024-04-05 03:05:30'),(14,'GREENTECH',NULL,'GREENTECH','','',NULL,NULL,NULL,3719999.8000,NULL,2,NULL,'2024-04-05 03:05:30','2024-04-05 03:05:30'),(15,'CAO PHONG',NULL,'CAO PHONG','','',NULL,NULL,NULL,0.0000,NULL,2,NULL,'2024-04-05 03:05:30','2024-04-05 03:05:30'),(16,'VĂN KIỆT',NULL,'VĂN KIỆT','','',NULL,NULL,NULL,0.0000,NULL,2,NULL,'2024-04-05 03:05:30','2024-04-05 03:05:30'),(17,'VIEN THONG TAY',NULL,'VIEN THONG TAY','','',NULL,NULL,NULL,0.0000,NULL,2,NULL,'2024-04-05 03:05:30','2024-04-05 03:05:30'),(18,'SAO NAM AN',NULL,'SAO NAM AN','','',NULL,NULL,NULL,0.0000,NULL,2,NULL,'2024-04-05 03:05:30','2024-04-05 03:05:30'),(19,'HỘI LỘC',NULL,'HỘI LỘC','','',NULL,NULL,NULL,0.0000,NULL,2,NULL,'2024-04-05 03:05:30','2024-04-05 03:05:30'),(20,'ELITE',NULL,'ELITE','','',NULL,NULL,NULL,92771000.0000,NULL,2,NULL,'2024-04-05 03:05:30','2024-04-05 03:05:30'),(21,'THAI PHONG',NULL,'THAI PHONG','','',NULL,NULL,NULL,0.0000,NULL,2,NULL,'2024-04-05 03:05:30','2024-04-05 03:05:30'),(22,'HA CUONG',NULL,'HA CUONG','','',NULL,NULL,NULL,13200000.0000,NULL,2,NULL,'2024-04-05 03:05:30','2024-04-05 03:05:30'),(23,'LAM PHU GIA',NULL,'LAM PHU GIA','','',NULL,NULL,NULL,1296000.0000,NULL,2,NULL,'2024-04-05 03:05:30','2024-04-05 03:05:30'),(24,'TAN NIEM TIN',NULL,'TAN NIEM TIN','','',NULL,NULL,NULL,2068000.0000,NULL,2,NULL,'2024-04-05 03:05:30','2024-04-05 03:05:30'),(25,'MỰC IN HUY THUẬN',NULL,'MỰC IN HUY THUẬN','','',NULL,NULL,NULL,0.0000,NULL,2,NULL,'2024-04-05 03:05:30','2024-04-05 03:05:30'),(26,'Nhà cung cấp 1',NULL,'Nhà cung cấp 1','','',NULL,NULL,NULL,24200000.0000,NULL,8,NULL,'2024-04-10 18:50:48','2024-04-24 14:44:16'),(27,'Nhà cung cấp 2',NULL,'Nhà cung cấp 2','','',NULL,NULL,NULL,0.0000,NULL,8,NULL,'2024-04-10 18:50:48','2024-04-10 18:50:48'),(28,'Nhà cung cấp 3',NULL,'Nhà cung cấp 3','','',NULL,NULL,NULL,0.0000,NULL,8,NULL,'2024-04-10 18:50:48','2024-04-10 18:50:48'),(29,'Nhà cung cấp 4',NULL,'Nhà cung cấp 4','','',NULL,NULL,NULL,0.0000,NULL,8,NULL,'2024-04-10 18:50:48','2024-04-10 18:50:48'),(30,'Nhà cung cấp 5',NULL,'Nhà cung cấp 5','','',NULL,NULL,NULL,0.0000,NULL,8,NULL,'2024-04-10 18:50:48','2024-04-10 18:50:48'),(31,'Nhà cung cấp 6',NULL,'Nhà cung cấp 6','','',NULL,NULL,NULL,0.0000,NULL,8,NULL,'2024-04-10 18:50:48','2024-04-10 18:50:48'),(32,'Nhà cung cấp 7',NULL,'Nhà cung cấp 7','','',NULL,NULL,NULL,0.0000,NULL,8,NULL,'2024-04-10 18:50:48','2024-04-10 18:50:48'),(33,'Nhà cung cấp 8',NULL,'Nhà cung cấp 8','','',NULL,NULL,NULL,0.0000,NULL,8,NULL,'2024-04-10 18:50:48','2024-04-10 18:50:48'),(34,'Nhà cung cấp 9',NULL,'Nhà cung cấp 9','','',NULL,NULL,NULL,0.0000,NULL,8,NULL,'2024-04-10 18:50:48','2024-04-10 18:50:48'),(35,'Nhà cung cấp 10',NULL,'Nhà cung cấp 10','','',NULL,NULL,NULL,0.0000,NULL,8,NULL,'2024-04-10 18:50:48','2024-04-10 18:50:48'),(36,'Nhà cung cấp 11',NULL,'Nhà cung cấp 11','','',NULL,NULL,NULL,0.0000,NULL,8,NULL,'2024-04-10 18:50:48','2024-04-10 18:50:48'),(37,'Nhà cung cấp 12',NULL,'Nhà cung cấp 12','','',NULL,NULL,NULL,0.0000,NULL,8,NULL,'2024-04-10 18:50:48','2024-04-10 18:50:48'),(38,'Nhà cung cấp 13',NULL,'Nhà cung cấp 13','','',NULL,NULL,NULL,0.0000,NULL,8,NULL,'2024-04-10 18:50:48','2024-04-10 18:50:48'),(39,'Nhà cung cấp 14',NULL,'Nhà cung cấp 14','','',NULL,NULL,NULL,3719999.8000,NULL,8,NULL,'2024-04-10 18:50:48','2024-04-10 18:50:48'),(40,'Nhà cung cấp 15',NULL,'Nhà cung cấp 15','','',NULL,NULL,NULL,0.0000,NULL,8,NULL,'2024-04-10 18:50:48','2024-04-10 18:50:48'),(41,'Nhà cung cấp 16',NULL,'Nhà cung cấp 16','','',NULL,NULL,NULL,0.0000,NULL,8,NULL,'2024-04-10 18:50:48','2024-04-10 18:50:48'),(42,'Nhà cung cấp 17',NULL,'Nhà cung cấp 17','','',NULL,NULL,NULL,0.0000,NULL,8,NULL,'2024-04-10 18:50:48','2024-04-10 18:50:48'),(43,'Nhà cung cấp 18',NULL,'Nhà cung cấp 18','','',NULL,NULL,NULL,0.0000,NULL,8,NULL,'2024-04-10 18:50:48','2024-04-10 18:50:48'),(44,'Nhà cung cấp 19',NULL,'Nhà cung cấp 19','','',NULL,NULL,NULL,0.0000,NULL,8,NULL,'2024-04-10 18:50:48','2024-04-10 18:50:48'),(45,'Nhà cung cấp 20',NULL,'Nhà cung cấp 20','','',NULL,NULL,NULL,92771000.0000,NULL,8,NULL,'2024-04-10 18:50:48','2024-04-10 18:50:48'),(46,'Nhà cung cấp 21',NULL,'Nhà cung cấp 21','','',NULL,NULL,NULL,0.0000,NULL,8,NULL,'2024-04-10 18:50:48','2024-04-10 18:50:48'),(47,'Nhà cung cấp 22',NULL,'Nhà cung cấp 22','','',NULL,NULL,NULL,13200000.0000,NULL,8,NULL,'2024-04-10 18:50:48','2024-04-10 18:50:48'),(48,'Nhà cung cấp 23',NULL,'Nhà cung cấp 23','','',NULL,NULL,NULL,1296000.0000,NULL,8,NULL,'2024-04-10 18:50:48','2024-04-10 18:50:48'),(49,'Nhà cung cấp 24',NULL,'Nhà cung cấp 24','','',NULL,NULL,NULL,2068000.0000,NULL,8,NULL,'2024-04-10 18:50:48','2024-04-10 18:50:48'),(50,'Nhà cung cấp 25',NULL,'Nhà cung cấp 25','','',NULL,NULL,NULL,0.0000,NULL,8,NULL,'2024-04-10 18:50:48','2024-04-10 18:50:48'),(51,'NCC 01','NCC',NULL,'39 Tân Phú','19819819871',NULL,NULL,NULL,0.0000,NULL,5,5,NULL,'2024-05-14 02:40:38'),(52,'Nhà cung cấp 1','N',NULL,'243 Nguyễn Trãi','247127',NULL,NULL,NULL,35780000.0000,NULL,9,9,NULL,'2024-05-20 03:47:39'),(53,'Nhà cung cấp 01','NCC01',NULL,'Tiền Giang','01234581765',NULL,NULL,NULL,0.0000,NULL,20,20,NULL,'2024-05-18 14:28:29'),(54,'Nhà cung cấp 02','NCC02',NULL,'Tân Châu','456132464978',NULL,NULL,NULL,0.0000,NULL,20,20,NULL,'2024-05-18 12:07:31'),(55,'Nhà cung cấp 03','NCC03',NULL,'Châu Đốc','456132464414',NULL,NULL,NULL,0.0000,NULL,20,20,NULL,'2024-05-18 13:29:01'),(56,'Nhà cung cấp 04','NCC04',NULL,'An Giang','456132461234',NULL,NULL,NULL,0.0000,NULL,20,20,NULL,'2024-05-18 12:07:26'),(57,'Nhà cung cấp 05','NCC05',NULL,'Đà Lạt','4561324612409',NULL,NULL,NULL,0.0000,NULL,20,20,NULL,'2024-05-18 13:35:47'),(58,'Phong Vương','PV',NULL,'qd1','1244',NULL,NULL,NULL,264000.0000,NULL,11,11,NULL,'2024-05-20 10:42:13'),(59,'Phong Vũ','PV1',NULL,'12hn3l','10999',NULL,NULL,NULL,1470000.0000,NULL,11,11,NULL,'2024-05-20 10:42:11'),(60,'RINGNET','RINGNET',NULL,'Lê Văn Huân','1234567777',NULL,NULL,NULL,1690000.0000,NULL,22,22,NULL,'2024-05-20 07:53:08'),(61,'GreenTech','GT',NULL,'Út Tịch','0123456644',NULL,NULL,NULL,11000000.0000,NULL,22,22,NULL,'2024-05-20 07:57:02'),(62,'ANANAS','ANANAS',NULL,'D2','456789113',NULL,NULL,NULL,8750000.0000,NULL,22,22,NULL,'2024-05-20 07:56:11');
/*!40000 ALTER TABLE `provides` ENABLE KEYS */;
UNLOCK TABLES;

--
-- Table structure for table `quoteexport`
--

DROP TABLE IF EXISTS `quoteexport`;
/*!40101 SET @saved_cs_client     = @@character_set_client */;
/*!40101 SET character_set_client = utf8 */;
CREATE TABLE `quoteexport` (
  `id` bigint(20) unsigned NOT NULL AUTO_INCREMENT,
  `detailexport_id` bigint(20) unsigned NOT NULL,
  `product_code` varchar(255) DEFAULT NULL,
  `product_name` varchar(255) NOT NULL,
  `product_unit` varchar(255) NOT NULL,
  `product_qty` decimal(20,4) NOT NULL,
  `product_tax` int(11) NOT NULL,
  `product_total` decimal(20,4) NOT NULL,
  `price_export` decimal(20,4) NOT NULL,
  `product_ratio` int(11) DEFAULT NULL,
  `price_import` decimal(20,4) DEFAULT NULL,
  `product_note` varchar(255) DEFAULT NULL,
  `workspace_id` int(11) DEFAULT NULL,
  `user_id` int(11) DEFAULT NULL,
  `created_at` timestamp NULL DEFAULT NULL,
  `updated_at` timestamp NULL DEFAULT NULL,
  `deliver_id` int(11) DEFAULT NULL,
  `product_id` int(11) DEFAULT NULL,
  `qty_delivery` decimal(20,4) DEFAULT NULL,
  `qty_bill_sale` decimal(20,4) DEFAULT NULL,
  `qty_payment` decimal(20,4) DEFAULT NULL,
  `product_delivery` int(11) DEFAULT NULL,
  `status` int(11) NOT NULL,
  PRIMARY KEY (`id`),
  KEY `quoteexport_detailexport_id_foreign` (`detailexport_id`),
  CONSTRAINT `quoteexport_detailexport_id_foreign` FOREIGN KEY (`detailexport_id`) REFERENCES `detailexport` (`id`)
) ENGINE=InnoDB AUTO_INCREMENT=156 DEFAULT CHARSET=utf8mb4 COLLATE=utf8mb4_unicode_ci;
/*!40101 SET character_set_client = @saved_cs_client */;

--
-- Dumping data for table `quoteexport`
--

LOCK TABLES `quoteexport` WRITE;
/*!40000 ALTER TABLE `quoteexport` DISABLE KEYS */;
INSERT INTO `quoteexport` VALUES (1,1,'','Cài đặt Microsoft Office 2019 Pro','',1.0000,8,7500000.0000,7500000.0000,NULL,NULL,NULL,2,NULL,'2024-01-11 17:00:00','2024-04-05 05:12:52',0,1,1.0000,1.0000,1.0000,NULL,1),(2,2,'','CHUỘT LOGITECH M331 ĐEN ','',1.0000,10,340000.0000,340000.0000,NULL,NULL,NULL,2,NULL,'2024-01-11 17:00:00','2024-04-05 05:12:52',0,2,1.0000,1.0000,1.0000,NULL,1),(3,3,'','Bản quyền phần mềm ADVANCED GATEWAY SECURITY SUITE BUNDLE FOR NSA 3650 1YR (01-SSC-3451)','',1.0000,0,116741000.0000,116741000.0000,NULL,NULL,NULL,2,NULL,'2024-01-21 17:00:00','2024-04-05 05:12:52',0,3,1.0000,1.0000,1.0000,NULL,1),(4,4,'','Giấy phép cập nhật phần mềm cho thiết bị Fortigate 501E Bundle ,thời hạn 1 năm','',1.0000,0,228617000.0000,228617000.0000,NULL,NULL,NULL,2,NULL,'2024-01-21 17:00:00','2024-04-05 05:12:52',0,4,1.0000,1.0000,1.0000,NULL,1),(5,4,'','Giấy phép cập nhật phần mềm cho thiết bị Fortimail 200 E, thời hạn đến 09 /05 /2024','',1.0000,0,82000500.0000,82000500.0000,NULL,NULL,NULL,2,NULL,'2024-01-21 17:00:00','2024-04-05 05:12:52',0,5,1.0000,1.0000,1.0000,NULL,1),(6,4,'','Bản quyền phần mềm FortiClient cho 25 người dùng, thời hạn 1 năm','',1.0000,0,73000000.0000,73000000.0000,NULL,NULL,NULL,2,NULL,'2024-01-21 17:00:00','2024-04-05 05:12:52',0,6,1.0000,1.0000,1.0000,NULL,1),(7,4,'','Giấy phép cập nhật phần mềm cho thiết bị Fortiweb 400D Bundle ,thời hạn 1 năm','',1.0000,0,263437500.0000,263437500.0000,NULL,NULL,NULL,2,NULL,'2024-01-21 17:00:00','2024-04-05 05:12:52',0,7,1.0000,1.0000,1.0000,NULL,1),(8,4,'','Bản quyền phần mềm ADVANCED GATEWAY \nSECURITY SUITE BUNDLE FOR NSA 3650 1YR','',1.0000,0,78550000.0000,78550000.0000,NULL,NULL,NULL,2,NULL,'2024-01-21 17:00:00','2024-04-05 05:12:52',0,8,1.0000,1.0000,1.0000,NULL,1),(9,4,'','Gói bản quyền phần mềm POSG213295 :\n VS 8 -STD -SK -TLSS - 1 Y - C: VMware vSphere Standard - 1 -Year Prepaid Commit - Per Core','',1.0000,0,245000000.0000,245000000.0000,NULL,NULL,NULL,2,NULL,'2024-01-21 17:00:00','2024-04-05 05:12:52',0,9,1.0000,1.0000,1.0000,NULL,1),(10,5,'','Chuột Máy Tính Dell Wireless WM126','',1.0000,10,1200000.0000,1200000.0000,NULL,NULL,NULL,2,NULL,'2024-01-25 17:00:00','2024-04-05 05:12:52',0,10,1.0000,1.0000,1.0000,NULL,1),(11,6,'','Thẻ nhớ SanDisk Extreme\nmicroSDXC, SQXAV 256GB,\nV30, U3, C10, A2,UHS-I,\n190MB/ s R, 130MB/ s W, 4x6,\nLifetime Limited_SDSQXAV256G-GN6M','',1.0000,10,675000.0000,675000.0000,NULL,NULL,NULL,2,NULL,'2024-01-25 17:00:00','2024-04-05 05:12:52',0,11,1.0000,1.0000,1.0000,NULL,1),(12,7,'','Ổ cứng máy chủ HP 300Gb SAS 10K  6Gbps 2.5','',1.0000,10,4000000.0000,4000000.0000,NULL,NULL,NULL,2,NULL,'2024-01-28 17:00:00','2024-04-05 05:12:52',0,12,1.0000,1.0000,1.0000,NULL,1),(13,7,'','Bộ nhớ máy tính Samsung 8GB DDR3  1333 ECC RDIMM','',1.0000,10,2000000.0000,2000000.0000,NULL,NULL,NULL,2,NULL,'2024-01-28 17:00:00','2024-04-05 05:12:52',0,13,1.0000,1.0000,1.0000,NULL,1),(14,8,'','Bộ phát sóng không dây chuẩn 802.11abgn/ac WiNG 802.11abgn/ac Wallpate Wedge 867 Mbps Sing, Dual band radio 1x1; or single band radio 2x2, internal antenna MIMO 2x2 Access Point (AP-7602-68B30-1-WR) + 95604-H31360: PWP NBD AHR H31360','',10.0000,10,50000000.0000,5000000.0000,NULL,NULL,NULL,2,NULL,'2024-01-29 17:00:00','2024-04-05 05:12:52',0,14,10.0000,10.0000,10.0000,NULL,1),(15,8,'','BỘ NGUỒN U-POE-AF','',10.0000,10,4400000.0000,440000.0000,NULL,NULL,NULL,2,NULL,'2024-01-29 17:00:00','2024-04-05 05:12:52',0,15,1.0000,1.0000,1.0000,NULL,1),(16,9,'','NHÂN CÔNG RINGNET','',1.0000,8,2400000.0000,2400000.0000,NULL,NULL,NULL,2,NULL,'2024-01-29 17:00:00','2024-04-05 05:12:52',0,16,1.0000,1.0000,1.0000,NULL,1),(17,10,'','thiết bị Switch 2960-48 port','',5.0000,10,40000000.0000,8000000.0000,NULL,NULL,NULL,2,NULL,'2024-01-31 17:00:00','2024-04-05 05:12:52',0,17,5.0000,5.0000,5.0000,NULL,1),(18,11,'','Module quang SFP 1.25G, SM, 2 sợi quang,\n1310nm, 20km, WT-9110G/SM/20/LCD','',32.0000,10,3200000.0000,100000.0000,NULL,NULL,NULL,2,NULL,'2004-02-06 17:00:00','2024-04-05 05:12:52',0,18,1.0000,1.0000,1.0000,NULL,1),(19,11,'','Dây nhảy quang đơn mốt SC/APC-LC/UPC dài\n3M, phi 3.0mm, Simplex','',30.0000,10,11400000.0000,380000.0000,NULL,NULL,NULL,2,NULL,'2024-02-06 17:00:00','2024-04-05 05:12:52',0,19,30.0000,30.0000,30.0000,NULL,1),(20,12,'','MÁY QUÉT ẢNH HOẶC TÀI LIỆU HP SCANJET PRO 2000\n S2 SCANNER-6FW06A','',1.0000,10,7894545.0000,7894545.0000,NULL,NULL,NULL,2,NULL,'2024-02-20 17:00:00','2024-04-05 05:12:52',0,20,1.0000,1.0000,1.0000,NULL,1),(21,13,'','Module quang SFP 1.25G, SM, 1 sợi quang,\n40km, WT-9110G/BIDI/40B/LCD','',8.0000,10,4275000.0000,534375.0000,NULL,NULL,NULL,2,NULL,'2024-02-20 17:00:00','2024-04-05 05:12:52',0,21,8.0000,8.0000,8.0000,NULL,1),(22,13,'','Module quang SFP 1.25G, SM, 1 sợi quang,\n40km, WT-9110G/BIDI/40A/LCD','',8.0000,10,4275000.0000,534375.0000,NULL,NULL,NULL,2,NULL,'2024-02-20 17:00:00','2024-04-05 05:12:52',0,22,8.0000,8.0000,8.0000,NULL,1),(23,14,'','Camera quan sát DS-2CV2Q21FD-IW','',1.0000,10,1100000.0000,1100000.0000,NULL,NULL,NULL,2,NULL,'2024-02-20 17:00:00','2024-04-05 05:12:52',0,23,2.0000,2.0000,2.0000,NULL,1),(24,14,'','Pin dự phòng baseus','',1.0000,10,680000.0000,680000.0000,NULL,NULL,NULL,2,NULL,'2024-02-20 17:00:00','2024-04-05 05:12:52',0,24,1.0000,1.0000,1.0000,NULL,1),(25,15,'','NHÂN CÔNG RINGNET','',1.0000,8,1030000.0000,1030000.0000,NULL,NULL,NULL,2,NULL,'2024-02-28 17:00:00','2024-04-05 05:12:52',0,25,1.0000,1.0000,1.0000,NULL,1),(26,16,'','pin sac dư phòng và cáp','',1.0000,8,1090000.0000,1090000.0000,NULL,NULL,NULL,2,NULL,'2024-02-28 17:00:00','2024-04-05 05:12:52',0,26,1.0000,1.0000,1.0000,NULL,1),(27,17,'','Máy in bill Epson T82 III ( USB và LAN , P/n\nC31CH51542 )','',1.0000,10,4227273.0000,4227273.0000,NULL,NULL,NULL,2,NULL,'2024-02-28 17:00:00','2024-04-05 05:12:52',0,27,1.0000,1.0000,1.0000,NULL,1),(28,18,'','APPLE IPAD GEN 9TH 10.2 INCH WIFI 64GB- XÁM','',1.0000,10,15000000.0000,15000000.0000,NULL,NULL,NULL,2,NULL,'2024-03-04 17:00:00','2024-04-05 05:12:52',0,28,1.0000,1.0000,1.0000,NULL,1),(29,19,'','Thiết bị tường lửa chống Virus & thâm\nnhập Fortinet Fortigate 201F Bundle\n(Part # FG-201F-BDL-950-12)','',1.0000,10,305727273.0000,305727273.0000,NULL,NULL,NULL,2,NULL,'2024-03-05 17:00:00','2024-04-05 05:12:52',0,29,1.0000,1.0000,1.0000,NULL,1),(30,20,'','Dịch vụ hỗ trợ onsite, tư vấn và thay thế thiết bị','',1.0000,8,150000000.0000,150000000.0000,NULL,NULL,NULL,2,NULL,'2024-03-05 17:00:00','2024-04-05 05:12:52',0,30,1.0000,1.0000,1.0000,NULL,1),(31,21,'','Điện thoại không dây Panasonic KXTGF310 ','',1.0000,10,2360400.0000,2360400.0000,NULL,NULL,NULL,2,NULL,'2024-03-06 17:00:00','2024-04-05 05:12:52',0,31,1.0000,1.0000,1.0000,NULL,1),(32,21,'','Camera quan sát DA-8IP2B21-TI','',1.0000,10,18900000.0000,18900000.0000,NULL,NULL,NULL,2,NULL,'2024-03-06 17:00:00','2024-04-05 05:12:52',0,32,1.0000,1.0000,1.0000,NULL,1),(33,21,'','Dây cáp mạng R&M Cat6 R809797','',1.0000,10,5400000.0000,5400000.0000,NULL,NULL,NULL,2,NULL,'2024-03-06 17:00:00','2024-04-05 05:12:52',0,33,1.0000,1.0000,1.0000,NULL,1),(34,22,'','Thiết bịchuyểnmạch SAN SwitchCisco DS-C9132T-K9','',2.0000,10,310000000.0000,155000000.0000,NULL,NULL,NULL,2,NULL,'2024-03-06 17:00:00','2024-04-05 05:12:52',0,34,2.0000,2.0000,2.0000,NULL,1),(35,22,'','Mô-đunCisco DS-SFP-FC32G-SW','',10.0000,10,35100000.0000,3510000.0000,NULL,NULL,NULL,2,NULL,'2024-03-06 17:00:00','2024-04-05 05:12:52',0,35,10.0000,10.0000,10.0000,NULL,1),(36,23,'','PAN-SOFTWARE-NGFW-CR: Software NGFW Credits\nto deploy VM-Series, CN-Series, Subscription Services,\nand Virtual Panorama to manage Software Firewalls','',1.0000,0,128180000.0000,128180000.0000,NULL,NULL,NULL,2,NULL,'2024-03-06 17:00:00','2024-04-05 05:12:52',0,36,1.0000,1.0000,1.0000,NULL,1),(37,24,'','Dịch vụ','',1.0000,10,268750000.0000,268750000.0000,NULL,NULL,NULL,2,NULL,'2024-03-10 17:00:00','2024-04-05 05:12:52',0,37,1.0000,1.0000,1.0000,NULL,1),(38,25,'','Thiết bị Switch 2960-48 port POE','',1.0000,10,9200000.0000,9200000.0000,NULL,NULL,NULL,2,NULL,'2024-03-11 17:00:00','2024-04-05 05:12:52',0,38,1.0000,1.0000,1.0000,NULL,1),(39,25,'','Bộ tách POE 48V','',1.0000,10,3160000.0000,3160000.0000,NULL,NULL,NULL,2,NULL,'2024-03-11 17:00:00','2024-04-05 05:12:52',0,39,1.0000,1.0000,1.0000,NULL,1),(40,26,'','Ổ cứng máy tính HPE 1.8TB 10\nkRPM 2.5in SAS 12G HDD','',2.0000,10,33160000.0000,16580000.0000,NULL,NULL,NULL,2,NULL,'2024-03-14 17:00:00','2024-04-05 05:12:52',0,40,2.0000,2.0000,2.0000,NULL,1),(41,26,'','Hải Quan','',1.0000,8,0.0000,0.0000,NULL,NULL,NULL,2,NULL,'2024-03-14 17:00:00','2024-04-05 05:12:52',0,41,1.0000,1.0000,1.0000,NULL,1),(42,27,'','Chuột Máy Tính Dell Wireless WM126','',1.0000,10,900000.0000,900000.0000,NULL,NULL,NULL,2,NULL,'2024-03-14 17:00:00','2024-04-24 14:20:22',0,10,1.0000,1.0000,1.0000,NULL,1),(43,27,'','Thiết bị chuyển mạch Cisco SB CBS110 Unmanaged 8-\nport GE, Desktop, Ext PS_CBS110-8T-D-EU','',1.0000,10,2340000.0000,2340000.0000,NULL,NULL,NULL,2,NULL,'2024-03-14 17:00:00','2024-04-24 14:20:22',0,43,1.0000,1.0000,1.0000,NULL,1),(44,27,'','Điện thoại có dây Panasonic KXTS500','',1.0000,10,1675000.0000,1675000.0000,NULL,NULL,NULL,2,NULL,'2024-03-14 17:00:00','2024-04-24 14:20:22',0,44,1.0000,1.0000,1.0000,NULL,1),(45,27,'','Đầu kim Epson LQ-590','',1.0000,10,1950000.0000,1950000.0000,NULL,NULL,NULL,2,NULL,'2024-03-14 17:00:00','2024-04-24 14:20:22',0,45,1.0000,1.0000,1.0000,NULL,1),(46,27,'','Ổ cứng Western SSD 500GB/2.5\" 7mm Sata3 màu \nxanh _Blue(WDS500G3B0A','',1.0000,10,2380000.0000,2380000.0000,NULL,NULL,NULL,2,NULL,'2024-03-14 17:00:00','2024-04-24 14:20:22',0,46,1.0000,1.0000,1.0000,NULL,1),(47,28,'','Sản phẩm 1','',1.0000,8,7500000.0000,7500000.0000,NULL,NULL,NULL,8,NULL,'2024-01-11 17:00:00','2024-04-10 21:02:45',0,47,1.0000,1.0000,NULL,NULL,1),(48,29,'','Sản phẩm 2','',1.0000,10,340000.0000,340000.0000,NULL,NULL,NULL,8,NULL,'2024-01-11 17:00:00','2024-04-10 21:02:45',0,48,1.0000,1.0000,NULL,NULL,1),(49,30,'','Sản phẩm 3','',1.0000,0,116741000.0000,116741000.0000,NULL,NULL,NULL,8,NULL,'2024-01-21 17:00:00','2024-04-10 21:02:45',0,49,1.0000,1.0000,NULL,NULL,1),(50,31,'','Sản phẩm 4','',1.0000,0,228617000.0000,228617000.0000,NULL,NULL,NULL,8,NULL,'2024-01-21 17:00:00','2024-04-10 21:02:45',0,50,1.0000,1.0000,NULL,NULL,1),(51,31,'','Sản phẩm 5','',1.0000,0,82000500.0000,82000500.0000,NULL,NULL,NULL,8,NULL,'2024-01-21 17:00:00','2024-04-10 21:02:45',0,51,1.0000,1.0000,NULL,NULL,1),(52,31,'','Sản phẩm 6','',1.0000,0,73000000.0000,73000000.0000,NULL,NULL,NULL,8,NULL,'2024-01-21 17:00:00','2024-04-10 21:02:45',0,52,1.0000,1.0000,NULL,NULL,1),(53,31,'','Sản phẩm 7','',1.0000,0,263437500.0000,263437500.0000,NULL,NULL,NULL,8,NULL,'2024-01-21 17:00:00','2024-04-10 21:02:45',0,53,1.0000,1.0000,NULL,NULL,1),(54,31,'','Sản phẩm 8','',1.0000,0,78550000.0000,78550000.0000,NULL,NULL,NULL,8,NULL,'2024-01-21 17:00:00','2024-04-10 21:02:45',0,54,1.0000,1.0000,NULL,NULL,1),(55,31,'','Sản phẩm 9','',1.0000,0,245000000.0000,245000000.0000,NULL,NULL,NULL,8,NULL,'2024-01-21 17:00:00','2024-04-10 21:02:45',0,55,1.0000,1.0000,NULL,NULL,1),(56,32,'','Sản phẩm 10','',1.0000,10,1200000.0000,1200000.0000,NULL,NULL,NULL,8,NULL,'2024-01-25 17:00:00','2024-04-10 21:02:45',0,56,1.0000,1.0000,NULL,NULL,1),(57,33,'','Sản phẩm 11','',1.0000,10,675000.0000,675000.0000,NULL,NULL,NULL,8,NULL,'2024-01-25 17:00:00','2024-04-10 21:02:45',0,57,1.0000,1.0000,NULL,NULL,1),(58,34,'','Sản phẩm 12','',1.0000,10,4000000.0000,4000000.0000,NULL,NULL,NULL,8,NULL,'2024-01-28 17:00:00','2024-04-10 21:02:45',0,58,1.0000,1.0000,NULL,NULL,1),(59,34,'','Sản phẩm 13','',1.0000,10,2000000.0000,2000000.0000,NULL,NULL,NULL,8,NULL,'2024-01-28 17:00:00','2024-04-10 21:02:45',0,59,1.0000,1.0000,NULL,NULL,1),(60,35,'','Sản phẩm 14','',10.0000,10,50000000.0000,5000000.0000,NULL,NULL,NULL,8,NULL,'2024-01-29 17:00:00','2024-04-10 21:02:45',0,60,10.0000,10.0000,NULL,NULL,1),(61,35,'','Sản phẩm 15','',1.0000,10,4400000.0000,4400000.0000,NULL,NULL,NULL,8,NULL,'2024-01-29 17:00:00','2024-04-10 21:02:45',0,61,1.0000,1.0000,NULL,NULL,1),(62,36,'','Sản phẩm 16','',1.0000,8,2400000.0000,2400000.0000,NULL,NULL,NULL,8,NULL,'2024-01-29 17:00:00','2024-04-10 21:02:45',0,62,1.0000,1.0000,NULL,NULL,1),(63,37,'','Sản phẩm 17','',5.0000,10,40000000.0000,8000000.0000,NULL,NULL,NULL,8,NULL,'2024-01-31 17:00:00','2024-04-10 21:02:45',0,63,5.0000,5.0000,NULL,NULL,1),(64,38,'','Sản phẩm 18','',1.0000,10,11400000.0000,11400000.0000,NULL,NULL,NULL,8,NULL,'2004-02-06 17:00:00','2024-04-10 21:02:45',0,64,1.0000,1.0000,NULL,NULL,1),(65,38,'','Sản phẩm 19','',30.0000,10,3200000.0000,106666.6667,NULL,NULL,NULL,8,NULL,'2024-02-06 17:00:00','2024-04-10 21:02:45',0,65,30.0000,30.0000,NULL,NULL,1),(66,39,'','Sản phẩm 20','',1.0000,10,7894545.0000,7894545.0000,NULL,NULL,NULL,8,NULL,'2024-02-20 17:00:00','2024-04-10 21:02:45',0,66,1.0000,1.0000,NULL,NULL,1),(67,40,'','Sản phẩm 21','',8.0000,10,4275000.0000,534375.0000,NULL,NULL,NULL,8,NULL,'2024-02-20 17:00:00','2024-04-10 21:02:45',0,67,8.0000,8.0000,NULL,NULL,1),(68,40,'','Sản phẩm 22','',8.0000,10,4275000.0000,534375.0000,NULL,NULL,NULL,8,NULL,'2024-02-20 17:00:00','2024-04-10 21:02:45',0,68,8.0000,8.0000,NULL,NULL,1),(69,41,'','Sản phẩm 23','',2.0000,10,1100000.0000,550000.0000,NULL,NULL,NULL,8,NULL,'2024-02-20 17:00:00','2024-04-10 21:02:45',0,69,2.0000,2.0000,NULL,NULL,1),(70,41,'','Sản phẩm 24','',1.0000,10,680000.0000,680000.0000,NULL,NULL,NULL,8,NULL,'2024-02-20 17:00:00','2024-04-10 21:02:45',0,70,1.0000,1.0000,NULL,NULL,1),(71,42,'','Sản phẩm 25','',1.0000,8,1030000.0000,1030000.0000,NULL,NULL,NULL,8,NULL,'2024-02-28 17:00:00','2024-04-10 21:02:45',0,71,1.0000,1.0000,NULL,NULL,1),(72,43,'','Sản phẩm 26','',1.0000,8,1090000.0000,1090000.0000,NULL,NULL,NULL,8,NULL,'2024-02-28 17:00:00','2024-04-10 21:02:45',0,72,1.0000,1.0000,NULL,NULL,1),(73,44,'','Sản phẩm 27','',1.0000,10,4227273.0000,4227273.0000,NULL,NULL,NULL,8,NULL,'2024-02-28 17:00:00','2024-04-10 21:02:45',0,73,1.0000,1.0000,NULL,NULL,1),(74,45,'','Sản phẩm 28','',1.0000,10,15000000.0000,15000000.0000,NULL,NULL,NULL,8,NULL,'2024-03-04 17:00:00','2024-04-10 21:02:45',0,74,1.0000,1.0000,NULL,NULL,1),(75,46,'','Sản phẩm 29','',1.0000,10,305727273.0000,305727273.0000,NULL,NULL,NULL,8,NULL,'2024-03-05 17:00:00','2024-04-10 21:02:45',0,75,1.0000,1.0000,NULL,NULL,1),(76,47,'','Sản phẩm 30','',1.0000,8,150000000.0000,150000000.0000,NULL,NULL,NULL,8,NULL,'2024-03-05 17:00:00','2024-04-10 21:02:45',0,76,1.0000,1.0000,NULL,NULL,1),(77,48,'','Sản phẩm 31','',1.0000,10,2360400.0000,2360400.0000,NULL,NULL,NULL,8,NULL,'2024-03-06 17:00:00','2024-04-10 21:02:45',0,77,1.0000,1.0000,NULL,NULL,1),(78,48,'','Sản phẩm 32','',1.0000,10,18900000.0000,18900000.0000,NULL,NULL,NULL,8,NULL,'2024-03-06 17:00:00','2024-04-10 21:02:45',0,78,1.0000,1.0000,NULL,NULL,1),(79,48,'','Sản phẩm 33','',1.0000,10,5400000.0000,5400000.0000,NULL,NULL,NULL,8,NULL,'2024-03-06 17:00:00','2024-04-10 21:02:45',0,79,1.0000,1.0000,NULL,NULL,1),(80,49,'','Sản phẩm 34','',2.0000,10,310000000.0000,155000000.0000,NULL,NULL,NULL,8,NULL,'2024-03-06 17:00:00','2024-04-10 21:02:45',0,80,2.0000,2.0000,NULL,NULL,1),(81,49,'','Sản phẩm 35','',10.0000,10,35100000.0000,3510000.0000,NULL,NULL,NULL,8,NULL,'2024-03-06 17:00:00','2024-04-10 21:02:45',0,81,10.0000,10.0000,NULL,NULL,1),(82,50,'','Sản phẩm 36','',1.0000,0,128180000.0000,128180000.0000,NULL,NULL,NULL,8,NULL,'2024-03-06 17:00:00','2024-04-10 21:02:45',0,82,1.0000,1.0000,NULL,NULL,1),(83,51,'','Sản phẩm 37','',1.0000,10,268750000.0000,268750000.0000,NULL,NULL,NULL,8,NULL,'2024-03-10 17:00:00','2024-04-10 21:02:45',0,83,1.0000,1.0000,NULL,NULL,1),(84,52,'','Sản phẩm 38','',1.0000,10,9200000.0000,9200000.0000,NULL,NULL,NULL,8,NULL,'2024-03-11 17:00:00','2024-04-10 21:02:45',0,84,1.0000,1.0000,NULL,NULL,1),(85,52,'','Sản phẩm 39','',1.0000,10,3160000.0000,3160000.0000,NULL,NULL,NULL,8,NULL,'2024-03-11 17:00:00','2024-04-10 21:02:45',0,85,1.0000,1.0000,NULL,NULL,1),(86,53,'','Sản phẩm 40','',2.0000,0,33160000.0000,16580000.0000,NULL,NULL,NULL,8,NULL,'2024-03-14 17:00:00','2024-04-10 21:02:45',0,86,2.0000,2.0000,NULL,NULL,1),(87,53,'','Sản phẩm 41','',1.0000,99,0.0000,0.0000,NULL,NULL,NULL,8,NULL,'2024-03-14 17:00:00','2024-04-10 21:02:45',0,87,1.0000,1.0000,NULL,NULL,1),(88,54,'','Sản phẩm 42','',1.0000,10,900000.0000,900000.0000,NULL,NULL,NULL,8,NULL,'2024-03-14 17:00:00','2024-04-10 21:02:45',0,88,1.0000,1.0000,NULL,NULL,1),(89,54,'','Sản phẩm 43','',1.0000,10,2340000.0000,2340000.0000,NULL,NULL,NULL,8,NULL,'2024-03-14 17:00:00','2024-04-10 21:02:45',0,89,1.0000,1.0000,NULL,NULL,1),(90,54,'','Sản phẩm 44','',1.0000,10,1675000.0000,1675000.0000,NULL,NULL,NULL,8,NULL,'2024-03-14 17:00:00','2024-04-10 21:02:45',0,90,1.0000,1.0000,NULL,NULL,1),(91,54,'','Sản phẩm 45','',1.0000,10,1950000.0000,1950000.0000,NULL,NULL,NULL,8,NULL,'2024-03-14 17:00:00','2024-04-10 21:02:45',0,91,1.0000,1.0000,NULL,NULL,1),(92,54,'','Sản phẩm 46','',1.0000,10,2380000.0000,2380000.0000,NULL,NULL,NULL,8,NULL,'2024-03-14 17:00:00','2024-04-10 21:02:45',0,92,1.0000,1.0000,NULL,NULL,1),(94,55,NULL,'Sản phẩm 46','Cái',2.0000,10,4000000.0000,2000000.0000,0,NULL,NULL,8,NULL,'2024-04-11 02:37:11','2024-04-11 02:41:26',56,92,2.0000,2.0000,2.0000,NULL,1),(95,55,NULL,'Sản phẩm 45','Cái',2.0000,10,4000000.0000,2000000.0000,0,NULL,NULL,8,NULL,'2024-04-11 02:37:11','2024-04-11 02:41:26',56,91,2.0000,2.0000,2.0000,NULL,1),(97,57,NULL,'Sản phẩm 46','Cái',1.0000,10,1000000.0000,1000000.0000,0,NULL,NULL,8,5,'2024-04-24 11:05:13','2024-04-24 11:51:03',57,92,1.0000,1.0000,1.0000,NULL,1),(98,57,NULL,'Sản phẩm 45','Cái',1.0000,10,1000000.0000,1000000.0000,0,NULL,NULL,8,5,'2024-04-24 11:05:13','2024-04-24 11:51:03',57,91,1.0000,1.0000,1.0000,NULL,1),(99,57,NULL,'Sản phẩm 44','Cái',1.0000,10,1000000.0000,1000000.0000,0,NULL,NULL,8,5,'2024-04-24 11:05:13','2024-04-24 11:51:03',57,90,1.0000,1.0000,1.0000,NULL,1),(100,57,NULL,'Sản phẩm 43','Cái',1.0000,10,1000000.0000,1000000.0000,0,NULL,NULL,8,5,'2024-04-24 11:05:13','2024-04-24 11:51:03',57,89,1.0000,1.0000,1.0000,NULL,1),(101,57,NULL,'Sản phẩm 42','Cái',1.0000,10,1000000.0000,1000000.0000,0,NULL,NULL,8,5,'2024-04-24 11:05:13','2024-04-24 11:51:03',57,88,1.0000,1.0000,1.0000,NULL,1),(102,57,NULL,'Sản phẩm 41','Cái',1.0000,8,1000000.0000,1000000.0000,0,NULL,NULL,8,5,'2024-04-24 11:05:13','2024-04-24 11:51:03',57,87,1.0000,1.0000,1.0000,NULL,1),(104,59,'TB001','Thiết bị 1','Cái',2.0000,10,4000000.0000,2000000.0000,0,NULL,NULL,16,16,'2024-05-02 03:01:26','2024-05-02 03:01:26',NULL,98,NULL,NULL,NULL,NULL,1),(106,61,NULL,'Thiết bị 3','Cái',1.0000,10,2000000.0000,2000000.0000,0,NULL,NULL,8,5,'2024-05-05 14:48:46','2024-05-06 03:36:51',58,96,0.0000,NULL,1.0000,NULL,1),(107,62,'123','123','123',2.0000,0,246.0000,123.0000,0,NULL,NULL,19,19,'2024-05-06 07:11:05','2024-05-06 07:11:05',NULL,99,NULL,NULL,NULL,NULL,1),(108,63,NULL,'Sản phẩm 1','Cái',1.0000,10,3000000.0000,3000000.0000,0,NULL,NULL,5,5,'2024-05-14 02:35:01','2024-05-14 02:40:27',59,100,1.0000,1.0000,1.0000,NULL,1),(109,63,NULL,'Sản phẩm 2','Cái',2.0000,10,4000000.0000,2000000.0000,0,NULL,NULL,5,5,'2024-05-14 02:35:01','2024-05-14 02:40:27',59,101,2.0000,2.0000,2.0000,NULL,1),(110,63,NULL,'Dịch vụ triển khai','Gói',1.0000,8,15000000.0000,15000000.0000,0,NULL,NULL,5,5,'2024-05-14 02:35:01','2024-05-14 02:40:27',59,102,1.0000,1.0000,1.0000,NULL,1),(111,64,NULL,'Sản phẩm 1','Cái',1.0000,10,5000000.0000,5000000.0000,0,NULL,NULL,5,5,'2024-05-14 02:48:08','2024-05-14 02:58:58',62,100,1.0000,NULL,NULL,NULL,1),(112,65,NULL,'Sản phẩm 1','Cái',1.0000,10,5000000.0000,5000000.0000,0,NULL,NULL,5,5,'2024-05-14 03:00:48','2024-05-14 03:00:57',63,100,1.0000,NULL,NULL,NULL,1),(114,67,NULL,'Sản phẩm 2','Cái',1.0000,10,1000000.0000,1000000.0000,0,NULL,NULL,5,5,'2024-05-14 03:09:05','2024-05-14 03:09:05',NULL,101,NULL,NULL,NULL,NULL,1),(116,69,NULL,'Sản phẩm 1','Cái',5.0000,10,17500000.0000,3500000.0000,0,NULL,NULL,5,5,'2024-05-14 03:11:28','2024-05-14 03:11:28',NULL,100,NULL,NULL,NULL,NULL,1),(117,69,NULL,'Sản phẩm 2','Cái',4.0000,10,20000000.0000,5000000.0000,0,NULL,NULL,5,5,'2024-05-14 03:11:28','2024-05-14 03:11:28',NULL,101,NULL,NULL,NULL,NULL,1),(118,69,NULL,'Dịch vụ triển khai','Gói',1.0000,8,20000000.0000,20000000.0000,0,NULL,NULL,5,5,'2024-05-14 03:11:28','2024-05-14 03:11:28',NULL,102,NULL,NULL,NULL,NULL,1),(119,70,NULL,'Sản phẩm 1','Cái',5.0000,10,5000000.0000,1000000.0000,0,NULL,NULL,9,9,'2024-05-17 14:51:29','2024-05-17 14:55:21',64,107,5.0000,NULL,NULL,NULL,1),(120,70,NULL,'Sản phẩm 2','Cái',5.0000,8,10000000.0000,2000000.0000,0,NULL,NULL,9,9,'2024-05-17 14:51:29','2024-05-17 14:55:21',64,108,5.0000,NULL,NULL,NULL,1),(121,71,NULL,'Sản phẩm 1','Cái',1.0000,10,33333333.0000,33333333.0000,0,NULL,NULL,9,9,'2024-05-17 22:48:26','2024-05-17 22:48:32',65,107,1.0000,NULL,NULL,NULL,1),(122,71,NULL,'Sản phẩm 2','Cái',2.0000,8,88888888.0000,44444444.0000,0,NULL,NULL,9,9,'2024-05-17 22:48:26','2024-05-17 22:48:32',65,108,2.0000,NULL,NULL,NULL,1),(123,72,'HH01','Hàng hóa 01','Bao',5.0000,10,11000000.0000,2200000.0000,0,NULL,NULL,20,20,'2024-05-18 11:35:41','2024-05-18 13:39:33',75,109,5.0000,5.0000,5.0000,NULL,1),(124,73,'HH02','Hàng hóa 02','Cái',2.0000,10,3600000.0000,1800000.0000,0,NULL,NULL,20,20,'2024-05-18 11:36:07','2024-05-18 11:49:46',74,110,2.0000,NULL,NULL,NULL,1),(125,74,'HH03','Hàng hóa 03','Thùng',3.0000,10,9900000.0000,3300000.0000,0,NULL,NULL,20,20,'2024-05-18 11:36:26','2024-05-18 12:02:39',73,111,3.0000,NULL,3.0000,NULL,1),(126,75,'HH04','Hàng hóa 04','Túi',5.0000,10,10000000.0000,2000000.0000,0,NULL,NULL,20,20,'2024-05-18 11:36:47','2024-05-18 12:01:52',67,112,5.0000,0.0000,NULL,NULL,1),(127,76,'HH05','Hàng hóa 05','Cái',10.0000,10,8000000.0000,800000.0000,0,NULL,NULL,20,20,'2024-05-18 11:37:36','2024-05-18 12:02:07',66,113,10.0000,10.0000,10.0000,NULL,1),(128,77,'HH01','Hàng hóa 01','Bao',2.0000,10,7400000.0000,3700000.0000,0,NULL,NULL,20,20,'2024-05-18 13:31:00','2024-05-18 14:31:42',78,109,2.0000,NULL,2.0000,NULL,1),(129,78,NULL,'san pham 1','cai',2.0000,8,500000.0000,250000.0000,0,NULL,NULL,4,4,'2024-05-18 13:38:38','2024-05-20 09:03:48',NULL,114,NULL,2.0000,2.0000,NULL,1),(130,79,'HH05','Hàng hóa 05','Cái',1.0000,10,2500000.0000,2500000.0000,0,NULL,NULL,20,20,'2024-05-18 13:40:57','2024-05-18 14:21:52',77,113,1.0000,NULL,1.0000,NULL,1),(131,80,'BXM001','Bao xi măng','Bao',10.0000,10,15000000.0000,1500000.0000,0,NULL,NULL,20,20,'2024-05-18 13:41:30','2024-05-18 14:21:07',76,115,10.0000,10.0000,NULL,NULL,1),(132,81,'HH05','Hàng hóa 05','Cái',1.0000,10,5000000.0000,5000000.0000,0,NULL,NULL,20,20,'2024-05-18 13:42:38','2024-05-18 14:21:04',81,113,1.0000,NULL,1.0000,NULL,1),(133,82,'HH01','Hàng hóa 01','Bao',1.0000,10,1500000.0000,1500000.0000,0,NULL,NULL,20,20,'2024-05-18 13:42:51','2024-05-18 14:22:33',82,109,1.0000,NULL,1.0000,NULL,1),(134,83,'HH01','Hàng hóa 01','Bao',2.0000,10,7200000.0000,3600000.0000,0,NULL,NULL,20,20,'2024-05-18 14:19:20','2024-05-18 14:20:35',NULL,109,NULL,NULL,2.0000,NULL,1),(135,84,'BXM001','Bao xi măng','Bao',2.0000,10,4600000.0000,2300000.0000,0,NULL,NULL,20,20,'2024-05-18 14:19:34','2024-05-18 14:20:25',80,115,2.0000,NULL,NULL,NULL,1),(136,85,'HH05','Hàng hóa 05','Cái',1.0000,10,2900000.0000,2900000.0000,0,NULL,NULL,20,20,'2024-05-18 14:19:52','2024-05-18 14:20:49',NULL,113,NULL,1.0000,1.0000,NULL,1),(137,86,'BXM001','Bao xi măng','Bao',5.0000,10,17000000.0000,3400000.0000,0,NULL,NULL,20,20,'2024-05-18 14:20:14','2024-05-18 14:20:20',79,115,5.0000,NULL,NULL,NULL,1),(138,87,NULL,'SP001','Cái',3.0000,10,300000.0000,100000.0000,0,NULL,NULL,11,11,'2024-05-20 03:49:35','2024-05-20 04:10:24',83,116,3.0000,3.0000,3.0000,NULL,1),(139,88,NULL,'SP001','Cái',1.0000,10,10000.0000,10000.0000,0,NULL,NULL,11,11,'2024-05-20 03:59:05','2024-05-21 02:19:49',102,116,1.0000,NULL,NULL,NULL,1),(144,93,NULL,'SP002','Cái',2.0000,8,200000.0000,100000.0000,0,NULL,NULL,11,11,'2024-05-20 05:49:03','2024-05-20 05:49:06',88,117,2.0000,NULL,NULL,NULL,1),(150,97,NULL,'SP002','Cái',2.0000,8,200000.0000,100000.0000,0,NULL,NULL,11,11,'2024-05-20 10:03:00','2024-05-21 02:19:41',101,117,2.0000,NULL,2.0000,NULL,1),(151,98,NULL,'SP002','Cái',1.0000,8,250000.0000,250000.0000,0,NULL,NULL,11,11,'2024-05-20 10:03:18','2024-05-20 10:10:29',95,117,1.0000,NULL,1.0000,NULL,1),(152,99,NULL,'SP002','Cái',3.0000,8,750000.0000,250000.0000,0,NULL,NULL,11,11,'2024-05-20 10:03:31','2024-05-21 02:19:23',100,117,3.0000,NULL,3.0000,NULL,1),(153,100,NULL,'SP002','Cái',1.0000,8,500000.0000,500000.0000,0,NULL,NULL,11,11,'2024-05-20 10:40:40','2024-05-21 02:19:17',99,117,1.0000,NULL,NULL,NULL,1),(154,100,NULL,'DV001','Gói`',1.0000,0,20000.0000,20000.0000,0,NULL,NULL,11,11,'2024-05-20 10:40:40','2024-05-21 02:19:17',99,122,NULL,NULL,NULL,NULL,2),(155,100,NULL,'DV002','Gói',1.0000,8,20000.0000,20000.0000,0,NULL,NULL,11,11,'2024-05-20 10:41:36','2024-05-21 02:19:17',99,123,1.0000,NULL,NULL,NULL,1);
/*!40000 ALTER TABLE `quoteexport` ENABLE KEYS */;
UNLOCK TABLES;

--
-- Table structure for table `quoteimport`
--

DROP TABLE IF EXISTS `quoteimport`;
/*!40101 SET @saved_cs_client     = @@character_set_client */;
/*!40101 SET character_set_client = utf8 */;
CREATE TABLE `quoteimport` (
  `id` bigint(20) unsigned NOT NULL AUTO_INCREMENT,
  `detailimport_id` bigint(20) unsigned NOT NULL,
  `product_code` varchar(255) DEFAULT NULL,
  `product_name` varchar(255) NOT NULL,
  `product_unit` varchar(255) NOT NULL,
  `product_qty` decimal(20,4) NOT NULL,
  `product_tax` int(11) NOT NULL,
  `product_total` decimal(20,4) NOT NULL,
  `price_export` decimal(20,4) NOT NULL,
  `product_note` varchar(255) DEFAULT NULL,
  `product_id` int(11) DEFAULT NULL,
  `receive_qty` decimal(20,4) DEFAULT NULL,
  `reciept_qty` decimal(20,4) DEFAULT NULL,
  `payment_qty` decimal(20,4) DEFAULT NULL,
  `version` int(11) NOT NULL,
  `workspace_id` int(11) DEFAULT NULL,
  `user_id` int(11) DEFAULT NULL,
  `created_at` timestamp NULL DEFAULT NULL,
  `updated_at` timestamp NULL DEFAULT NULL,
  `receive_id` int(11) DEFAULT NULL,
  `warehouse_id` int(11) NOT NULL,
  PRIMARY KEY (`id`),
  KEY `quoteimport_detailimport_id_foreign` (`detailimport_id`),
  CONSTRAINT `quoteimport_detailimport_id_foreign` FOREIGN KEY (`detailimport_id`) REFERENCES `detailimport` (`id`)
) ENGINE=InnoDB AUTO_INCREMENT=134 DEFAULT CHARSET=utf8mb4 COLLATE=utf8mb4_unicode_ci;
/*!40101 SET character_set_client = @saved_cs_client */;

--
-- Dumping data for table `quoteimport`
--

LOCK TABLES `quoteimport` WRITE;
/*!40000 ALTER TABLE `quoteimport` DISABLE KEYS */;
INSERT INTO `quoteimport` VALUES (1,1,'','Cài đặt Microsoft Office 2019 Pro','',1.0000,8,2500000.0000,2500000.0000,NULL,1,1.0000,1.0000,1.0000,0,2,NULL,'2024-01-07 17:00:00','2024-04-09 03:20:43',NULL,1),(2,2,'','CHUỘT LOGITECH M331 ĐEN ','',1.0000,10,261818.0000,261818.0000,NULL,2,1.0000,1.0000,1.0000,0,2,NULL,'2024-01-02 17:00:00','2024-04-09 03:20:43',NULL,1),(3,3,'','Bản quyền phần mềm ADVANCED GATEWAY SECURITY SUITE BUNDLE FOR NSA 3650 1YR (01-SSC-3451)','',1.0000,0,81479650.0000,81479650.0000,NULL,3,1.0000,1.0000,1.0000,0,2,NULL,'2024-01-16 17:00:00','2024-04-09 03:20:43',NULL,1),(4,4,'','Giấy phép cập nhật phần mềm cho thiết bị Fortigate 501E Bundle ,thời hạn 1 năm','',1.0000,0,124874100.0000,124874100.0000,NULL,4,1.0000,1.0000,1.0000,0,2,NULL,'2024-01-14 17:00:00','2024-04-09 03:20:43',NULL,1),(5,4,'','Giấy phép cập nhật phần mềm cho thiết bị Fortimail 200 E, thời hạn đến 09 /05 /2024','',1.0000,0,27634860.0000,27634860.0000,NULL,5,1.0000,1.0000,1.0000,0,2,NULL,'2024-01-14 17:00:00','2024-04-09 03:20:43',NULL,1),(6,4,'','Bản quyền phần mềm FortiClient cho 25 người dùng, thời hạn 1 năm','',1.0000,0,154676400.0000,154676400.0000,NULL,6,1.0000,1.0000,1.0000,0,2,NULL,'2024-01-14 17:00:00','2024-04-09 03:20:43',NULL,1),(7,4,'','Giấy phép cập nhật phần mềm cho thiết bị Fortiweb 400D Bundle ,thời hạn 1 năm','',1.0000,0,13792800.0000,13792800.0000,NULL,7,1.0000,1.0000,1.0000,0,2,NULL,'2024-01-14 17:00:00','2024-04-09 03:20:43',NULL,1),(8,5,'','Bản quyền phần mềm ADVANCED GATEWAY \nSECURITY SUITE BUNDLE FOR NSA 3650 1YR','',1.0000,0,64500000.0000,64500000.0000,NULL,8,1.0000,1.0000,1.0000,0,2,NULL,'2024-01-15 17:00:00','2024-04-09 03:20:43',NULL,1),(9,6,'','Gói bản quyền phần mềm POSG213295 :\n VS 8 -STD -SK -TLSS - 1 Y - C: VMware vSphere Standard - 1 -Year Prepaid Commit - Per Core','',1.0000,0,151312000.0000,151312000.0000,NULL,9,1.0000,1.0000,1.0000,0,2,NULL,'2024-01-16 17:00:00','2024-04-09 03:20:43',NULL,1),(10,7,'','Chuột Máy Tính Dell Wireless WM126','',1.0000,10,909090.8000,909090.8000,NULL,10,1.0000,1.0000,1.0000,0,2,NULL,'2024-01-09 17:00:00','2024-04-09 03:20:43',NULL,1),(11,8,'','Thẻ nhớ SanDisk Extreme\nmicroSDXC, SQXAV 256GB,\nV30, U3, C10, A2,UHS-I,\n190MB/ s R, 130MB/ s W, 4x6,\nLifetime Limited_SDSQXAV256G-GN6M','',1.0000,10,500000.0000,500000.0000,NULL,11,1.0000,1.0000,1.0000,0,2,NULL,'2024-01-16 17:00:00','2024-04-09 03:20:43',NULL,1),(12,9,'','Ổ cứng máy chủ HP 300Gb SAS 10K  6Gbps 2.5','',1.0000,10,2200000.0000,2200000.0000,NULL,12,1.0000,1.0000,1.0000,0,2,NULL,'2024-01-24 17:00:00','2024-04-09 03:20:43',NULL,1),(13,9,'','Bộ nhớ máy tính Samsung 8GB DDR3  1333 ECC RDIMM','',1.0000,10,1000000.0000,1000000.0000,NULL,13,1.0000,1.0000,1.0000,0,2,NULL,'2024-01-24 17:00:00','2024-04-09 03:20:43',NULL,1),(14,10,'','Bộ phát sóng không dây chuẩn 802.11abgn/ac WiNG 802.11abgn/ac Wallpate Wedge 867 Mbps Sing, Dual band radio 1x1; or single band radio 2x2, internal antenna MIMO 2x2 Access Point (AP-7602-68B30-1-WR) + 95604-H31360: PWP NBD AHR H31360','',10.0000,10,34000000.0000,3400000.0000,NULL,14,10.0000,10.0000,10.0000,0,2,NULL,'2023-12-24 17:00:00','2024-04-09 03:20:43',NULL,1),(15,11,'','BỘ NGUỒN U-POE-AF','',1.0000,10,3363640.0000,3363640.0000,NULL,15,1.0000,1.0000,1.0000,0,2,NULL,'2023-12-25 17:00:00','2024-04-09 03:20:43',NULL,1),(16,12,'','NHÂN CÔNG RINGNET','',1.0000,0,0.0000,0.0000,NULL,16,1.0000,1.0000,1.0000,0,2,NULL,'2024-04-03 17:00:00','2024-04-09 03:20:43',NULL,1),(17,13,'','thiết bị Switch 2960-48 port','',5.0000,10,15000000.0000,3000000.0000,NULL,17,5.0000,5.0000,5.0000,0,2,NULL,'2024-01-11 17:00:00','2024-04-09 03:20:43',NULL,1),(18,14,'','Module quang SFP 1.25G, SM, 2 sợi quang,\n1310nm, 20km, WT-9110G/SM/20/LCD','',1.0000,10,5700000.0000,5700000.0000,NULL,18,1.0000,1.0000,1.0000,0,2,NULL,'2024-01-11 17:00:00','2024-04-09 03:20:43',NULL,1),(19,15,'','Dây nhảy quang đơn mốt SC/APC-LC/UPC dài\n3M, phi 3.0mm, Simplex','',30.0000,10,800000.0000,26666.6667,NULL,19,30.0000,30.0000,30.0000,0,2,NULL,'2024-01-28 17:00:00','2024-04-09 03:20:43',NULL,1),(20,16,'','MÁY QUÉT ẢNH HOẶC TÀI LIỆU HP SCANJET PRO 2000\n S2 SCANNER-6FW06A','',1.0000,10,6072727.0000,6072727.0000,NULL,20,1.0000,1.0000,1.0000,0,2,NULL,'2024-02-18 17:00:00','2024-04-09 03:20:43',NULL,1),(21,17,'','Module quang SFP 1.25G, SM, 1 sợi quang,\n40km, WT-9110G/BIDI/40B/LCD','',8.0000,10,1880000.0000,235000.0000,NULL,21,8.0000,8.0000,8.0000,0,2,NULL,'2024-01-28 17:00:00','2024-04-09 03:20:43',NULL,1),(22,17,'','Module quang SFP 1.25G, SM, 1 sợi quang,\n40km, WT-9110G/BIDI/40A/LCD','',8.0000,10,1880000.0000,235000.0000,NULL,22,8.0000,8.0000,8.0000,0,2,NULL,'2024-01-28 17:00:00','2024-04-09 03:20:43',NULL,1),(23,18,'','Camera quan sát DS-2CV2Q21FD-IW','',2.0000,10,2550000.0000,1275000.0000,NULL,23,2.0000,2.0000,2.0000,0,2,NULL,'2024-01-23 17:00:00','2024-04-09 03:20:43',NULL,1),(24,19,'','Pin dự phòng baseus','',1.0000,10,253636.0000,253636.0000,NULL,24,1.0000,1.0000,1.0000,0,2,NULL,'2024-02-01 17:00:00','2024-04-09 03:20:43',NULL,1),(25,20,'','NHÂN CÔNG RINGNET','',1.0000,0,0.0000,0.0000,NULL,25,1.0000,1.0000,1.0000,0,2,NULL,'2024-04-03 17:00:00','2024-04-09 03:20:43',NULL,1),(26,21,'','pin sac dư phòng và cáp','',1.0000,8,482333.0000,482333.0000,NULL,26,1.0000,1.0000,1.0000,0,2,NULL,'2024-02-01 17:00:00','2024-04-09 03:20:43',NULL,1),(27,22,'','Máy in bill Epson T82 III ( USB và LAN , P/n\nC31CH51542 )','',1.0000,10,3381818.0000,3381818.0000,NULL,27,1.0000,1.0000,1.0000,0,2,NULL,'2024-02-20 17:00:00','2024-04-09 03:20:43',NULL,1),(28,23,'','APPLE IPAD GEN 9TH 10.2 INCH WIFI 64GB- XÁM','',1.0000,10,12527272.0000,12527272.0000,NULL,28,1.0000,1.0000,1.0000,0,2,NULL,'2024-02-27 17:00:00','2024-04-09 03:20:43',NULL,1),(29,24,'','Thiết bị tường lửa chống Virus & thâm\nnhập Fortinet Fortigate 201F Bundle\n(Part # FG-201F-BDL-950-12)','',1.0000,10,217800000.0000,217800000.0000,NULL,29,1.0000,1.0000,1.0000,0,2,NULL,'2024-01-29 17:00:00','2024-04-09 03:20:43',NULL,1),(30,25,'','Dịch vụ hỗ trợ onsite, tư vấn và thay thế thiết bị','',1.0000,8,115000000.0000,115000000.0000,NULL,30,1.0000,1.0000,1.0000,0,2,NULL,'2024-04-03 17:00:00','2024-04-09 03:20:43',NULL,1),(31,26,'','Điện thoại không dây Panasonic KXTGF310 ','',1.0000,10,1967000.0000,1967000.0000,NULL,31,1.0000,1.0000,1.0000,0,2,NULL,'2024-02-25 17:00:00','2024-04-09 03:20:43',NULL,1),(32,27,'','Camera quan sát DA-8IP2B21-TI','',1.0000,10,14400000.0000,14400000.0000,NULL,32,1.0000,1.0000,1.0000,0,2,NULL,'2024-03-01 17:00:00','2024-04-09 03:20:43',NULL,1),(33,28,'','Dây cáp mạng R&M Cat6 R809797','',1.0000,10,4600100.0000,4600100.0000,NULL,33,1.0000,1.0000,1.0000,0,2,NULL,'2024-02-25 17:00:00','2024-04-09 03:20:43',NULL,1),(34,29,'','Thiết bịchuyểnmạch SAN SwitchCisco DS-C9132T-K9','',2.0000,10,144500000.0000,72250000.0000,NULL,34,2.0000,2.0000,2.0000,0,2,NULL,'2024-03-04 17:00:00','2024-04-09 03:20:43',NULL,1),(35,29,'','Mô-đunCisco DS-SFP-FC32G-SW','',10.0000,10,25000000.0000,2500000.0000,NULL,35,10.0000,10.0000,10.0000,0,2,NULL,'2024-03-04 17:00:00','2024-04-09 03:20:43',NULL,1),(36,30,'','PAN-SOFTWARE-NGFW-CR: Software NGFW Credits\nto deploy VM-Series, CN-Series, Subscription Services,\nand Virtual Panorama to manage Software Firewalls','',1.0000,0,92771000.0000,92771000.0000,NULL,36,1.0000,1.0000,1.0000,0,2,NULL,'2024-03-03 17:00:00','2024-04-09 03:20:43',NULL,1),(37,31,'','Dịch vụ','',1.0000,0,0.0000,0.0000,NULL,37,1.0000,1.0000,1.0000,0,2,NULL,'2024-04-03 17:00:00','2024-04-09 03:20:43',NULL,1),(38,32,'','Thiết bị Switch 2960-48 port POE','',1.0000,10,5200000.0000,5200000.0000,NULL,38,1.0000,1.0000,1.0000,0,2,NULL,'2024-03-11 17:00:00','2024-04-09 03:20:43',NULL,1),(39,33,'','Bộ tách POE 48V','',1.0000,10,1800000.0000,1800000.0000,NULL,39,1.0000,1.0000,1.0000,0,2,NULL,'2024-03-04 17:00:00','2024-04-09 03:20:43',NULL,1),(40,34,'','Ổ cứng máy tính HPE 1.8TB 10\nkRPM 2.5in SAS 12G HDD','',2.0000,10,12000000.0000,6000000.0000,NULL,40,2.0000,2.0000,2.0000,0,2,NULL,'2024-03-10 17:00:00','2024-04-09 03:20:43',NULL,1),(41,35,'','Hải Quan','',1.0000,8,1200000.0000,1200000.0000,NULL,41,1.0000,1.0000,1.0000,0,2,NULL,'2024-03-19 17:00:00','2024-04-09 03:20:43',NULL,1),(42,36,'','Chuột Máy Tính Dell Wireless WM126','',1.0000,10,681818.1000,681818.1000,NULL,10,1.0000,1.0000,1.0000,0,2,NULL,'2024-03-04 17:00:00','2024-04-09 03:20:43',NULL,1),(43,37,'','Thiết bị chuyển mạch Cisco SB CBS110 Unmanaged 8-\nport GE, Desktop, Ext PS_CBS110-8T-D-EU','',1.0000,10,1880000.0000,1880000.0000,NULL,43,1.0000,1.0000,1.0000,0,2,NULL,'2024-03-03 17:00:00','2024-04-09 03:20:43',NULL,1),(44,38,'','Điện thoại có dây Panasonic KXTS500','',1.0000,10,1295455.0000,1295455.0000,NULL,44,1.0000,1.0000,1.0000,0,2,NULL,'2024-03-04 17:00:00','2024-04-09 03:20:43',NULL,1),(45,39,'','Đầu kim Epson LQ-590','',1.0000,10,1363636.0000,1363636.0000,NULL,45,1.0000,1.0000,1.0000,0,2,NULL,'2024-03-04 17:00:00','2024-04-09 03:20:43',NULL,1),(46,40,'','Ổ cứng Western SSD 500GB/2.5\" 7mm Sata3 màu \nxanh _Blue(WDS500G3B0A','',1.0000,10,2000000.0000,2000000.0000,NULL,46,1.0000,1.0000,1.0000,0,2,NULL,'2024-03-04 17:00:00','2024-04-09 03:20:43',NULL,1),(47,41,'','Sản phẩm 1','',1.0000,8,2500000.0000,2500000.0000,NULL,47,NULL,1.0000,1.0000,0,8,NULL,'2024-01-07 17:00:00','2024-04-10 19:59:38',NULL,1),(48,42,'','Sản phẩm 2','',1.0000,10,261818.0000,261818.0000,NULL,48,NULL,1.0000,1.0000,0,8,NULL,'2024-01-02 17:00:00','2024-04-10 19:59:38',NULL,1),(49,43,'','Sản phẩm 3','',1.0000,0,81479650.0000,81479650.0000,NULL,49,NULL,1.0000,1.0000,0,8,NULL,'2024-01-16 17:00:00','2024-04-10 19:59:38',NULL,1),(50,44,'','Sản phẩm 4','',1.0000,0,124874100.0000,124874100.0000,NULL,50,NULL,1.0000,1.0000,0,8,NULL,'2024-01-14 17:00:00','2024-04-10 19:59:38',NULL,1),(51,44,'','Sản phẩm 5','',1.0000,0,27634860.0000,27634860.0000,NULL,51,NULL,1.0000,1.0000,0,8,NULL,'2024-01-14 17:00:00','2024-04-10 19:59:38',NULL,1),(52,44,'','Sản phẩm 6','',1.0000,0,154676400.0000,154676400.0000,NULL,52,NULL,1.0000,1.0000,0,8,NULL,'2024-01-14 17:00:00','2024-04-10 19:59:38',NULL,1),(53,44,'','Sản phẩm 7','',1.0000,0,13792800.0000,13792800.0000,NULL,53,NULL,1.0000,1.0000,0,8,NULL,'2024-01-14 17:00:00','2024-04-10 19:59:38',NULL,1),(54,45,'','Sản phẩm 8','',1.0000,0,64500000.0000,64500000.0000,NULL,54,NULL,1.0000,1.0000,0,8,NULL,'2024-01-15 17:00:00','2024-04-10 19:59:38',NULL,1),(55,46,'','Sản phẩm 9','',1.0000,0,151312000.0000,151312000.0000,NULL,55,NULL,1.0000,1.0000,0,8,NULL,'2024-01-16 17:00:00','2024-04-10 19:59:38',NULL,1),(56,47,'','Sản phẩm 10','',1.0000,10,909090.8000,909090.8000,NULL,56,NULL,1.0000,1.0000,0,8,NULL,'2024-01-09 17:00:00','2024-04-10 19:59:38',NULL,1),(57,48,'','Sản phẩm 11','',1.0000,10,500000.0000,500000.0000,NULL,57,NULL,1.0000,1.0000,0,8,NULL,'2024-01-16 17:00:00','2024-04-10 19:59:38',NULL,1),(58,49,'','Sản phẩm 12','',1.0000,10,2200000.0000,2200000.0000,NULL,58,NULL,1.0000,1.0000,0,8,NULL,'2024-01-24 17:00:00','2024-04-10 19:59:38',NULL,1),(59,49,'','Sản phẩm 13','',1.0000,10,1000000.0000,1000000.0000,NULL,59,NULL,1.0000,1.0000,0,8,NULL,'2024-01-24 17:00:00','2024-04-10 19:59:38',NULL,1),(60,50,'','Sản phẩm 14','',10.0000,10,34000000.0000,3400000.0000,NULL,60,NULL,10.0000,10.0000,0,8,NULL,'2023-12-24 17:00:00','2024-04-10 19:59:38',NULL,1),(61,51,'','Sản phẩm 15','',1.0000,10,3363640.0000,3363640.0000,NULL,61,NULL,1.0000,1.0000,0,8,NULL,'2023-12-25 17:00:00','2024-04-10 19:59:38',NULL,1),(62,52,'','Sản phẩm 16','',1.0000,0,0.0000,0.0000,NULL,62,NULL,1.0000,1.0000,0,8,NULL,'2024-04-03 17:00:00','2024-04-10 19:59:38',NULL,1),(63,53,'','Sản phẩm 17','',5.0000,10,15000000.0000,3000000.0000,NULL,63,NULL,5.0000,5.0000,0,8,NULL,'2024-01-11 17:00:00','2024-04-10 19:59:38',NULL,1),(64,54,'','Sản phẩm 18','',1.0000,10,5700000.0000,5700000.0000,NULL,64,NULL,1.0000,1.0000,0,8,NULL,'2024-01-11 17:00:00','2024-04-10 19:59:38',NULL,1),(65,55,'','Sản phẩm 19','',30.0000,10,800000.0000,26666.6667,NULL,65,NULL,30.0000,30.0000,0,8,NULL,'2024-01-28 17:00:00','2024-04-10 19:59:38',NULL,1),(66,56,'','Sản phẩm 20','',1.0000,10,6072727.0000,6072727.0000,NULL,66,NULL,1.0000,1.0000,0,8,NULL,'2024-02-18 17:00:00','2024-04-10 19:59:38',NULL,1),(67,57,'','Sản phẩm 21','',8.0000,10,1880000.0000,235000.0000,NULL,67,NULL,8.0000,8.0000,0,8,NULL,'2024-01-28 17:00:00','2024-04-10 19:59:38',NULL,1),(68,57,'','Sản phẩm 22','',8.0000,10,1880000.0000,235000.0000,NULL,68,NULL,8.0000,8.0000,0,8,NULL,'2024-01-28 17:00:00','2024-04-10 19:59:38',NULL,1),(69,58,'','Sản phẩm 23','',2.0000,10,2550000.0000,1275000.0000,NULL,69,NULL,2.0000,2.0000,0,8,NULL,'2024-01-23 17:00:00','2024-04-10 19:59:38',NULL,1),(70,59,'','Sản phẩm 24','',1.0000,10,253636.0000,253636.0000,NULL,70,NULL,1.0000,1.0000,0,8,NULL,'2024-02-01 17:00:00','2024-04-10 19:59:38',NULL,1),(71,60,'','Sản phẩm 25','',1.0000,0,0.0000,0.0000,NULL,71,NULL,1.0000,1.0000,0,8,NULL,'2024-04-03 17:00:00','2024-04-10 19:59:38',NULL,1),(72,61,'','Sản phẩm 26','',1.0000,8,482333.0000,482333.0000,NULL,72,NULL,1.0000,1.0000,0,8,NULL,'2024-02-01 17:00:00','2024-04-10 19:59:38',NULL,1),(73,62,'','Sản phẩm 27','',1.0000,10,3381818.0000,3381818.0000,NULL,73,NULL,1.0000,1.0000,0,8,NULL,'2024-02-20 17:00:00','2024-04-10 19:59:38',NULL,1),(74,63,'','Sản phẩm 28','',1.0000,10,12527272.0000,12527272.0000,NULL,74,NULL,1.0000,1.0000,0,8,NULL,'2024-02-27 17:00:00','2024-04-10 19:59:38',NULL,1),(75,64,'','Sản phẩm 29','',1.0000,10,217800000.0000,217800000.0000,NULL,75,NULL,1.0000,1.0000,0,8,NULL,'2024-01-29 17:00:00','2024-04-10 19:59:38',NULL,1),(76,65,'','Sản phẩm 30','',1.0000,8,115000000.0000,115000000.0000,NULL,76,NULL,1.0000,1.0000,0,8,NULL,'2024-04-03 17:00:00','2024-04-10 19:59:38',NULL,1),(77,66,'','Sản phẩm 31','',1.0000,10,1967000.0000,1967000.0000,NULL,77,NULL,1.0000,1.0000,0,8,NULL,'2024-02-25 17:00:00','2024-04-10 19:59:38',NULL,1),(78,67,'','Sản phẩm 32','',1.0000,10,14400000.0000,14400000.0000,NULL,78,NULL,1.0000,1.0000,0,8,NULL,'2024-03-01 17:00:00','2024-04-10 19:59:38',NULL,1),(79,68,'','Sản phẩm 33','',1.0000,10,4600100.0000,4600100.0000,NULL,79,NULL,1.0000,1.0000,0,8,NULL,'2024-02-25 17:00:00','2024-04-10 19:59:38',NULL,1),(80,69,'','Sản phẩm 34','',2.0000,10,144500000.0000,72250000.0000,NULL,80,NULL,2.0000,2.0000,0,8,NULL,'2024-03-04 17:00:00','2024-04-10 19:59:38',NULL,1),(81,69,'','Sản phẩm 35','',10.0000,10,25000000.0000,2500000.0000,NULL,81,NULL,10.0000,10.0000,0,8,NULL,'2024-03-04 17:00:00','2024-04-10 19:59:38',NULL,1),(82,70,'','Sản phẩm 36','',1.0000,0,92771000.0000,92771000.0000,NULL,82,NULL,1.0000,1.0000,0,8,NULL,'2024-03-03 17:00:00','2024-04-10 19:59:38',NULL,1),(83,71,'','Sản phẩm 37','',1.0000,0,0.0000,0.0000,NULL,83,NULL,1.0000,1.0000,0,8,NULL,'2024-04-03 17:00:00','2024-04-10 19:59:38',NULL,1),(84,72,'','Sản phẩm 38','',1.0000,10,5200000.0000,5200000.0000,NULL,84,NULL,1.0000,1.0000,0,8,NULL,'2024-03-11 17:00:00','2024-04-10 19:59:38',NULL,1),(85,73,'','Sản phẩm 39','',1.0000,10,1800000.0000,1800000.0000,NULL,85,NULL,1.0000,1.0000,0,8,NULL,'2024-03-04 17:00:00','2024-04-10 19:59:38',NULL,1),(86,74,'','Sản phẩm 40','',2.0000,10,12000000.0000,6000000.0000,NULL,86,NULL,2.0000,2.0000,0,8,NULL,'2024-03-10 17:00:00','2024-04-10 19:59:38',NULL,1),(87,75,'','Sản phẩm 41','',1.0000,8,1200000.0000,1200000.0000,NULL,87,NULL,1.0000,1.0000,0,8,NULL,'2024-03-19 17:00:00','2024-04-10 19:59:38',NULL,1),(88,76,'','Sản phẩm 42','',1.0000,10,681818.1000,681818.1000,NULL,88,NULL,1.0000,1.0000,0,8,NULL,'2024-03-04 17:00:00','2024-04-10 19:59:38',NULL,1),(89,77,'','Sản phẩm 43','',1.0000,10,1880000.0000,1880000.0000,NULL,89,NULL,1.0000,1.0000,0,8,NULL,'2024-03-03 17:00:00','2024-04-10 19:59:38',NULL,1),(90,78,'','Sản phẩm 44','',1.0000,10,1295455.0000,1295455.0000,NULL,90,NULL,1.0000,1.0000,0,8,NULL,'2024-03-04 17:00:00','2024-04-10 19:59:38',NULL,1),(91,79,'','Sản phẩm 45','',1.0000,10,1363636.0000,1363636.0000,NULL,91,NULL,1.0000,1.0000,0,8,NULL,'2024-03-04 17:00:00','2024-04-10 19:59:38',NULL,1),(92,80,'','Sản phẩm 46','',1.0000,10,2000000.0000,2000000.0000,NULL,92,NULL,1.0000,1.0000,0,8,NULL,'2024-03-04 17:00:00','2024-04-10 19:59:38',NULL,1),(93,81,NULL,'Sản phẩm 45','Cái',5.0000,10,5000000.0000,1000000.0000,NULL,NULL,5.0000,NULL,NULL,1,8,NULL,'2024-04-11 02:38:10','2024-04-11 02:38:27',0,1),(94,81,NULL,'Sản phẩm 46','Cái',5.0000,10,5000000.0000,1000000.0000,NULL,NULL,5.0000,NULL,NULL,1,8,NULL,'2024-04-11 02:38:10','2024-04-11 02:38:27',0,1),(96,83,NULL,'Sản phẩm 46','Cái',3.0000,10,1500000.0000,500000.0000,NULL,NULL,3.0000,0.0000,0.0000,1,8,5,'2024-04-24 11:39:40','2024-04-24 11:40:00',0,1),(97,83,NULL,'Sản phẩm 45','Cái',3.0000,10,1500000.0000,500000.0000,NULL,NULL,3.0000,0.0000,0.0000,1,8,5,'2024-04-24 11:39:40','2024-04-24 11:40:00',0,1),(98,83,NULL,'Sản phẩm 43','Cái',3.0000,10,1500000.0000,500000.0000,NULL,NULL,3.0000,0.0000,0.0000,1,8,5,'2024-04-24 11:39:40','2024-04-24 11:40:00',0,1),(99,83,NULL,'Sản phẩm 42','Cái',3.0000,10,1500000.0000,500000.0000,NULL,NULL,3.0000,0.0000,0.0000,1,8,5,'2024-04-24 11:39:40','2024-04-24 11:40:00',0,1),(100,84,NULL,'Sản phẩm 44','Cái',3.0000,10,1500000.0000,500000.0000,NULL,NULL,3.0000,0.0000,0.0000,1,8,5,'2024-04-24 11:43:08','2024-04-24 11:43:16',0,1),(101,85,NULL,'Thiết bị 1','Cái',3.0000,10,1500000.0000,500000.0000,NULL,NULL,3.0000,0.0000,0.0000,1,8,5,'2024-04-24 14:39:21','2024-04-24 14:44:16',0,1),(102,85,NULL,'Thiết bị 2','Cái',3.0000,10,1500000.0000,500000.0000,NULL,NULL,3.0000,0.0000,0.0000,1,8,5,'2024-04-24 14:39:21','2024-04-24 14:44:16',0,1),(103,85,NULL,'Thiết bị 3','Cái',3.0000,10,1500000.0000,500000.0000,NULL,NULL,3.0000,0.0000,0.0000,1,8,5,'2024-04-24 14:39:21','2024-04-24 14:44:16',0,1),(105,87,NULL,'Sản phẩm 1','Cái',5.0000,10,5000000.0000,1000000.0000,NULL,100,5.0000,5.0000,5.0000,1,5,5,'2024-05-14 02:37:08','2024-05-14 02:40:38',0,1),(106,87,NULL,'Sản phẩm 2','Cái',5.0000,10,5000000.0000,1000000.0000,NULL,101,5.0000,5.0000,5.0000,1,5,5,'2024-05-14 02:37:08','2024-05-14 02:40:38',0,1),(111,89,NULL,'Sản phẩm 1','Cái',5.0000,10,5000000.0000,1000000.0000,NULL,107,5.0000,5.0000,5.0000,1,9,9,'2024-05-17 14:52:27','2024-05-20 03:48:27',0,1),(112,89,NULL,'Sản phẩm 2','Cái',10.0000,8,20000000.0000,2000000.0000,NULL,108,10.0000,10.0000,10.0000,1,9,9,'2024-05-17 14:52:27','2024-05-20 03:48:27',0,1),(113,90,NULL,'Sản phẩm 1','Cái',2.0000,10,2000000.0000,1000000.0000,NULL,107,2.0000,2.0000,2.0000,1,9,9,'2024-05-17 22:48:01','2024-05-20 03:47:58',0,1),(114,90,NULL,'Sản phẩm 2','Cái',3.0000,8,6000000.0000,2000000.0000,NULL,108,3.0000,3.0000,3.0000,1,9,9,'2024-05-17 22:48:01','2024-05-20 03:47:58',0,1),(115,91,'HH01','Hàng hóa 01','Bao',10.0000,10,12000000.0000,1200000.0000,NULL,109,10.0000,10.0000,10.0000,1,20,20,'2024-05-18 11:29:40','2024-05-18 13:29:12',0,1),(116,92,'HH02','Hàng hóa 02','Cái',5.0000,10,6500000.0000,1300000.0000,NULL,110,5.0000,5.0000,5.0000,1,20,20,'2024-05-18 11:30:33','2024-05-18 12:07:31',0,1),(117,93,'HH03','Hàng hóa 03','Thùng',7.0000,10,15400000.0000,2200000.0000,NULL,111,7.0000,7.0000,7.0000,1,20,20,'2024-05-18 11:32:41','2024-05-18 13:16:50',0,1),(118,94,'HH04','Hàng hóa 04','Túi',10.0000,10,17000000.0000,1700000.0000,NULL,112,10.0000,10.0000,10.0000,1,20,20,'2024-05-18 11:33:04','2024-05-18 12:07:26',0,1),(119,95,'HH05','Hàng hóa 05','Cái',20.0000,10,10000000.0000,500000.0000,NULL,113,20.0000,20.0000,20.0000,1,20,20,'2024-05-18 11:33:24','2024-05-18 12:07:07',0,1),(120,96,'HH01','Hàng hóa 01','Bao',10.0000,10,16000000.0000,1600000.0000,NULL,109,10.0000,10.0000,10.0000,1,20,20,'2024-05-18 13:35:29','2024-05-18 13:35:47',0,1),(121,96,'HH02','Hàng hóa 02','Cái',10.0000,10,17000000.0000,1700000.0000,NULL,110,10.0000,10.0000,10.0000,1,20,20,'2024-05-18 13:35:29','2024-05-18 13:35:47',0,1),(122,97,NULL,'Bao xi măng','Bao',18.0000,10,27000000.0000,1500000.0000,NULL,115,18.0000,0.0000,18.0000,1,20,20,'2024-05-18 13:42:08','2024-05-18 13:42:19',0,1),(123,98,'HH02','Hàng hóa 02','Cái',2.0000,10,4800000.0000,2400000.0000,NULL,NULL,0.0000,0.0000,2.0000,1,20,20,'2024-05-18 14:28:20','2024-05-18 14:28:29',0,1),(124,99,'0001','SP001','Cái',4.0000,10,400000.0000,100000.0000,NULL,116,4.0000,0.0000,4.0000,1,11,11,'2024-05-20 03:57:34','2024-05-20 04:10:46',0,1),(125,100,NULL,'SP002','Cái',4.0000,8,800000.0000,200000.0000,NULL,117,4.0000,0.0000,4.0000,1,11,11,'2024-05-20 04:17:32','2024-05-20 10:11:22',0,1),(126,101,NULL,'SP002','Cái',2.0000,8,400000.0000,200000.0000,NULL,117,2.0000,0.0000,2.0000,1,11,11,'2024-05-20 04:22:57','2024-05-20 10:11:14',0,1),(127,102,NULL,'SP002','Cái',2.0000,8,200000.0000,100000.0000,NULL,117,2.0000,0.0000,2.0000,1,11,11,'2024-05-20 04:23:11','2024-05-20 10:11:02',0,1),(128,103,'CH','Chuột','cái',6.0000,10,900000.0000,150000.0000,NULL,NULL,0.0000,0.0000,6.0000,1,22,22,'2024-05-20 07:48:00','2024-05-20 07:52:03',0,1),(129,103,'BP','Bàn Phím','cái',4.0000,10,2000000.0000,500000.0000,NULL,NULL,0.0000,0.0000,4.0000,1,22,22,'2024-05-20 07:48:00','2024-05-20 07:52:03',0,1),(130,104,'BAN','Bàn Làm Việc','cái',10.0000,10,10000000.0000,1000000.0000,NULL,NULL,0.0000,10.0000,0.0000,1,22,22,'2024-05-20 07:50:19','2024-05-20 07:57:02',0,1),(131,105,'GIAY','Giày','đôi',5.0000,0,8750000.0000,1750000.0000,NULL,121,5.0000,0.0000,0.0000,1,22,22,'2024-05-20 07:51:24','2024-05-20 07:56:45',0,1),(132,106,NULL,'SP002','Cái',1.0000,8,100000.0000,100000.0000,NULL,117,1.0000,0.0000,0.0000,1,11,11,'2024-05-20 10:41:57','2024-05-20 10:42:13',0,1),(133,107,NULL,'SP002','Cái',1.0000,8,200000.0000,200000.0000,NULL,117,1.0000,0.0000,0.0000,1,11,11,'2024-05-20 10:42:06','2024-05-20 10:42:11',0,1);
/*!40000 ALTER TABLE `quoteimport` ENABLE KEYS */;
UNLOCK TABLES;

--
-- Table structure for table `receive_bill`
--

DROP TABLE IF EXISTS `receive_bill`;
/*!40101 SET @saved_cs_client     = @@character_set_client */;
/*!40101 SET character_set_client = utf8 */;
CREATE TABLE `receive_bill` (
  `id` bigint(20) unsigned NOT NULL AUTO_INCREMENT,
  `detailimport_id` int(11) NOT NULL,
  `provide_id` int(11) NOT NULL,
  `shipping_unit` varchar(255) DEFAULT NULL,
  `delivery_charges` decimal(20,4) DEFAULT NULL,
  `status` int(11) NOT NULL,
  `delivery_code` varchar(255) DEFAULT NULL,
  `total_tax` decimal(20,4) DEFAULT NULL,
  `workspace_id` int(11) DEFAULT NULL,
  `user_id` int(11) DEFAULT NULL,
  `created_at` timestamp NULL DEFAULT NULL,
  `updated_at` timestamp NULL DEFAULT NULL,
  PRIMARY KEY (`id`)
) ENGINE=InnoDB AUTO_INCREMENT=106 DEFAULT CHARSET=utf8mb4 COLLATE=utf8mb4_unicode_ci;
/*!40101 SET character_set_client = @saved_cs_client */;

--
-- Dumping data for table `receive_bill`
--

LOCK TABLES `receive_bill` WRITE;
/*!40000 ALTER TABLE `receive_bill` DISABLE KEYS */;
INSERT INTO `receive_bill` VALUES (1,1,1,NULL,0.0000,2,'PO RN OLIU',2700000.0000,2,NULL,'2024-01-07 17:00:00','2024-04-09 02:42:02'),(2,2,2,NULL,0.0000,2,'PO RN NGUYEN KIM',288000.0000,2,NULL,'2024-01-02 17:00:00','2024-04-09 02:42:02'),(3,3,3,NULL,0.0000,2,'HDMB RN NTEK\n1201/HĐMB/ RN- NTEK',81479650.0000,2,NULL,'2024-01-16 17:00:00','2024-04-09 02:42:02'),(4,4,4,NULL,0.0000,2,'HDMB RN TECHORIZON\n04-27122023-RN-T.H',320978160.0000,2,NULL,'2024-01-14 17:00:00','2024-04-09 02:42:02'),(5,5,3,NULL,0.0000,2,'HDMB RN NTEK\n0401/HĐMB/ RN- NTEK',64500000.0000,2,NULL,'2024-01-15 17:00:00','2024-04-09 02:42:02'),(6,6,20,NULL,0.0000,2,'HDMB RN ELITE\nSG192401112',151312000.0000,2,NULL,'2024-01-16 17:00:00','2024-04-09 02:42:02'),(7,7,5,NULL,0.0000,2,'PO RN LE HUY',999999.8800,2,NULL,'2024-01-09 17:00:00','2024-04-09 02:42:02'),(8,8,6,NULL,0.0000,2,'PO RN SIEU TOC',550000.0000,2,NULL,'2024-01-16 17:00:00','2024-04-09 02:42:02'),(9,9,7,NULL,0.0000,2,'PO RN HONG QUANG',3520000.0000,2,NULL,'2024-01-24 17:00:00','2024-04-09 02:42:02'),(10,10,3,NULL,0.0000,2,'HDMB RN NTEK',37400000.0000,2,NULL,'2023-12-24 17:00:00','2024-04-09 02:42:02'),(11,11,8,NULL,0.0000,2,'PO RN NGUYEN PHONG',3700004.0000,2,NULL,'2023-12-25 17:00:00','2024-04-09 02:42:02'),(12,12,9,NULL,0.0000,2,'RINGNET',0.0000,2,NULL,'2024-04-03 17:00:00','2024-04-09 02:42:02'),(13,13,10,NULL,0.0000,2,'PO RN VIET TIEP',16500000.0000,2,NULL,'2024-01-11 17:00:00','2024-04-09 02:42:02'),(14,14,11,NULL,0.0000,2,'PO RN QUANG LAM',6270000.0000,2,NULL,'2024-01-25 17:00:00','2024-04-09 02:42:02'),(15,15,11,NULL,0.0000,2,'PO RN QUANG LAM',880000.0000,2,NULL,'2024-01-28 17:00:00','2024-04-09 02:42:02'),(16,16,2,NULL,0.0000,2,'PO RN NGUYEN KIM',6679999.7000,2,NULL,'2024-02-18 17:00:00','2024-04-09 02:42:02'),(17,17,11,NULL,0.0000,2,'PO RN QUANG LAM',4136000.0000,2,NULL,'2024-01-28 17:00:00','2024-04-09 02:42:02'),(18,18,12,NULL,0.0000,2,'PO RN PHUONG VIET',2805000.0000,2,NULL,'2024-01-23 17:00:00','2024-04-09 02:42:02'),(19,19,13,NULL,0.0000,2,'PO RN BASEUS',278999.6000,2,NULL,'2024-02-01 17:00:00','2024-04-09 02:42:02'),(20,20,9,NULL,0.0000,2,'RINGNET',0.0000,2,NULL,'2024-04-03 17:00:00','2024-04-09 02:42:02'),(21,21,13,NULL,0.0000,2,'PO RN BASEUS',520920.0000,2,NULL,'2024-02-01 17:00:00','2024-04-09 02:42:02'),(22,22,14,NULL,0.0000,2,'PO RN GREENTECH',3719999.8000,2,NULL,'2024-02-20 17:00:00','2024-04-09 02:42:02'),(23,23,15,NULL,0.0000,2,'PO RN CAO PHONG\n( CHO LON)',13779999.2000,2,NULL,'2024-02-27 17:00:00','2024-04-09 02:42:02'),(24,24,4,NULL,0.0000,2,'HDMB RN TECHORIZON\n03-20122023-RN-T.H',239580000.0000,2,NULL,'2024-01-29 17:00:00','2024-04-09 02:42:02'),(25,25,16,NULL,0.0000,2,'HDMB RN VĂN KIỆT',124200000.0000,2,NULL,'2024-04-03 17:00:00','2024-04-09 02:42:02'),(26,26,17,NULL,0.0000,2,'PO RN VIEN THONG TAY',2163700.0000,2,NULL,'2024-02-25 17:00:00','2024-04-09 02:42:02'),(27,27,12,NULL,0.0000,2,'PO RN PHUONG VIET',15840000.0000,2,NULL,'2024-03-01 17:00:00','2024-04-09 02:42:02'),(28,28,18,NULL,0.0000,2,'PO RN SOECO ( SAO NAM AN)',5060110.0000,2,NULL,'2024-02-25 17:00:00','2024-04-09 02:42:02'),(29,29,19,NULL,0.0000,2,'HDMB RN HỘI LỘC',186450000.0000,2,NULL,'2024-03-04 17:00:00','2024-04-09 02:42:02'),(30,30,20,NULL,0.0000,2,'HDMB RN ELITE SG1924022616',92771000.0000,2,NULL,'2024-03-03 17:00:00','2024-04-09 02:42:02'),(31,31,9,NULL,0.0000,2,'NHAN CONG',0.0000,2,NULL,'2024-04-03 17:00:00','2024-04-09 02:42:02'),(32,32,10,NULL,0.0000,2,'PO RN VIET TIEP',5720000.0000,2,NULL,'2024-03-11 17:00:00','2024-04-09 02:42:02'),(33,33,21,NULL,0.0000,2,'PO RN THAI PHONG',1980000.0000,2,NULL,'2024-03-04 17:00:00','2024-04-09 02:42:02'),(34,34,22,NULL,0.0000,2,'PO RN HA CUONG',13200000.0000,2,NULL,'2024-03-10 17:00:00','2024-04-09 02:42:02'),(35,35,23,NULL,0.0000,2,'LAM PHU GIA',1296000.0000,2,NULL,'2024-03-19 17:00:00','2024-04-09 02:42:02'),(36,36,5,NULL,0.0000,2,'PO RN LE HUY',749999.9100,2,NULL,'2024-03-04 17:00:00','2024-04-09 02:42:02'),(37,37,24,NULL,0.0000,2,'PO RN TAN NIEM TIN',2068000.0000,2,NULL,'2024-03-03 17:00:00','2024-04-09 02:42:02'),(38,38,17,NULL,0.0000,2,'PO RN VIEN THONG TAY',1425000.5000,2,NULL,'2024-03-04 17:00:00','2024-04-09 02:42:02'),(39,39,25,NULL,0.0000,2,'PO RN MUC IN HUY THUAN',1499999.6000,2,NULL,'2024-03-04 17:00:00','2024-04-09 02:42:02'),(40,40,2,NULL,0.0000,2,'PO RN NGUYEN KIM',2200000.0000,2,NULL,'2024-03-04 17:00:00','2024-04-09 02:42:02'),(41,41,26,NULL,0.0000,2,'PO RN OLIU',2700000.0000,8,NULL,'2024-01-07 17:00:00','2024-04-10 19:54:26'),(42,42,27,NULL,0.0000,2,'PO RN NGUYEN KIM',288000.0000,8,NULL,'2024-01-02 17:00:00','2024-04-10 19:54:26'),(43,43,28,NULL,0.0000,2,'HDMB RN NTEK\n1201/HĐMB/ RN- NTEK',81479650.0000,8,NULL,'2024-01-16 17:00:00','2024-04-10 19:54:26'),(44,44,29,NULL,0.0000,2,'HDMB RN TECHORIZON\n04-27122023-RN-T.H',320978160.0000,8,NULL,'2024-01-14 17:00:00','2024-04-10 19:54:26'),(45,45,28,NULL,0.0000,2,'HDMB RN NTEK\n0401/HĐMB/ RN- NTEK',64500000.0000,8,NULL,'2024-01-15 17:00:00','2024-04-10 19:54:26'),(46,46,45,NULL,0.0000,2,'HDMB RN ELITE\nSG192401112',151312000.0000,8,NULL,'2024-01-16 17:00:00','2024-04-10 19:54:26'),(47,47,30,NULL,0.0000,2,'PO RN LE HUY',999999.8800,8,NULL,'2024-01-09 17:00:00','2024-04-10 19:54:26'),(48,48,31,NULL,0.0000,2,'PO RN SIEU TOC',550000.0000,8,NULL,'2024-01-16 17:00:00','2024-04-10 19:54:26'),(49,49,32,NULL,0.0000,2,'PO RN HONG QUANG',3520000.0000,8,NULL,'2024-01-24 17:00:00','2024-04-10 19:54:26'),(50,50,28,NULL,0.0000,2,'HDMB RN NTEK',37400000.0000,8,NULL,'2023-12-24 17:00:00','2024-04-10 19:54:26'),(51,51,33,NULL,0.0000,2,'PO RN NGUYEN PHONG',3700004.0000,8,NULL,'2023-12-25 17:00:00','2024-04-10 19:54:26'),(52,52,34,NULL,0.0000,2,'RINGNET',0.0000,8,NULL,'2024-04-03 17:00:00','2024-04-10 19:54:26'),(53,53,35,NULL,0.0000,2,'PO RN VIET TIEP',16500000.0000,8,NULL,'2024-01-11 17:00:00','2024-04-10 19:54:26'),(54,54,36,NULL,0.0000,2,'PO RN QUANG LAM',6270000.0000,8,NULL,'2024-01-25 17:00:00','2024-04-10 19:54:26'),(55,55,36,NULL,0.0000,2,'PO RN QUANG LAM',880000.0000,8,NULL,'2024-01-28 17:00:00','2024-04-10 19:54:26'),(56,56,27,NULL,0.0000,2,'PO RN NGUYEN KIM',6679999.7000,8,NULL,'2024-02-18 17:00:00','2024-04-10 19:54:26'),(57,57,36,NULL,0.0000,2,'PO RN QUANG LAM',4136000.0000,8,NULL,'2024-01-28 17:00:00','2024-04-10 19:54:26'),(58,58,37,NULL,0.0000,2,'PO RN PHUONG VIET',2805000.0000,8,NULL,'2024-01-23 17:00:00','2024-04-10 19:54:26'),(59,59,38,NULL,0.0000,2,'PO RN BASEUS',278999.6000,8,NULL,'2024-02-01 17:00:00','2024-04-10 19:54:26'),(60,60,34,NULL,0.0000,2,'RINGNET',0.0000,8,NULL,'2024-04-03 17:00:00','2024-04-10 19:54:26'),(61,61,38,NULL,0.0000,2,'PO RN BASEUS',520920.0000,8,NULL,'2024-02-01 17:00:00','2024-04-10 19:54:26'),(62,62,39,NULL,0.0000,2,'PO RN GREENTECH',3719999.8000,8,NULL,'2024-02-20 17:00:00','2024-04-10 19:54:26'),(63,63,40,NULL,0.0000,2,'PO RN CAO PHONG\n( CHO LON)',13779999.2000,8,NULL,'2024-02-27 17:00:00','2024-04-10 19:54:26'),(64,64,29,NULL,0.0000,2,'HDMB RN TECHORIZON\n03-20122023-RN-T.H',239580000.0000,8,NULL,'2024-01-29 17:00:00','2024-04-10 19:54:26'),(65,65,41,NULL,0.0000,2,'HDMB RN VĂN KIỆT',124200000.0000,8,NULL,'2024-04-03 17:00:00','2024-04-10 19:54:26'),(66,66,42,NULL,0.0000,2,'PO RN VIEN THONG TAY',2163700.0000,8,NULL,'2024-02-25 17:00:00','2024-04-10 19:54:26'),(67,67,37,NULL,0.0000,2,'PO RN PHUONG VIET',15840000.0000,8,NULL,'2024-03-01 17:00:00','2024-04-10 19:54:26'),(68,68,43,NULL,0.0000,2,'PO RN SOECO ( SAO NAM AN)',5060110.0000,8,NULL,'2024-02-25 17:00:00','2024-04-10 19:54:26'),(69,69,44,NULL,0.0000,2,'HDMB RN HỘI LỘC',186450000.0000,8,NULL,'2024-03-04 17:00:00','2024-04-10 19:54:26'),(70,70,45,NULL,0.0000,2,'HDMB RN ELITE SG1924022616',92771000.0000,8,NULL,'2024-03-03 17:00:00','2024-04-10 19:54:26'),(71,71,34,NULL,0.0000,2,'NHAN CONG',0.0000,8,NULL,'2024-04-03 17:00:00','2024-04-10 19:54:26'),(72,72,35,NULL,0.0000,2,'PO RN VIET TIEP',5720000.0000,8,NULL,'2024-03-11 17:00:00','2024-04-10 19:54:26'),(73,73,46,NULL,0.0000,2,'PO RN THAI PHONG',1980000.0000,8,NULL,'2024-03-04 17:00:00','2024-04-10 19:54:26'),(74,74,47,NULL,0.0000,2,'PO RN HA CUONG',13200000.0000,8,NULL,'2024-03-10 17:00:00','2024-04-10 19:54:26'),(75,75,48,NULL,0.0000,2,'LAM PHU GIA',1296000.0000,8,NULL,'2024-03-19 17:00:00','2024-04-10 19:54:26'),(76,76,30,NULL,0.0000,2,'PO RN LE HUY',749999.9100,8,NULL,'2024-03-04 17:00:00','2024-04-10 19:54:26'),(77,77,49,NULL,0.0000,2,'PO RN TAN NIEM TIN',2068000.0000,8,NULL,'2024-03-03 17:00:00','2024-04-10 19:54:26'),(78,78,42,NULL,0.0000,2,'PO RN VIEN THONG TAY',1425000.5000,8,NULL,'2024-03-04 17:00:00','2024-04-10 19:54:26'),(79,79,50,NULL,0.0000,2,'PO RN MUC IN HUY THUAN',1499999.6000,8,NULL,'2024-03-04 17:00:00','2024-04-10 19:54:26'),(80,80,27,NULL,0.0000,2,'PO RN NGUYEN KIM',2200000.0000,8,NULL,'2024-03-04 17:00:00','2024-04-10 19:54:26'),(81,81,26,NULL,0.0000,2,'MNH-01',11000000.0000,8,NULL,'2024-04-10 17:00:00',NULL),(83,83,26,NULL,0.0000,2,'MNH-02',6600000.0000,8,5,'2024-04-23 17:00:00',NULL),(84,84,26,NULL,0.0000,2,'MNH-03',1650000.0000,8,5,'2024-04-23 17:00:00',NULL),(85,85,26,NULL,0.0000,2,'MNH-04',4950000.0000,8,5,'2024-04-23 17:00:00',NULL),(87,87,51,'',0.0000,2,'MNH-01',11000000.0000,5,5,'2024-05-13 17:00:00',NULL),(90,89,52,'',0.0000,2,'MNH-01',27100000.0000,9,9,'2024-05-16 17:00:00',NULL),(91,90,52,'',0.0000,2,'MNH-02',8680000.0000,9,9,'2024-05-17 17:00:00',NULL),(92,91,53,'',0.0000,2,'MNH-01',13200000.0000,20,20,'2024-05-17 17:00:00',NULL),(93,92,54,'',0.0000,2,'MNH-02',7150000.0000,20,20,'2024-05-17 17:00:00',NULL),(94,95,57,'',0.0000,2,'MNH-03',11000000.0000,20,20,'2024-05-17 17:00:00',NULL),(95,94,56,'',0.0000,2,'MNH-04',18700000.0000,20,20,'2024-05-17 17:00:00',NULL),(96,93,55,'',0.0000,2,'MNH-05',16940000.0000,20,20,'2024-05-17 17:00:00',NULL),(97,96,57,'',0.0000,2,'MNH-06',36300000.0000,20,20,'2024-05-17 17:00:00',NULL),(98,97,53,'',0.0000,2,'MNH-07',29700000.0000,20,20,'2024-05-17 17:00:00',NULL),(99,99,58,'',0.0000,2,'MNH-01',440000.0000,11,11,'2024-05-19 17:00:00',NULL),(100,100,59,'',0.0000,2,'MNH-02',864000.0000,11,11,'2024-05-19 17:00:00',NULL),(101,101,59,'',0.0000,2,'MNH-03',432000.0000,11,11,'2024-05-19 17:00:00',NULL),(102,102,58,'',0.0000,2,'MNH-04',216000.0000,11,11,'2024-05-19 17:00:00',NULL),(103,105,62,'J&T',50000.0000,2,'MNH-01',8750000.0000,22,22,'2024-05-19 17:00:00',NULL),(104,107,59,'',0.0000,2,'MNH-05',216000.0000,11,11,'2024-05-19 17:00:00',NULL),(105,106,58,'',0.0000,2,'MNH-06',108000.0000,11,11,'2024-05-19 17:00:00',NULL);
/*!40000 ALTER TABLE `receive_bill` ENABLE KEYS */;
UNLOCK TABLES;

--
-- Table structure for table `reciept`
--

DROP TABLE IF EXISTS `reciept`;
/*!40101 SET @saved_cs_client     = @@character_set_client */;
/*!40101 SET character_set_client = utf8 */;
CREATE TABLE `reciept` (
  `id` bigint(20) unsigned NOT NULL AUTO_INCREMENT,
  `detailimport_id` int(11) NOT NULL,
  `provide_id` int(11) NOT NULL,
  `status` int(11) NOT NULL,
  `price_total` decimal(20,4) NOT NULL,
  `date_bill` datetime NOT NULL,
  `number_bill` varchar(255) NOT NULL,
  `workspace_id` int(11) DEFAULT NULL,
  `user_id` int(11) DEFAULT NULL,
  `created_at` timestamp NULL DEFAULT NULL,
  `updated_at` timestamp NULL DEFAULT NULL,
  PRIMARY KEY (`id`)
) ENGINE=InnoDB AUTO_INCREMENT=93 DEFAULT CHARSET=utf8mb4 COLLATE=utf8mb4_unicode_ci;
/*!40101 SET character_set_client = @saved_cs_client */;

--
-- Dumping data for table `reciept`
--

LOCK TABLES `reciept` WRITE;
/*!40000 ALTER TABLE `reciept` DISABLE KEYS */;
INSERT INTO `reciept` VALUES (1,1,1,2,2700000.0000,'2024-01-08 00:00:00','00000007',2,NULL,'2024-01-07 17:00:00','2024-04-08 17:58:34'),(2,2,2,2,288000.0000,'2024-01-03 00:00:00','00000475',2,NULL,'2024-01-02 17:00:00','2024-04-08 17:58:34'),(3,3,3,2,81479650.0000,'2024-01-17 00:00:00','22',2,NULL,'2024-01-16 17:00:00','2024-04-08 17:58:34'),(4,4,4,2,320978160.0000,'2024-01-15 00:00:00','00000097',2,NULL,'2024-01-14 17:00:00','2024-04-08 17:58:34'),(5,5,3,2,64500000.0000,'2024-01-16 00:00:00','16',2,NULL,'2024-01-15 17:00:00','2024-04-08 17:58:34'),(6,6,20,2,151312000.0000,'2024-01-17 00:00:00','892',2,NULL,'2024-01-16 17:00:00','2024-04-08 17:58:34'),(7,7,5,2,999999.8800,'2024-01-10 00:00:00','00000722',2,NULL,'2024-01-09 17:00:00','2024-04-08 17:58:34'),(8,8,6,2,550000.0000,'2024-01-17 00:00:00','00001127',2,NULL,'2024-01-16 17:00:00','2024-04-08 17:58:34'),(9,9,7,2,3520000.0000,'2024-01-25 00:00:00','00000038',2,NULL,'2024-01-24 17:00:00','2024-04-08 17:58:34'),(10,10,3,2,37400000.0000,'2023-12-25 00:00:00','929',2,NULL,'2023-12-24 17:00:00','2024-04-08 17:58:34'),(11,11,8,2,3700004.0000,'2023-12-26 00:00:00','1951',2,NULL,'2023-12-25 17:00:00','2024-04-08 17:58:34'),(12,12,9,2,0.0000,'2024-04-04 00:00:00','0',2,NULL,'2024-04-03 17:00:00','2024-04-08 17:58:34'),(13,13,10,2,16500000.0000,'2024-01-12 00:00:00','1',2,NULL,'2024-01-11 17:00:00','2024-04-08 17:58:34'),(14,14,11,2,6270000.0000,'2024-01-26 00:00:00','0000237\n0000251',2,NULL,'2024-01-25 17:00:00','2024-04-08 17:58:34'),(15,15,11,2,880000.0000,'2024-01-29 00:00:00','0000251',2,NULL,'2024-01-28 17:00:00','2024-04-08 17:58:34'),(16,16,2,2,6679999.7000,'2024-02-19 00:00:00','00006540',2,NULL,'2024-02-18 17:00:00','2024-04-08 17:58:34'),(17,17,11,2,4136000.0000,'2024-01-29 00:00:00','00000251',2,NULL,'2024-01-28 17:00:00','2024-04-08 17:58:34'),(18,18,12,2,2805000.0000,'2024-01-24 00:00:00','00000608',2,NULL,'2024-01-23 17:00:00','2024-04-08 17:58:34'),(19,19,13,2,278999.6000,'2024-02-02 00:00:00','00000464',2,NULL,'2024-02-01 17:00:00','2024-04-08 17:58:34'),(20,20,9,2,0.0000,'2024-04-04 00:00:00','0',2,NULL,'2024-04-03 17:00:00','2024-04-08 17:58:34'),(21,21,13,2,520920.0000,'2024-02-02 00:00:00','00000463',2,NULL,'2024-02-01 17:00:00','2024-04-08 17:58:34'),(22,22,14,2,3719999.8000,'2024-02-21 00:00:00','00000183',2,NULL,'2024-02-20 17:00:00','2024-04-08 17:58:34'),(23,23,15,2,13779999.2000,'2024-02-28 00:00:00','348960',2,NULL,'2024-02-27 17:00:00','2024-04-08 17:58:34'),(24,24,4,2,239580000.0000,'2024-01-30 00:00:00','00000242',2,NULL,'2024-01-29 17:00:00','2024-04-08 17:58:34'),(25,25,16,2,124200000.0000,'2024-04-04 00:00:00','98',2,NULL,'2024-04-03 17:00:00','2024-04-08 17:58:34'),(26,26,17,2,2163700.0000,'2024-02-26 00:00:00','00000182',2,NULL,'2024-02-25 17:00:00','2024-04-08 17:58:34'),(27,27,12,2,15840000.0000,'2024-03-02 00:00:00','00001263',2,NULL,'2024-03-01 17:00:00','2024-04-08 17:58:34'),(28,28,18,2,5060110.0000,'2024-02-26 00:00:00','538',2,NULL,'2024-02-25 17:00:00','2024-04-08 17:58:34'),(29,29,19,2,186450000.0000,'2024-03-05 00:00:00','00000047',2,NULL,'2024-03-04 17:00:00','2024-04-08 17:58:34'),(30,30,20,2,92771000.0000,'2024-03-04 00:00:00','3602',2,NULL,'2024-03-03 17:00:00','2024-04-08 17:58:34'),(31,31,9,2,0.0000,'2024-04-04 00:00:00','0',2,NULL,'2024-04-03 17:00:00','2024-04-08 17:58:34'),(32,32,10,2,5720000.0000,'2024-03-12 00:00:00','2',2,NULL,'2024-03-11 17:00:00','2024-04-08 17:58:34'),(33,33,21,2,1980000.0000,'2024-03-05 00:00:00','00000123',2,NULL,'2024-03-04 17:00:00','2024-04-08 17:58:34'),(34,34,22,2,13200000.0000,'2024-03-11 00:00:00','00000092',2,NULL,'2024-03-10 17:00:00','2024-04-08 17:58:34'),(35,35,23,2,1296000.0000,'2024-03-20 00:00:00','00000439',2,NULL,'2024-03-19 17:00:00','2024-04-08 17:58:34'),(36,36,5,2,749999.9100,'2024-03-05 00:00:00','00004160',2,NULL,'2024-03-04 17:00:00','2024-04-08 17:58:34'),(37,37,24,2,2068000.0000,'2024-03-04 00:00:00','1907',2,NULL,'2024-03-03 17:00:00','2024-04-08 17:58:34'),(38,38,17,2,1425000.5000,'2024-03-05 00:00:00','00000214',2,NULL,'2024-03-04 17:00:00','2024-04-08 17:58:34'),(39,39,25,2,1499999.6000,'2024-03-05 00:00:00','63',2,NULL,'2024-03-04 17:00:00','2024-04-08 17:58:34'),(40,40,2,2,2200000.0000,'2024-03-05 00:00:00','00009831',2,NULL,'2024-03-04 17:00:00','2024-04-08 17:58:34'),(41,41,26,2,2700000.0000,'2024-01-08 00:00:00','00000007',8,NULL,'2024-01-07 17:00:00','2024-04-10 19:52:24'),(42,42,27,2,288000.0000,'2024-01-03 00:00:00','00000475',8,NULL,'2024-01-02 17:00:00','2024-04-10 19:52:24'),(43,43,28,2,81479650.0000,'2024-01-17 00:00:00','22',8,NULL,'2024-01-16 17:00:00','2024-04-10 19:52:24'),(44,44,29,2,320978160.0000,'2024-01-15 00:00:00','00000097',8,NULL,'2024-01-14 17:00:00','2024-04-10 19:52:24'),(45,45,28,2,64500000.0000,'2024-01-16 00:00:00','16',8,NULL,'2024-01-15 17:00:00','2024-04-10 19:52:24'),(46,46,45,2,151312000.0000,'2024-01-17 00:00:00','892',8,NULL,'2024-01-16 17:00:00','2024-04-10 19:52:24'),(47,47,30,2,999999.8800,'2024-01-10 00:00:00','00000722',8,NULL,'2024-01-09 17:00:00','2024-04-10 19:52:24'),(48,48,31,2,550000.0000,'2024-01-17 00:00:00','00001127',8,NULL,'2024-01-16 17:00:00','2024-04-10 19:52:24'),(49,49,32,2,3520000.0000,'2024-01-25 00:00:00','00000038',8,NULL,'2024-01-24 17:00:00','2024-04-10 19:52:24'),(50,50,28,2,37400000.0000,'2023-12-25 00:00:00','929',8,NULL,'2023-12-24 17:00:00','2024-04-10 19:52:24'),(51,51,33,2,3700004.0000,'2023-12-26 00:00:00','1951',8,NULL,'2023-12-25 17:00:00','2024-04-10 19:52:24'),(52,52,34,2,0.0000,'2024-04-04 00:00:00','0',8,NULL,'2024-04-03 17:00:00','2024-04-10 19:52:24'),(53,53,35,2,16500000.0000,'2024-01-12 00:00:00','1',8,NULL,'2024-01-11 17:00:00','2024-04-10 19:52:24'),(54,54,36,2,6270000.0000,'2024-01-26 00:00:00','0000237\n0000251',8,NULL,'2024-01-25 17:00:00','2024-04-10 19:52:24'),(55,55,36,2,880000.0000,'2024-01-29 00:00:00','0000251',8,NULL,'2024-01-28 17:00:00','2024-04-10 19:52:24'),(56,56,27,2,6679999.7000,'2024-02-19 00:00:00','00006540',8,NULL,'2024-02-18 17:00:00','2024-04-10 19:52:24'),(57,57,36,2,4136000.0000,'2024-01-29 00:00:00','00000251',8,NULL,'2024-01-28 17:00:00','2024-04-10 19:52:24'),(58,58,37,2,2805000.0000,'2024-01-24 00:00:00','00000608',8,NULL,'2024-01-23 17:00:00','2024-04-10 19:52:24'),(59,59,38,2,278999.6000,'2024-02-02 00:00:00','00000464',8,NULL,'2024-02-01 17:00:00','2024-04-10 19:52:24'),(60,60,34,2,0.0000,'2024-04-04 00:00:00','0',8,NULL,'2024-04-03 17:00:00','2024-04-10 19:52:24'),(61,61,38,2,520920.0000,'2024-02-02 00:00:00','00000463',8,NULL,'2024-02-01 17:00:00','2024-04-10 19:52:24'),(62,62,39,2,3719999.8000,'2024-02-21 00:00:00','00000183',8,NULL,'2024-02-20 17:00:00','2024-04-10 19:52:24'),(63,63,40,2,13779999.2000,'2024-02-28 00:00:00','348960',8,NULL,'2024-02-27 17:00:00','2024-04-10 19:52:24'),(64,64,29,2,239580000.0000,'2024-01-30 00:00:00','00000242',8,NULL,'2024-01-29 17:00:00','2024-04-10 19:52:24'),(65,65,41,2,124200000.0000,'2024-04-04 00:00:00','98',8,NULL,'2024-04-03 17:00:00','2024-04-10 19:52:24'),(66,66,42,2,2163700.0000,'2024-02-26 00:00:00','00000182',8,NULL,'2024-02-25 17:00:00','2024-04-10 19:52:24'),(67,67,37,2,15840000.0000,'2024-03-02 00:00:00','00001263',8,NULL,'2024-03-01 17:00:00','2024-04-10 19:52:24'),(68,68,43,2,5060110.0000,'2024-02-26 00:00:00','538',8,NULL,'2024-02-25 17:00:00','2024-04-10 19:52:24'),(69,69,44,2,186450000.0000,'2024-03-05 00:00:00','00000047',8,NULL,'2024-03-04 17:00:00','2024-04-10 19:52:24'),(70,70,45,2,92771000.0000,'2024-03-04 00:00:00','3602',8,NULL,'2024-03-03 17:00:00','2024-04-10 19:52:24'),(71,71,34,2,0.0000,'2024-04-04 00:00:00','0',8,NULL,'2024-04-03 17:00:00','2024-04-10 19:52:24'),(72,72,35,2,5720000.0000,'2024-03-12 00:00:00','2',8,NULL,'2024-03-11 17:00:00','2024-04-10 19:52:24'),(73,73,46,2,1980000.0000,'2024-03-05 00:00:00','00000123',8,NULL,'2024-03-04 17:00:00','2024-04-10 19:52:24'),(74,74,47,2,13200000.0000,'2024-03-11 00:00:00','00000092',8,NULL,'2024-03-10 17:00:00','2024-04-10 19:52:24'),(75,75,48,2,1296000.0000,'2024-03-20 00:00:00','00000439',8,NULL,'2024-03-19 17:00:00','2024-04-10 19:52:24'),(76,76,30,2,749999.9100,'2024-03-05 00:00:00','00004160',8,NULL,'2024-03-04 17:00:00','2024-04-10 19:52:24'),(77,77,49,2,2068000.0000,'2024-03-04 00:00:00','1907',8,NULL,'2024-03-03 17:00:00','2024-04-10 19:52:24'),(78,78,42,2,1425000.5000,'2024-03-05 00:00:00','00000214',8,NULL,'2024-03-04 17:00:00','2024-04-10 19:52:24'),(79,79,50,2,1499999.6000,'2024-03-05 00:00:00','63',8,NULL,'2024-03-04 17:00:00','2024-04-10 19:52:24'),(80,80,27,2,2200000.0000,'2024-03-05 00:00:00','00009831',8,NULL,'2024-03-04 17:00:00','2024-04-10 19:52:24'),(81,87,51,2,11000000.0000,'2024-05-14 00:00:00','SHD-01',5,5,'2024-05-14 02:40:34',NULL),(82,95,57,2,11000000.0000,'2024-05-18 00:00:00','SHD-01',20,20,'2024-05-18 12:03:02',NULL),(83,94,56,2,18700000.0000,'2024-05-18 00:00:00','SHD-02',20,20,'2024-05-18 12:03:16',NULL),(84,93,55,2,16940000.0000,'2024-05-18 00:00:00','SHD-03',20,20,'2024-05-18 12:04:34',NULL),(85,91,53,2,13200000.0000,'2024-05-18 00:00:00','SHD-04',20,20,'2024-05-18 12:04:40',NULL),(86,92,54,2,7150000.0000,'2024-05-18 00:00:00','SHD-05',20,20,'2024-05-18 12:04:46',NULL),(89,96,57,2,36300000.0000,'2024-05-18 00:00:00','SHD-06',20,20,'2024-05-18 13:35:42',NULL),(90,90,52,2,8680000.0000,'2024-05-20 00:00:00','SHD-01',9,9,'2024-05-20 03:47:58',NULL),(91,89,52,2,27100000.0000,'2024-05-20 00:00:00','SHD-02',9,9,'2024-05-20 03:48:27',NULL),(92,104,61,1,11000000.0000,'2024-05-20 00:00:00','SHD-01',22,22,'2024-05-20 07:57:02',NULL);
/*!40000 ALTER TABLE `reciept` ENABLE KEYS */;
UNLOCK TABLES;

--
-- Table structure for table `represent_guest`
--

DROP TABLE IF EXISTS `represent_guest`;
/*!40101 SET @saved_cs_client     = @@character_set_client */;
/*!40101 SET character_set_client = utf8 */;
CREATE TABLE `represent_guest` (
  `id` bigint(20) unsigned NOT NULL AUTO_INCREMENT,
  `guest_id` int(11) NOT NULL,
  `represent_name` varchar(255) NOT NULL,
  `represent_email` varchar(255) DEFAULT NULL,
  `represent_phone` varchar(255) DEFAULT NULL,
  `represent_address` varchar(255) DEFAULT NULL,
  `default_guest` int(11) DEFAULT NULL,
  `workspace_id` int(11) DEFAULT NULL,
  `user_id` int(11) DEFAULT NULL,
  `created_at` timestamp NULL DEFAULT NULL,
  `updated_at` timestamp NULL DEFAULT NULL,
  PRIMARY KEY (`id`)
) ENGINE=InnoDB AUTO_INCREMENT=5 DEFAULT CHARSET=utf8mb4 COLLATE=utf8mb4_unicode_ci;
/*!40101 SET character_set_client = @saved_cs_client */;

--
-- Dumping data for table `represent_guest`
--

LOCK TABLES `represent_guest` WRITE;
/*!40000 ALTER TABLE `represent_guest` DISABLE KEYS */;
INSERT INTO `represent_guest` VALUES (1,22,'Mr. Mai',NULL,'0933747371',NULL,0,8,5,'2024-04-24 10:51:15','2024-04-24 10:51:15'),(2,23,'Mr. Hoài',NULL,NULL,NULL,NULL,16,16,'2024-05-02 02:38:19','2024-05-02 02:38:19'),(3,25,'1',NULL,NULL,NULL,NULL,19,19,'2024-05-06 07:10:55','2024-05-06 07:10:55'),(4,26,'a A','abcd@acd.com','0834261422','29 HHT',0,5,5,'2024-05-20 02:40:45','2024-05-20 02:40:45');
/*!40000 ALTER TABLE `represent_guest` ENABLE KEYS */;
UNLOCK TABLES;

--
-- Table structure for table `represent_provide`
--

DROP TABLE IF EXISTS `represent_provide`;
/*!40101 SET @saved_cs_client     = @@character_set_client */;
/*!40101 SET character_set_client = utf8 */;
CREATE TABLE `represent_provide` (
  `id` bigint(20) unsigned NOT NULL AUTO_INCREMENT,
  `provide_id` int(11) NOT NULL,
  `represent_name` varchar(255) NOT NULL,
  `represent_email` varchar(255) DEFAULT NULL,
  `represent_phone` varchar(255) DEFAULT NULL,
  `represent_address` varchar(255) DEFAULT NULL,
  `workspace_id` int(11) DEFAULT NULL,
  `user_id` int(11) DEFAULT NULL,
  `default` int(11) DEFAULT NULL,
  `created_at` timestamp NULL DEFAULT NULL,
  `updated_at` timestamp NULL DEFAULT NULL,
  PRIMARY KEY (`id`)
) ENGINE=InnoDB DEFAULT CHARSET=utf8mb4 COLLATE=utf8mb4_unicode_ci;
/*!40101 SET character_set_client = @saved_cs_client */;

--
-- Dumping data for table `represent_provide`
--

LOCK TABLES `represent_provide` WRITE;
/*!40000 ALTER TABLE `represent_provide` DISABLE KEYS */;
/*!40000 ALTER TABLE `represent_provide` ENABLE KEYS */;
UNLOCK TABLES;

--
-- Table structure for table `role_user`
--

DROP TABLE IF EXISTS `role_user`;
/*!40101 SET @saved_cs_client     = @@character_set_client */;
/*!40101 SET character_set_client = utf8 */;
CREATE TABLE `role_user` (
  `id` bigint(20) unsigned NOT NULL AUTO_INCREMENT,
  `user_id` bigint(20) unsigned NOT NULL,
  `role_id` bigint(20) unsigned NOT NULL,
  `workspace_id` int(11) DEFAULT NULL,
  `created_at` timestamp NULL DEFAULT NULL,
  `updated_at` timestamp NULL DEFAULT NULL,
  PRIMARY KEY (`id`)
) ENGINE=InnoDB DEFAULT CHARSET=utf8mb4 COLLATE=utf8mb4_unicode_ci;
/*!40101 SET character_set_client = @saved_cs_client */;

--
-- Dumping data for table `role_user`
--

LOCK TABLES `role_user` WRITE;
/*!40000 ALTER TABLE `role_user` DISABLE KEYS */;
/*!40000 ALTER TABLE `role_user` ENABLE KEYS */;
UNLOCK TABLES;

--
-- Table structure for table `roles`
--

DROP TABLE IF EXISTS `roles`;
/*!40101 SET @saved_cs_client     = @@character_set_client */;
/*!40101 SET character_set_client = utf8 */;
CREATE TABLE `roles` (
  `id` bigint(20) unsigned NOT NULL AUTO_INCREMENT,
  `name` varchar(255) NOT NULL,
  `workspace_id` int(11) DEFAULT NULL,
  `shortname` varchar(255) DEFAULT NULL,
  `description` varchar(255) NOT NULL,
  `permission` varchar(255) DEFAULT NULL,
  `created_at` timestamp NULL DEFAULT NULL,
  `updated_at` timestamp NULL DEFAULT NULL,
  PRIMARY KEY (`id`)
) ENGINE=InnoDB AUTO_INCREMENT=3 DEFAULT CHARSET=utf8mb4 COLLATE=utf8mb4_unicode_ci;
/*!40101 SET character_set_client = @saved_cs_client */;

--
-- Dumping data for table `roles`
--

LOCK TABLES `roles` WRITE;
/*!40000 ALTER TABLE `roles` DISABLE KEYS */;
INSERT INTO `roles` VALUES (1,'SupperADMIN',NULL,'spAdmin','SupperADMIN',NULL,NULL,NULL),(2,'Admin',NULL,'admin','Admin',NULL,NULL,NULL);
/*!40000 ALTER TABLE `roles` ENABLE KEYS */;
UNLOCK TABLES;

--
-- Table structure for table `serialnumber`
--

DROP TABLE IF EXISTS `serialnumber`;
/*!40101 SET @saved_cs_client     = @@character_set_client */;
/*!40101 SET character_set_client = utf8 */;
CREATE TABLE `serialnumber` (
  `id` bigint(20) unsigned NOT NULL AUTO_INCREMENT,
  `serinumber` varchar(255) NOT NULL,
  `receive_id` int(11) NOT NULL,
  `detailimport_id` int(11) NOT NULL,
  `quoteImport_id` int(11) DEFAULT NULL,
  `detailexport_id` int(11) NOT NULL,
  `product_id` bigint(20) unsigned DEFAULT NULL,
  `status` int(11) NOT NULL,
  `workspace_id` int(11) DEFAULT NULL,
  `user_id` int(11) DEFAULT NULL,
  `created_at` timestamp NULL DEFAULT NULL,
  `updated_at` timestamp NULL DEFAULT NULL,
  `delivery_id` int(11) DEFAULT NULL,
  PRIMARY KEY (`id`),
  KEY `serialnumber_product_id_foreign` (`product_id`),
  CONSTRAINT `serialnumber_product_id_foreign` FOREIGN KEY (`product_id`) REFERENCES `products` (`id`)
) ENGINE=InnoDB AUTO_INCREMENT=538 DEFAULT CHARSET=utf8mb4 COLLATE=utf8mb4_unicode_ci;
/*!40101 SET character_set_client = @saved_cs_client */;

--
-- Dumping data for table `serialnumber`
--

LOCK TABLES `serialnumber` WRITE;
/*!40000 ALTER TABLE `serialnumber` DISABLE KEYS */;
INSERT INTO `serialnumber` VALUES (331,'GBHNX8CH',3,3,3,3,3,1,2,NULL,'2024-04-09 03:49:06','2024-04-09 03:49:06',3),(332,'FG5H1E5818906112',4,4,4,4,4,1,2,NULL,'2024-04-09 03:49:06','2024-04-09 03:49:06',4),(333,'FE200E3A17000782',4,4,5,4,5,1,2,NULL,'2024-04-09 03:49:06','2024-04-09 03:49:06',4),(334,'FC1-10-EMS04-429-01-12',4,4,6,4,6,1,2,NULL,'2024-04-09 03:49:06','2024-04-09 03:49:06',4),(335,'FV400DTA18000043',4,4,7,4,7,1,2,NULL,'2024-04-09 03:49:06','2024-04-09 03:49:06',4),(336,'GBDV6C6T',5,5,8,4,8,1,2,NULL,'2024-04-09 03:49:06','2024-04-09 03:49:06',4),(337,'FM14130030R',9,9,12,7,12,1,2,NULL,'2024-04-09 03:49:06','2024-04-09 03:49:06',7),(338,'17038523300748',10,10,14,8,14,1,2,NULL,'2024-04-09 03:49:06','2024-04-09 03:49:06',8),(339,'17038523300275',10,10,14,8,14,1,2,NULL,'2024-04-09 03:49:06','2024-04-09 03:49:06',8),(340,'17038523300762',10,10,14,8,14,1,2,NULL,'2024-04-09 03:49:06','2024-04-09 03:49:06',8),(341,'17038523300759',10,10,14,8,14,1,2,NULL,'2024-04-09 03:49:06','2024-04-09 03:49:06',8),(342,'17036523300128',10,10,14,8,14,1,2,NULL,'2024-04-09 03:49:06','2024-04-09 03:49:06',8),(343,'17036523300089',10,10,14,8,14,1,2,NULL,'2024-04-09 03:49:06','2024-04-09 03:49:06',8),(344,'17037523300228',10,10,14,8,14,1,2,NULL,'2024-04-09 03:49:06','2024-04-09 03:49:06',8),(345,'17037523300365',10,10,14,8,14,1,2,NULL,'2024-04-09 03:49:06','2024-04-09 03:49:06',8),(346,'17037523300181',10,10,14,8,14,1,2,NULL,'2024-04-09 03:49:06','2024-04-09 03:49:06',8),(347,'17037523300339',10,10,14,8,14,1,2,NULL,'2024-04-09 03:49:06','2024-04-09 03:49:06',8),(348,'FOC1706Z399',13,13,17,10,17,1,2,NULL,'2024-04-09 03:49:06','2024-04-09 03:49:06',10),(349,'FOC1542Z29E',13,13,17,10,17,1,2,NULL,'2024-04-09 03:49:06','2024-04-09 03:49:06',10),(350,'FOC1750V32X',13,13,17,10,17,1,2,NULL,'2024-04-09 03:49:06','2024-04-09 03:49:06',10),(351,'FOC1644Z3RT',13,13,17,10,17,1,2,NULL,'2024-04-09 03:49:06','2024-04-09 03:49:06',10),(352,'FOC1750V35C',13,13,17,10,17,1,2,NULL,'2024-04-09 03:49:06','2024-04-09 03:49:06',10),(353,'231109W0281',15,15,19,11,19,1,2,NULL,'2024-04-09 03:49:06','2024-04-09 03:49:06',11),(354,'231109W0282',15,15,19,11,19,1,2,NULL,'2024-04-09 03:49:06','2024-04-09 03:49:06',11),(355,'231109W0283',15,15,19,11,19,1,2,NULL,'2024-04-09 03:49:06','2024-04-09 03:49:06',11),(356,'231109W0284',15,15,19,11,19,1,2,NULL,'2024-04-09 03:49:06','2024-04-09 03:49:06',11),(357,'231109W0285',15,15,19,11,19,1,2,NULL,'2024-04-09 03:49:06','2024-04-09 03:49:06',11),(358,'231109W0286',15,15,19,11,19,1,2,NULL,'2024-04-09 03:49:06','2024-04-09 03:49:06',11),(359,'231109W0287',15,15,19,11,19,1,2,NULL,'2024-04-09 03:49:06','2024-04-09 03:49:06',11),(360,'231109W0288',15,15,19,11,19,1,2,NULL,'2024-04-09 03:49:06','2024-04-09 03:49:06',11),(361,'231109W0289',15,15,19,11,19,1,2,NULL,'2024-04-09 03:49:06','2024-04-09 03:49:06',11),(362,'231109W0290',15,15,19,11,19,1,2,NULL,'2024-04-09 03:49:06','2024-04-09 03:49:06',11),(363,'231107W0059',15,15,19,11,19,1,2,NULL,'2024-04-09 03:49:06','2024-04-09 03:49:06',11),(364,'231107W0048',15,15,19,11,19,1,2,NULL,'2024-04-09 03:49:06','2024-04-09 03:49:06',11),(365,'231107W0046',15,15,19,11,19,1,2,NULL,'2024-04-09 03:49:06','2024-04-09 03:49:06',11),(366,'231107W0043',15,15,19,11,19,1,2,NULL,'2024-04-09 03:49:06','2024-04-09 03:49:06',11),(367,'231107W0045',15,15,19,11,19,1,2,NULL,'2024-04-09 03:49:06','2024-04-09 03:49:06',11),(368,'231107W0249',15,15,19,11,19,1,2,NULL,'2024-04-09 03:49:06','2024-04-09 03:49:06',11),(369,'231107W0250',15,15,19,11,19,1,2,NULL,'2024-04-09 03:49:06','2024-04-09 03:49:06',11),(370,'231107W0241',15,15,19,11,19,1,2,NULL,'2024-04-09 03:49:06','2024-04-09 03:49:06',11),(371,'231107W0242',15,15,19,11,19,1,2,NULL,'2024-04-09 03:49:06','2024-04-09 03:49:06',11),(372,'231107W0243',15,15,19,11,19,1,2,NULL,'2024-04-09 03:49:06','2024-04-09 03:49:06',11),(373,'231107W0244',15,15,19,11,19,1,2,NULL,'2024-04-09 03:49:06','2024-04-09 03:49:06',11),(374,'231107W0245',15,15,19,11,19,1,2,NULL,'2024-04-09 03:49:06','2024-04-09 03:49:06',11),(375,'231107W0247',15,15,19,11,19,1,2,NULL,'2024-04-09 03:49:06','2024-04-09 03:49:06',11),(376,'231107W0246',15,15,19,11,19,1,2,NULL,'2024-04-09 03:49:06','2024-04-09 03:49:06',11),(377,'231107W0248',15,15,19,11,19,1,2,NULL,'2024-04-09 03:49:06','2024-04-09 03:49:06',11),(378,'231107W0049',15,15,19,11,19,1,2,NULL,'2024-04-09 03:49:06','2024-04-09 03:49:06',11),(379,'231107W0047',15,15,19,11,19,1,2,NULL,'2024-04-09 03:49:06','2024-04-09 03:49:06',11),(380,'231107W0042',15,15,19,11,19,1,2,NULL,'2024-04-09 03:49:06','2024-04-09 03:49:06',11),(381,'231107W0044',15,15,19,11,19,1,2,NULL,'2024-04-09 03:49:06','2024-04-09 03:49:06',11),(382,'231107W0042',15,15,19,11,19,1,2,NULL,'2024-04-09 03:49:06','2024-04-09 03:49:06',11),(383,'211020W0041',17,17,21,13,21,1,2,NULL,'2024-04-09 03:49:06','2024-04-09 03:49:06',13),(384,'211020W0042',17,17,21,13,21,1,2,NULL,'2024-04-09 03:49:06','2024-04-09 03:49:06',13),(385,'211020W0043',17,17,21,13,21,1,2,NULL,'2024-04-09 03:49:06','2024-04-09 03:49:06',13),(386,'211020W0046',17,17,21,13,21,1,2,NULL,'2024-04-09 03:49:06','2024-04-09 03:49:06',13),(387,'211020W0047',17,17,21,13,21,1,2,NULL,'2024-04-09 03:49:06','2024-04-09 03:49:06',13),(388,'211020W0048',17,17,21,13,21,1,2,NULL,'2024-04-09 03:49:06','2024-04-09 03:49:06',13),(389,'211020W0049',17,17,21,13,21,1,2,NULL,'2024-04-09 03:49:06','2024-04-09 03:49:06',13),(390,'211020W0050',17,17,21,13,21,1,2,NULL,'2024-04-09 03:49:06','2024-04-09 03:49:06',13),(391,'211020W0174',17,17,22,13,22,1,2,NULL,'2024-04-09 03:49:06','2024-04-09 03:49:06',13),(392,'211020W0172',17,17,22,13,22,1,2,NULL,'2024-04-09 03:49:06','2024-04-09 03:49:06',13),(393,'211020W0173',17,17,22,13,22,1,2,NULL,'2024-04-09 03:49:06','2024-04-09 03:49:06',13),(394,'211020W0175',17,17,22,13,22,1,2,NULL,'2024-04-09 03:49:06','2024-04-09 03:49:06',13),(395,'211020W0177',17,17,22,13,22,1,2,NULL,'2024-04-09 03:49:06','2024-04-09 03:49:06',13),(396,'211020W0298',17,17,22,13,22,1,2,NULL,'2024-04-09 03:49:06','2024-04-09 03:49:06',13),(397,'211020W171',17,17,22,13,22,1,2,NULL,'2024-04-09 03:49:06','2024-04-09 03:49:06',13),(398,'211020W179',17,17,22,13,22,1,2,NULL,'2024-04-09 03:49:06','2024-04-09 03:49:06',13),(399,'JPG254200XJ',29,29,34,22,34,1,2,NULL,'2024-04-09 03:49:06','2024-04-09 03:49:06',22),(400,'JPG252500A0',29,29,34,22,34,1,2,NULL,'2024-04-09 03:49:06','2024-04-09 03:49:06',22),(401,'AVD2308W2YR',29,29,35,22,35,1,2,NULL,'2024-04-09 03:49:06','2024-04-09 03:49:06',22),(402,'AVD2308W0WG',29,29,35,22,35,1,2,NULL,'2024-04-09 03:49:06','2024-04-09 03:49:06',22),(403,'AVD2308W0K5',29,29,35,22,35,1,2,NULL,'2024-04-09 03:49:06','2024-04-09 03:49:06',22),(404,'AVD2308W2YC',29,29,35,22,35,1,2,NULL,'2024-04-09 03:49:06','2024-04-09 03:49:06',22),(405,'AVD2241W18P',29,29,35,22,35,1,2,NULL,'2024-04-09 03:49:06','2024-04-09 03:49:06',22),(406,'AVD2241W59J',29,29,35,22,35,1,2,NULL,'2024-04-09 03:49:06','2024-04-09 03:49:06',22),(407,'AVD2241W598',29,29,35,22,35,1,2,NULL,'2024-04-09 03:49:06','2024-04-09 03:49:06',22),(408,'AVD2241W5KV',29,29,35,22,35,1,2,NULL,'2024-04-09 03:49:06','2024-04-09 03:49:06',22),(409,'AVD2310W4UW',29,29,35,22,35,1,2,NULL,'2024-04-09 03:49:06','2024-04-09 03:49:06',22),(410,'AVD2241W3B6',29,29,35,22,35,1,2,NULL,'2024-04-09 03:49:06','2024-04-09 03:49:06',22),(411,'CN70255L94',34,34,40,26,40,1,2,NULL,'2024-04-09 03:49:06','2024-04-09 03:49:06',26),(412,'CN70255LMS',34,34,40,26,40,1,2,NULL,'2024-04-09 03:49:06','2024-04-09 03:49:06',26),(413,'GBHNX8CH',43,43,49,30,49,1,8,NULL,'2024-04-10 20:07:25','2024-04-10 20:07:25',30),(414,'FG5H1E5818906112',44,44,50,31,50,1,8,NULL,'2024-04-10 20:07:25','2024-04-10 20:07:25',31),(415,'FE200E3A17000782',44,44,51,31,51,1,8,NULL,'2024-04-10 20:07:25','2024-04-10 20:07:25',31),(416,'FC1-10-EMS04-429-01-12',44,44,52,31,52,1,8,NULL,'2024-04-10 20:07:25','2024-04-10 20:07:25',31),(417,'FV400DTA18000043',44,44,53,31,53,1,8,NULL,'2024-04-10 20:07:25','2024-04-10 20:07:25',31),(418,'GBDV6C6T',45,45,54,31,54,1,8,NULL,'2024-04-10 20:07:25','2024-04-10 20:07:25',31),(419,'FM14130030R',49,49,58,34,58,1,8,NULL,'2024-04-10 20:07:25','2024-04-10 20:07:25',34),(420,'17038523300748',50,50,60,35,60,1,8,NULL,'2024-04-10 20:07:25','2024-04-10 20:07:25',35),(421,'17038523300275',50,50,60,35,60,1,8,NULL,'2024-04-10 20:07:25','2024-04-10 20:07:25',35),(422,'17038523300762',50,50,60,35,60,1,8,NULL,'2024-04-10 20:07:25','2024-04-10 20:07:25',35),(423,'17038523300759',50,50,60,35,60,1,8,NULL,'2024-04-10 20:07:25','2024-04-10 20:07:25',35),(424,'17036523300128',50,50,60,35,60,1,8,NULL,'2024-04-10 20:07:25','2024-04-10 20:07:25',35),(425,'17036523300089',50,50,60,35,60,1,8,NULL,'2024-04-10 20:07:25','2024-04-10 20:07:25',35),(426,'17037523300228',50,50,60,35,60,1,8,NULL,'2024-04-10 20:07:25','2024-04-10 20:07:25',35),(427,'17037523300365',50,50,60,35,60,1,8,NULL,'2024-04-10 20:07:25','2024-04-10 20:07:25',35),(428,'17037523300181',50,50,60,35,60,1,8,NULL,'2024-04-10 20:07:25','2024-04-10 20:07:25',35),(429,'17037523300339',50,50,60,35,60,1,8,NULL,'2024-04-10 20:07:25','2024-04-10 20:07:25',35),(430,'FOC1706Z399',53,53,63,37,63,1,8,NULL,'2024-04-10 20:07:25','2024-04-10 20:07:25',37),(431,'FOC1542Z29E',53,53,63,37,63,1,8,NULL,'2024-04-10 20:07:25','2024-04-10 20:07:25',37),(432,'FOC1750V32X',53,53,63,37,63,1,8,NULL,'2024-04-10 20:07:25','2024-04-10 20:07:25',37),(433,'FOC1644Z3RT',53,53,63,37,63,1,8,NULL,'2024-04-10 20:07:25','2024-04-10 20:07:25',37),(434,'FOC1750V35C',53,53,63,37,63,1,8,NULL,'2024-04-10 20:07:25','2024-04-10 20:07:25',37),(435,'231109W0281',55,55,65,38,65,1,8,NULL,'2024-04-10 20:07:25','2024-04-10 20:07:25',38),(436,'231109W0282',55,55,65,38,65,1,8,NULL,'2024-04-10 20:07:25','2024-04-10 20:07:25',38),(437,'231109W0283',55,55,65,38,65,1,8,NULL,'2024-04-10 20:07:25','2024-04-10 20:07:25',38),(438,'231109W0284',55,55,65,38,65,1,8,NULL,'2024-04-10 20:07:25','2024-04-10 20:07:25',38),(439,'231109W0285',55,55,65,38,65,1,8,NULL,'2024-04-10 20:07:25','2024-04-10 20:07:25',38),(440,'231109W0286',55,55,65,38,65,1,8,NULL,'2024-04-10 20:07:25','2024-04-10 20:07:25',38),(441,'231109W0287',55,55,65,38,65,1,8,NULL,'2024-04-10 20:07:25','2024-04-10 20:07:25',38),(442,'231109W0288',55,55,65,38,65,1,8,NULL,'2024-04-10 20:07:25','2024-04-10 20:07:25',38),(443,'231109W0289',55,55,65,38,65,1,8,NULL,'2024-04-10 20:07:25','2024-04-10 20:07:25',38),(444,'231109W0290',55,55,65,38,65,1,8,NULL,'2024-04-10 20:07:25','2024-04-10 20:07:25',38),(445,'231107W0059',55,55,65,38,65,1,8,NULL,'2024-04-10 20:07:25','2024-04-10 20:07:25',38),(446,'231107W0048',55,55,65,38,65,1,8,NULL,'2024-04-10 20:07:25','2024-04-10 20:07:25',38),(447,'231107W0046',55,55,65,38,65,1,8,NULL,'2024-04-10 20:07:25','2024-04-10 20:07:25',38),(448,'231107W0043',55,55,65,38,65,1,8,NULL,'2024-04-10 20:07:25','2024-04-10 20:07:25',38),(449,'231107W0045',55,55,65,38,65,1,8,NULL,'2024-04-10 20:07:25','2024-04-10 20:07:25',38),(450,'231107W0249',55,55,65,38,65,1,8,NULL,'2024-04-10 20:07:25','2024-04-10 20:07:25',38),(451,'231107W0250',55,55,65,38,65,1,8,NULL,'2024-04-10 20:07:25','2024-04-10 20:07:25',38),(452,'231107W0241',55,55,65,38,65,1,8,NULL,'2024-04-10 20:07:25','2024-04-10 20:07:25',38),(453,'231107W0242',55,55,65,38,65,1,8,NULL,'2024-04-10 20:07:25','2024-04-10 20:07:25',38),(454,'231107W0243',55,55,65,38,65,1,8,NULL,'2024-04-10 20:07:25','2024-04-10 20:07:25',38),(455,'231107W0244',55,55,65,38,65,1,8,NULL,'2024-04-10 20:07:25','2024-04-10 20:07:25',38),(456,'231107W0245',55,55,65,38,65,1,8,NULL,'2024-04-10 20:07:25','2024-04-10 20:07:25',38),(457,'231107W0247',55,55,65,38,65,1,8,NULL,'2024-04-10 20:07:25','2024-04-10 20:07:25',38),(458,'231107W0246',55,55,65,38,65,1,8,NULL,'2024-04-10 20:07:25','2024-04-10 20:07:25',38),(459,'231107W0248',55,55,65,38,65,1,8,NULL,'2024-04-10 20:07:25','2024-04-10 20:07:25',38),(460,'231107W0049',55,55,65,38,65,1,8,NULL,'2024-04-10 20:07:25','2024-04-10 20:07:25',38),(461,'231107W0047',55,55,65,38,65,1,8,NULL,'2024-04-10 20:07:25','2024-04-10 20:07:25',38),(462,'231107W0042',55,55,65,38,65,1,8,NULL,'2024-04-10 20:07:25','2024-04-10 20:07:25',38),(463,'231107W0044',55,55,65,38,65,1,8,NULL,'2024-04-10 20:07:25','2024-04-10 20:07:25',38),(464,'231107W0042',55,55,65,38,65,1,8,NULL,'2024-04-10 20:07:25','2024-04-10 20:07:25',38),(465,'211020W0041',57,57,67,40,67,1,8,NULL,'2024-04-10 20:07:25','2024-04-10 20:07:25',40),(466,'211020W0042',57,57,67,40,67,1,8,NULL,'2024-04-10 20:07:25','2024-04-10 20:07:25',40),(467,'211020W0043',57,57,67,40,67,1,8,NULL,'2024-04-10 20:07:25','2024-04-10 20:07:25',40),(468,'211020W0046',57,57,67,40,67,1,8,NULL,'2024-04-10 20:07:25','2024-04-10 20:07:25',40),(469,'211020W0047',57,57,67,40,67,1,8,NULL,'2024-04-10 20:07:25','2024-04-10 20:07:25',40),(470,'211020W0048',57,57,67,40,67,1,8,NULL,'2024-04-10 20:07:25','2024-04-10 20:07:25',40),(471,'211020W0049',57,57,67,40,67,1,8,NULL,'2024-04-10 20:07:25','2024-04-10 20:07:25',40),(472,'211020W0050',57,57,67,40,67,1,8,NULL,'2024-04-10 20:07:25','2024-04-10 20:07:25',40),(473,'211020W0174',57,57,68,40,68,1,8,NULL,'2024-04-10 20:07:25','2024-04-10 20:07:25',40),(474,'211020W0172',57,57,68,40,68,1,8,NULL,'2024-04-10 20:07:25','2024-04-10 20:07:25',40),(475,'211020W0173',57,57,68,40,68,1,8,NULL,'2024-04-10 20:07:25','2024-04-10 20:07:25',40),(476,'211020W0175',57,57,68,40,68,1,8,NULL,'2024-04-10 20:07:25','2024-04-10 20:07:25',40),(477,'211020W0177',57,57,68,40,68,1,8,NULL,'2024-04-10 20:07:25','2024-04-10 20:07:25',40),(478,'211020W0298',57,57,68,40,68,1,8,NULL,'2024-04-10 20:07:25','2024-04-10 20:07:25',40),(479,'211020W171',57,57,68,40,68,1,8,NULL,'2024-04-10 20:07:25','2024-04-10 20:07:25',40),(480,'211020W179',57,57,68,40,68,1,8,NULL,'2024-04-10 20:07:25','2024-04-10 20:07:25',40),(481,'JPG254200XJ',69,69,80,49,80,1,8,NULL,'2024-04-10 20:07:25','2024-04-10 20:07:25',49),(482,'JPG252500A0',69,69,80,49,80,1,8,NULL,'2024-04-10 20:07:25','2024-04-10 20:07:25',49),(483,'AVD2308W2YR',69,69,81,49,81,1,8,NULL,'2024-04-10 20:07:25','2024-04-10 20:07:25',49),(484,'AVD2308W0WG',69,69,81,49,81,1,8,NULL,'2024-04-10 20:07:25','2024-04-10 20:07:25',49),(485,'AVD2308W0K5',69,69,81,49,81,1,8,NULL,'2024-04-10 20:07:25','2024-04-10 20:07:25',49),(486,'AVD2308W2YC',69,69,81,49,81,1,8,NULL,'2024-04-10 20:07:25','2024-04-10 20:07:25',49),(487,'AVD2241W18P',69,69,81,49,81,1,8,NULL,'2024-04-10 20:07:25','2024-04-10 20:07:25',49),(488,'AVD2241W59J',69,69,81,49,81,1,8,NULL,'2024-04-10 20:07:25','2024-04-10 20:07:25',49),(489,'AVD2241W598',69,69,81,49,81,1,8,NULL,'2024-04-10 20:07:25','2024-04-10 20:07:25',49),(490,'AVD2241W5KV',69,69,81,49,81,1,8,NULL,'2024-04-10 20:07:25','2024-04-10 20:07:25',49),(491,'AVD2310W4UW',69,69,81,49,81,1,8,NULL,'2024-04-10 20:07:25','2024-04-10 20:07:25',49),(492,'AVD2241W3B6',69,69,81,49,81,1,8,NULL,'2024-04-10 20:07:25','2024-04-10 20:07:25',49),(493,'CN70255L94',74,74,86,53,86,1,8,NULL,'2024-04-10 20:07:25','2024-04-10 20:07:25',53),(494,'CN70255LMS',74,74,86,53,86,1,8,NULL,'2024-04-10 20:07:25','2024-04-10 20:07:25',53),(500,'1',85,85,101,0,94,1,8,5,'2024-04-24 14:44:16',NULL,NULL),(501,'2',85,85,101,0,94,1,8,5,'2024-04-24 14:44:16',NULL,NULL),(502,'3',85,85,101,0,94,1,8,5,'2024-04-24 14:44:16',NULL,NULL),(503,'1',85,85,102,0,95,1,8,5,'2024-04-24 14:44:16',NULL,NULL),(504,'2',85,85,102,0,95,1,8,5,'2024-04-24 14:44:16',NULL,NULL),(505,'3',85,85,102,0,95,1,8,5,'2024-04-24 14:44:16',NULL,NULL),(506,'1',85,85,103,0,96,1,8,5,'2024-04-24 14:44:16','2024-05-06 03:36:51',0),(507,'2',85,85,103,0,96,1,8,5,'2024-04-24 14:44:16',NULL,NULL),(508,'3',85,85,103,0,96,1,8,5,'2024-04-24 14:44:16',NULL,NULL),(509,'XNK0001',87,87,105,63,100,2,5,5,'2024-05-14 02:37:55','2024-05-14 02:38:15',59),(510,'XNK0002',87,87,105,0,100,1,5,5,'2024-05-14 02:37:55','2024-05-14 02:58:08',0),(511,'XNK0003',87,87,105,0,100,1,5,5,'2024-05-14 02:37:55',NULL,NULL),(512,'XNK0004',87,87,105,0,100,1,5,5,'2024-05-14 02:37:55',NULL,NULL),(513,'XNK0005',87,87,105,0,100,1,5,5,'2024-05-14 02:37:55',NULL,NULL),(514,'VVA001',87,87,106,63,101,2,5,5,'2024-05-14 02:37:55','2024-05-14 02:38:15',59),(515,'VVA002',87,87,106,63,101,2,5,5,'2024-05-14 02:37:55','2024-05-14 02:38:15',59),(516,'VVA003',87,87,106,0,101,1,5,5,'2024-05-14 02:37:55',NULL,NULL),(517,'VVA004',87,87,106,0,101,1,5,5,'2024-05-14 02:37:55',NULL,NULL),(518,'VVA005',87,87,106,0,101,1,5,5,'2024-05-14 02:37:55',NULL,NULL),(529,'111',99,99,124,88,116,2,11,11,'2024-05-20 03:58:38','2024-05-21 02:19:49',102),(530,'222',99,99,124,87,116,2,11,11,'2024-05-20 03:58:38','2024-05-20 04:09:55',83),(531,'333',99,99,124,87,116,2,11,11,'2024-05-20 03:58:38','2024-05-20 04:09:55',83),(532,'444',99,99,124,87,116,2,11,11,'2024-05-20 03:58:38','2024-05-20 04:09:55',83),(533,'1',103,105,131,0,121,1,22,22,'2024-05-20 07:56:11',NULL,NULL),(534,'2',103,105,131,0,121,1,22,22,'2024-05-20 07:56:11',NULL,NULL),(535,'3',103,105,131,0,121,1,22,22,'2024-05-20 07:56:11',NULL,NULL),(536,'4',103,105,131,0,121,1,22,22,'2024-05-20 07:56:11',NULL,NULL),(537,'5',103,105,131,0,121,1,22,22,'2024-05-20 07:56:11',NULL,NULL);
/*!40000 ALTER TABLE `serialnumber` ENABLE KEYS */;
UNLOCK TABLES;

--
-- Table structure for table `sessions`
--

DROP TABLE IF EXISTS `sessions`;
/*!40101 SET @saved_cs_client     = @@character_set_client */;
/*!40101 SET character_set_client = utf8 */;
CREATE TABLE `sessions` (
  `id` varchar(255) NOT NULL,
  `user_id` bigint(20) unsigned DEFAULT NULL,
  `ip_address` varchar(45) DEFAULT NULL,
  `user_agent` text DEFAULT NULL,
  `payload` longtext NOT NULL,
  `last_activity` int(11) NOT NULL,
  PRIMARY KEY (`id`),
  KEY `sessions_user_id_index` (`user_id`),
  KEY `sessions_last_activity_index` (`last_activity`)
) ENGINE=InnoDB DEFAULT CHARSET=utf8mb4 COLLATE=utf8mb4_unicode_ci;
/*!40101 SET character_set_client = @saved_cs_client */;

--
-- Dumping data for table `sessions`
--

LOCK TABLES `sessions` WRITE;
/*!40000 ALTER TABLE `sessions` DISABLE KEYS */;
INSERT INTO `sessions` VALUES ('CGTIacryB3WZw5830dK9Z5nHsnXrKwErGzlwsnyn',19,'192.168.10.25','Mozilla/5.0 (Windows NT 10.0; Win64; x64) AppleWebKit/537.36 (KHTML, like Gecko) Chrome/125.0.0.0 Safari/537.36','YTo0OntzOjY6Il90b2tlbiI7czo0MDoidjdPZ2R3V0tKQ0t1SHJ1QUc0ZFlwNUlzTWFjZnZnTDB3WThYeXUwcCI7czo2OiJfZmxhc2giO2E6Mjp7czozOiJvbGQiO2E6MDp7fXM6MzoibmV3IjthOjA6e319czo5OiJfcHJldmlvdXMiO2E6MTp7czozOiJ1cmwiO3M6NDI6Imh0dHA6Ly94bmsucmluZ25ldC52bi8xMjMvZGFzaGJvYXJkUHJvZHVjdCI7fXM6NTA6ImxvZ2luX3dlYl81OWJhMzZhZGRjMmIyZjk0MDE1ODBmMDE0YzdmNThlYTRlMzA5ODlkIjtpOjE5O30=',1716257668),('Clc1sUIYNzgbGynVoeRwaKDPUmB5sDc3XKtThlTp',11,'192.168.10.25','Mozilla/5.0 (Windows NT 10.0; Win64; x64) AppleWebKit/537.36 (KHTML, like Gecko) Chrome/124.0.0.0 Safari/537.36','YTo0OntzOjY6Il90b2tlbiI7czo0MDoibHAzdnlpTkVBcmRKZDgzNVRuMlA1NnZ3cVYyb1pQcTlVS0ZwSHdCVSI7czo5OiJfcHJldmlvdXMiO2E6MTp7czozOiJ1cmwiO3M6NDA6Imh0dHA6Ly94bmsucmluZ25ldC52bi9UaGllbiUyMENvL2hpc3RvcnkiO31zOjY6Il9mbGFzaCI7YToyOntzOjM6Im9sZCI7YTowOnt9czozOiJuZXciO2E6MDp7fX1zOjUwOiJsb2dpbl93ZWJfNTliYTM2YWRkYzJiMmY5NDAxNTgwZjAxNGM3ZjU4ZWE0ZTMwOTg5ZCI7aToxMTt9',1716258106),('dDHKFkT1e1uS4yw3EQNZhf3rikQpEmfeTV9AOkPI',1,'127.0.0.1','Mozilla/5.0 (Windows NT 10.0; Win64; x64) AppleWebKit/537.36 (KHTML, like Gecko) Chrome/125.0.0.0 Safari/537.36','YTo1OntzOjY6Il90b2tlbiI7czo0MDoiR0pQbVpucFNsMzJ2SWNqRU1GeFZFWmtyZVB2em9DWEc3RmhBZ3RobyI7czo5OiJfcHJldmlvdXMiO2E6MTp7czozOiJ1cmwiO3M6MzE6Imh0dHA6Ly8xMjcuMC4wLjE6ODAwMC93b3Jrc3BhY2UiO31zOjY6Il9mbGFzaCI7YToyOntzOjM6Im9sZCI7YTowOnt9czozOiJuZXciO2E6MDp7fX1zOjUwOiJsb2dpbl93ZWJfNTliYTM2YWRkYzJiMmY5NDAxNTgwZjAxNGM3ZjU4ZWE0ZTMwOTg5ZCI7aToxO3M6MjE6InBhc3N3b3JkX2hhc2hfc2FuY3R1bSI7czo2MDoiJDJ5JDEwJGZqdmpUODl6NWRJNFoveGN0ZUNsZGVzeHhYTGEwbGZBQU02dzJsTlF2Y0ZqRTRqaVBkWEJpIjt9',1717067871),('SytTRABMoJbQLNSCj60ju0dmKlgVlGmu1w1MNGCS',9,'192.168.10.25','Mozilla/5.0 (Windows NT 10.0; Win64; x64) AppleWebKit/537.36 (KHTML, like Gecko) Chrome/124.0.0.0 Safari/537.36','YTo0OntzOjY6Il90b2tlbiI7czo0MDoiYUp6RFRKem9XbnFqdElWOTM3TU9oZkZpMk1FQzFiVU5Wekd5RkIyRCI7czo5OiJfcHJldmlvdXMiO2E6MTp7czozOiJ1cmwiO3M6MzY6Imh0dHA6Ly94bmsucmluZ25ldC52bi9leHBvcnREYXRhYmFzZSI7fXM6NjoiX2ZsYXNoIjthOjI6e3M6Mzoib2xkIjthOjA6e31zOjM6Im5ldyI7YTowOnt9fXM6NTA6ImxvZ2luX3dlYl81OWJhMzZhZGRjMmIyZjk0MDE1ODBmMDE0YzdmNThlYTRlMzA5ODlkIjtpOjk7fQ==',1716258158),('ZmZbyM2sVlLeN9lJOUugtob7rTmUlbBBxHchpiMo',4,'192.168.10.25','Mozilla/5.0 (Windows NT 10.0; Win64; x64) AppleWebKit/537.36 (KHTML, like Gecko) Chrome/124.0.0.0 Safari/537.36','YTo0OntzOjY6Il90b2tlbiI7czo0MDoibHZvQlhsY2ZOWlBLUzJkQW1FOUZwVXdteXByWjZzTGZIY3pYYlR1bCI7czo5OiJfcHJldmlvdXMiO2E6MTp7czozOiJ1cmwiO3M6NDA6Imh0dHA6Ly94bmsucmluZ25ldC52bi90aGFpaGlldS9pbnZlbnRvcnkiO31zOjY6Il9mbGFzaCI7YToyOntzOjM6Im9sZCI7YTowOnt9czozOiJuZXciO2E6MDp7fX1zOjUwOiJsb2dpbl93ZWJfNTliYTM2YWRkYzJiMmY5NDAxNTgwZjAxNGM3ZjU4ZWE0ZTMwOTg5ZCI7aTo0O30=',1716258152);
/*!40000 ALTER TABLE `sessions` ENABLE KEYS */;
UNLOCK TABLES;

--
-- Table structure for table `user_flow`
--

DROP TABLE IF EXISTS `user_flow`;
/*!40101 SET @saved_cs_client     = @@character_set_client */;
/*!40101 SET character_set_client = utf8 */;
CREATE TABLE `user_flow` (
  `id` bigint(20) unsigned NOT NULL AUTO_INCREMENT,
  `user_id` int(11) NOT NULL,
  `activity_type` varchar(255) NOT NULL,
  `activity_description` varchar(255) NOT NULL,
  `created_at` timestamp NULL DEFAULT NULL,
  `updated_at` timestamp NULL DEFAULT NULL,
  PRIMARY KEY (`id`)
) ENGINE=InnoDB AUTO_INCREMENT=3305 DEFAULT CHARSET=utf8mb4 COLLATE=utf8mb4_unicode_ci;
/*!40101 SET character_set_client = @saved_cs_client */;

--
-- Dumping data for table `user_flow`
--

LOCK TABLES `user_flow` WRITE;
/*!40000 ALTER TABLE `user_flow` DISABLE KEYS */;
INSERT INTO `user_flow` VALUES (1,2,'BG','Xem đơn báo giá','2024-04-05 03:28:03','2024-04-05 03:28:03'),(2,2,'BG','Xem đơn báo giá','2024-04-05 03:37:38','2024-04-05 03:37:38'),(3,2,'BH','Đơn giao hàng','2024-04-05 03:57:32','2024-04-05 03:57:32'),(4,2,'BH','Đơn báo giá','2024-04-05 03:57:33','2024-04-05 03:57:33'),(5,2,'BG','Xem đơn báo giá','2024-04-05 03:57:40','2024-04-05 03:57:40'),(6,2,'DNH','DNH','2024-04-05 03:58:59',NULL),(7,2,'DMH','DMH','2024-04-05 03:59:00',NULL),(8,2,'DMH','Xem đơn mua hàng','2024-04-05 03:59:02',NULL),(9,2,'DMH','Xem đơn mua hàng','2024-04-05 04:00:42',NULL),(10,2,'BG','Xem đơn báo giá','2024-04-05 04:05:51','2024-04-05 04:05:51'),(11,2,'BH','Đơn báo giá','2024-04-05 04:11:54','2024-04-05 04:11:54'),(12,2,'BH','Hóa đơn bán hàng','2024-04-05 04:21:16','2024-04-05 04:21:16'),(13,2,'BH','Thanh toán bán hàng','2024-04-05 04:21:18','2024-04-05 04:21:18'),(14,2,'DMH','Xem đơn mua hàng','2024-04-05 04:28:11',NULL),(15,2,'DMH','DMH','2024-04-05 04:28:55',NULL),(16,2,'DMH','Xem đơn mua hàng','2024-04-05 04:28:58',NULL),(17,2,'DMH','Xem đơn mua hàng','2024-04-05 04:29:06',NULL),(18,2,'DMH','Xem đơn mua hàng','2024-04-05 04:29:18',NULL),(19,2,'DMH','Xem đơn mua hàng','2024-04-05 04:29:21',NULL),(20,2,'DMH','Xem đơn mua hàng','2024-04-05 04:29:27',NULL),(21,2,'DMH','DMH','2024-04-05 04:29:35',NULL),(22,2,'BH','Thanh toán bán hàng','2024-04-05 04:36:14','2024-04-05 04:36:14'),(23,2,'TTMH','TTMH','2024-04-05 04:36:19',NULL),(24,2,'BG','Xem đơn báo giá','2024-04-05 05:09:02','2024-04-05 05:09:02'),(25,2,'BG','Xem đơn báo giá','2024-04-05 05:10:07','2024-04-05 05:10:07'),(26,2,'DMH','DMH','2024-04-05 05:13:08',NULL),(27,2,'BH','Đơn báo giá','2024-04-05 05:14:43','2024-04-05 05:14:43'),(28,2,'BG','Xem đơn báo giá','2024-04-05 05:15:47','2024-04-05 05:15:47'),(29,2,'BH','Đơn giao hàng','2024-04-05 05:17:16','2024-04-05 05:17:16'),(30,2,'BH','Hóa đơn bán hàng','2024-04-05 05:17:19','2024-04-05 05:17:19'),(31,2,'BH','Đơn giao hàng','2024-04-05 05:17:23','2024-04-05 05:17:23'),(32,2,'GH','Xem đơn giao hàng','2024-04-05 05:17:26','2024-04-05 05:17:26'),(33,2,'BH','Hóa đơn bán hàng','2024-04-05 05:17:30','2024-04-05 05:17:30'),(34,2,'HDBH','Xem hóa đơn bán hàng','2024-04-05 05:17:32','2024-04-05 05:17:32'),(35,2,'HDBH','Xem hóa đơn bán hàng','2024-04-05 05:17:39','2024-04-05 05:17:39'),(36,2,'BH','Hóa đơn bán hàng','2024-04-05 05:17:46','2024-04-05 05:17:46'),(37,2,'BH','Đơn báo giá','2024-04-05 05:20:02','2024-04-05 05:20:02'),(38,2,'BG','Xem đơn báo giá','2024-04-05 05:20:05','2024-04-05 05:20:05'),(39,2,'BG','Xem giao dịch gần đây ở trang chỉnh sửa','2024-04-05 05:20:10','2024-04-05 05:20:10'),(40,2,'BH','Đơn báo giá','2024-04-05 05:21:47','2024-04-05 05:21:47'),(41,2,'BH','Đơn báo giá','2024-04-05 05:22:46','2024-04-05 05:22:46'),(42,2,'BH','Đơn giao hàng','2024-04-05 05:58:30','2024-04-05 05:58:30'),(43,2,'BH','Đơn báo giá','2024-04-05 05:58:31','2024-04-05 05:58:31'),(44,2,'BG','Xem đơn báo giá','2024-04-05 05:58:33','2024-04-05 05:58:33'),(45,2,'BG','Xem lịch sử chỉnh sửa báo giá','2024-04-05 05:58:34','2024-04-05 05:58:34'),(46,2,'BH','Thanh toán bán hàng','2024-04-05 05:58:42','2024-04-05 05:58:42'),(47,2,'BH','Hóa đơn bán hàng','2024-04-05 05:58:43','2024-04-05 05:58:43'),(48,2,'DMH','DMH','2024-04-05 05:58:45',NULL),(49,2,'BH','Đơn báo giá','2024-04-05 05:59:41','2024-04-05 05:59:41'),(50,2,'BH','Đơn giao hàng','2024-04-05 05:59:43','2024-04-05 05:59:43'),(51,2,'BH','Đơn báo giá','2024-04-05 08:42:36','2024-04-05 08:42:36'),(52,2,'BG','Xem đơn báo giá','2024-04-05 08:58:24','2024-04-05 08:58:24'),(53,2,'BH','Đơn báo giá','2024-04-05 09:26:47','2024-04-05 09:26:47'),(54,2,'BG','Xem đơn báo giá','2024-04-05 09:28:05','2024-04-05 09:28:05'),(55,2,'BG','Xem đơn báo giá','2024-04-05 09:28:09','2024-04-05 09:28:09'),(56,2,'TTMH','TTMH','2024-04-07 02:14:44',NULL),(57,2,'BH','Thanh toán bán hàng','2024-04-07 02:14:47','2024-04-07 02:14:47'),(58,2,'DMH','DMH','2024-04-07 02:19:01',NULL),(59,2,'DMH','Xem đơn mua hàng','2024-04-07 02:19:27',NULL),(60,2,'DNH','DNH','2024-04-07 02:20:43',NULL),(61,2,'HDMH','HDMH','2024-04-07 02:21:57',NULL),(62,2,'HDMH','Xem hóa đơn mua hàng','2024-04-07 02:22:01',NULL),(63,2,'HDMH','Xem hóa đơn mua hàng','2024-04-07 02:22:19',NULL),(64,2,'HDMH','Xem hóa đơn mua hàng','2024-04-07 02:22:56',NULL),(65,2,'DNH','DNH','2024-04-07 16:52:10',NULL),(66,2,'DNH','Xem đơn nhận hàng','2024-04-07 16:52:13',NULL),(67,2,'DMH','DMH','2024-04-07 16:52:26',NULL),(68,2,'DNH','DNH','2024-04-07 16:52:29',NULL),(69,2,'DNH','Xem đơn nhận hàng','2024-04-07 16:52:31',NULL),(70,2,'HDMH','Xem hóa đơn mua hàng','2024-04-07 16:54:49',NULL),(71,2,'DMH','DMH','2024-04-07 17:42:59',NULL),(72,2,'DMH','Tạo mới','2024-04-07 17:43:01',NULL),(73,2,'DMH','Thêm sản phẩm','2024-04-07 17:43:03',NULL),(74,2,'DMH','Thêm mới nhà cung cấp','2024-04-07 17:43:34',NULL),(75,2,'DMH','Tạo mới đơn mua hàng','2024-04-07 17:43:35',NULL),(76,2,'DNH','DNH','2024-04-07 17:43:37',NULL),(77,2,'DNH','Tạo mới','2024-04-07 17:43:38',NULL),(78,2,'DNH','Nhận hàng đơn nhận hàng','2024-04-07 17:43:52',NULL),(79,2,'BH','Đơn báo giá','2024-04-07 17:43:56','2024-04-07 17:43:56'),(80,2,'BG','Tạo mới','2024-04-07 17:47:48','2024-04-07 17:47:48'),(81,2,'BG','Tạo mới','2024-04-07 17:47:50','2024-04-07 17:47:50'),(82,2,'BG','Thêm sản phẩm','2024-04-07 17:47:53','2024-04-07 17:47:53'),(83,2,'BG','Thêm khách hàng','2024-04-07 17:48:18','2024-04-07 17:48:18'),(84,2,'BG','Lưu nháp','2024-04-07 17:48:21','2024-04-07 17:48:21'),(85,2,'BH','Đơn giao hàng','2024-04-07 17:48:23','2024-04-07 17:48:23'),(86,2,'GH','Tạo mới','2024-04-07 17:48:25','2024-04-07 17:48:25'),(87,2,'GH','Lấy thông tin từ số báo giá','2024-04-07 17:48:27','2024-04-07 17:48:27'),(88,2,'GH','Giao hàng','2024-04-07 17:48:28','2024-04-07 17:48:28'),(89,2,'DNH','DNH','2024-04-07 17:50:49',NULL),(90,2,'GH','Tạo mới','2024-04-07 17:50:54','2024-04-07 17:50:54'),(91,2,'DMH','DMH','2024-04-07 17:50:59',NULL),(92,2,'DNH','DNH','2024-04-07 17:51:00',NULL),(93,2,'DNH','Tạo mới','2024-04-07 17:51:02',NULL),(94,2,'DNH','DNH','2024-04-07 17:51:06',NULL),(95,2,'DNH','DNH','2024-04-07 17:51:10',NULL),(96,2,'DNH','Tạo mới','2024-04-07 17:51:14',NULL),(97,2,'DNH','Nhận hàng đơn nhận hàng','2024-04-07 17:51:22',NULL),(98,2,'DNH','Xem đơn nhận hàng','2024-04-07 17:51:28',NULL),(99,2,'DNH','Tạo mới','2024-04-07 17:51:32',NULL),(100,2,'DMH','DMH','2024-04-07 17:51:40',NULL),(101,2,'DNH','DNH','2024-04-07 17:51:47',NULL),(102,2,'DNH','Tạo mới','2024-04-07 17:51:48',NULL),(103,2,'TTMH','Tạo mới','2024-04-08 02:56:48',NULL),(104,2,'BH','Đơn báo giá','2024-04-08 03:45:42','2024-04-08 03:45:42'),(105,2,'BH','Đơn giao hàng','2024-04-08 03:45:44','2024-04-08 03:45:44'),(106,2,'GH','Xem đơn giao hàng','2024-04-08 03:45:49','2024-04-08 03:45:49'),(107,2,'BH','Đơn giao hàng','2024-04-08 04:53:13','2024-04-08 04:53:13'),(108,2,'GH','Tạo mới','2024-04-08 04:53:16','2024-04-08 04:53:16'),(109,2,'BH','Đơn giao hàng','2024-04-08 04:53:24','2024-04-08 04:53:24'),(110,2,'BH','Hóa đơn bán hàng','2024-04-08 04:53:31','2024-04-08 04:53:31'),(111,2,'HDBH','Tạo mới','2024-04-08 04:53:33','2024-04-08 04:53:33'),(112,2,'HDBH','Lấy thông tin từ số báo giá','2024-04-08 04:53:35','2024-04-08 04:53:35'),(113,2,'HDMH','HDMH','2024-04-08 04:53:46',NULL),(114,2,'TTMH','TTMH','2024-04-08 04:53:56',NULL),(115,2,'TTMH','Tạo mới','2024-04-08 04:53:59',NULL),(116,2,'BH','Hóa đơn bán hàng','2024-04-08 04:54:42','2024-04-08 04:54:42'),(117,2,'HDBH','Tạo mới','2024-04-08 04:54:45','2024-04-08 04:54:45'),(118,2,'HDBH','Lấy thông tin từ số báo giá','2024-04-08 04:54:47','2024-04-08 04:54:47'),(119,2,'BH','Đơn báo giá','2024-04-08 04:57:05','2024-04-08 04:57:05'),(120,2,'BH','Thanh toán bán hàng','2024-04-08 04:57:08','2024-04-08 04:57:08'),(121,2,'BH','Thanh toán bán hàng','2024-04-08 04:58:03','2024-04-08 04:58:03'),(122,2,'TT','Tạo mới','2024-04-08 05:06:56','2024-04-08 05:06:56'),(123,2,'BH','Thanh toán bán hàng','2024-04-08 10:11:25','2024-04-08 10:11:25'),(124,2,'TT','Xem đơn thanh toán','2024-04-08 10:12:55','2024-04-08 10:12:55'),(125,2,'TT','Xem đơn thanh toán','2024-04-08 10:19:54','2024-04-08 10:19:54'),(126,2,'TT','Xem đơn thanh toán','2024-04-08 10:19:57','2024-04-08 10:19:57'),(127,2,'BH','Đơn giao hàng','2024-04-08 10:44:53','2024-04-08 10:44:53'),(128,2,'BH','Đơn báo giá','2024-04-08 10:44:56','2024-04-08 10:44:56'),(129,2,'BH','Hóa đơn bán hàng','2024-04-08 10:54:59','2024-04-08 10:54:59'),(130,2,'BH','Hóa đơn bán hàng','2024-04-08 10:58:38','2024-04-08 10:58:38'),(131,2,'BH','Thanh toán bán hàng','2024-04-08 16:04:14','2024-04-08 16:04:14'),(132,2,'BH','Hóa đơn bán hàng','2024-04-08 16:43:51','2024-04-08 16:43:51'),(133,2,'HDBH','Xem hóa đơn bán hàng','2024-04-08 16:44:09','2024-04-08 16:44:09'),(134,2,'HDBH','Xem hóa đơn bán hàng','2024-04-08 16:44:15','2024-04-08 16:44:15'),(135,2,'HDBH','Xem hóa đơn bán hàng','2024-04-08 16:47:26','2024-04-08 16:47:26'),(136,2,'HDBH','Xem hóa đơn bán hàng','2024-04-08 16:47:37','2024-04-08 16:47:37'),(137,2,'HDBH','Xem hóa đơn bán hàng','2024-04-08 16:47:41','2024-04-08 16:47:41'),(138,2,'HDBH','Xem hóa đơn bán hàng','2024-04-08 16:53:49','2024-04-08 16:53:49'),(139,2,'BH','Thanh toán bán hàng','2024-04-08 16:53:55','2024-04-08 16:53:55'),(140,2,'BH','Khách hàng','2024-04-08 16:53:57','2024-04-08 16:53:57'),(141,2,'BH','Đơn báo giá','2024-04-08 16:53:59','2024-04-08 16:53:59'),(142,2,'BH','Đơn giao hàng','2024-04-08 16:54:06','2024-04-08 16:54:06'),(143,2,'GH','Xóa đơn giao hàng','2024-04-08 16:54:10','2024-04-08 16:54:10'),(144,2,'BH','Đơn báo giá','2024-04-08 16:54:12','2024-04-08 16:54:12'),(145,2,'BG','Xóa đơn báo giá','2024-04-08 16:54:15','2024-04-08 16:54:15'),(146,2,'BG','Xem đơn báo giá','2024-04-08 17:00:03','2024-04-08 17:00:03'),(147,2,'DMH','DMH','2024-04-08 17:00:48',NULL),(148,2,'DNH','DNH','2024-04-08 17:00:58',NULL),(149,2,'DNH','Xóa đơn nhận hàng','2024-04-08 17:01:06',NULL),(150,2,'DMH','DMH','2024-04-08 17:01:07',NULL),(151,2,'DMH','Xóa đơn mua hàng',NULL,NULL),(152,2,'TTMH','TTMH','2024-04-08 17:18:26',NULL),(153,2,'BH','Thanh toán bán hàng','2024-04-08 17:18:31','2024-04-08 17:18:31'),(154,2,'TT','Xem đơn thanh toán','2024-04-08 17:18:33','2024-04-08 17:18:33'),(155,2,'TT','Xem đơn thanh toán','2024-04-08 17:20:12','2024-04-08 17:20:12'),(156,2,'BH','Thanh toán bán hàng','2024-04-08 17:20:21','2024-04-08 17:20:21'),(157,2,'TT','Xem đơn thanh toán','2024-04-08 17:20:25','2024-04-08 17:20:25'),(158,2,'DNH','DNH','2024-04-08 17:20:38',NULL),(159,2,'HDMH','HDMH','2024-04-08 17:41:31',NULL),(160,2,'TTMH','TTMH','2024-04-08 17:41:34',NULL),(161,2,'TTMH','Xem thanh toán mua hàng','2024-04-08 17:44:21',NULL),(162,2,'HDMH','Xem hóa đơn mua hàng','2024-04-08 17:57:35',NULL),(163,2,'HDMH','Xem hóa đơn mua hàng','2024-04-08 17:59:46',NULL),(164,2,'HDMH','HDMH','2024-04-09 02:31:48',NULL),(165,2,'TTMH','TTMH','2024-04-09 02:31:50',NULL),(166,2,'TTMH','Xem thanh toán mua hàng','2024-04-09 02:31:52',NULL),(167,2,'HDMH','HDMH','2024-04-09 02:31:55',NULL),(168,2,'HDMH','Xem hóa đơn mua hàng','2024-04-09 02:31:57',NULL),(169,2,'DNH','DNH','2024-04-09 02:38:21',NULL),(170,2,'DNH','Xem đơn nhận hàng','2024-04-09 02:38:57',NULL),(171,2,'DMH','DMH','2024-04-09 02:42:21',NULL),(172,2,'HDMH','Xem hóa đơn mua hàng','2024-04-09 02:54:24',NULL),(173,2,'DNH','DNH','2024-04-09 02:54:27',NULL),(174,2,'DNH','Xem đơn nhận hàng','2024-04-09 02:54:29',NULL),(175,2,'HDMH','HDMH','2024-04-09 02:54:41',NULL),(176,2,'DMH','DMH','2024-04-09 02:54:43',NULL),(177,2,'DMH','Xem đơn mua hàng','2024-04-09 02:56:41',NULL),(178,2,'DMH','Xem đơn mua hàng','2024-04-09 02:56:41',NULL),(179,2,'HDMH','Xem hóa đơn mua hàng','2024-04-09 02:57:55',NULL),(180,2,'HDMH','Xem hóa đơn mua hàng','2024-04-09 02:58:17',NULL),(181,2,'HDMH','HDMH','2024-04-09 02:58:21',NULL),(182,2,'HDMH','Xem hóa đơn mua hàng','2024-04-09 02:59:11',NULL),(183,2,'HDMH','HDMH','2024-04-09 02:59:24',NULL),(184,2,'HDMH','Xem hóa đơn mua hàng','2024-04-09 02:59:26',NULL),(185,2,'TTMH','TTMH','2024-04-09 02:59:29',NULL),(186,2,'TTMH','Xem thanh toán mua hàng','2024-04-09 02:59:30',NULL),(187,2,'DNH','DNH','2024-04-09 02:59:34',NULL),(188,2,'DNH','Xem đơn nhận hàng','2024-04-09 02:59:35',NULL),(189,2,'DMH','Xem đơn mua hàng','2024-04-09 02:59:39',NULL),(190,2,'DMH','Xem đơn mua hàng','2024-04-09 03:12:27',NULL),(191,2,'DMH','Xem đơn mua hàng','2024-04-09 03:12:29',NULL),(192,2,'DNH','DNH','2024-04-09 03:12:43',NULL),(193,2,'DNH','Xem đơn nhận hàng','2024-04-09 03:12:47',NULL),(194,2,'DMH','DMH','2024-04-09 03:12:50',NULL),(195,2,'DMH','Xem đơn mua hàng','2024-04-09 03:12:52',NULL),(196,2,'DMH','DMH','2024-04-09 03:13:05',NULL),(197,2,'DMH','Xem đơn mua hàng','2024-04-09 03:20:49',NULL),(198,2,'DMH','DMH','2024-04-09 03:24:13',NULL),(199,2,'DNH','DNH','2024-04-09 03:24:39',NULL),(200,2,'DNH','Xem đơn nhận hàng','2024-04-09 03:24:46',NULL),(201,2,'DMH','DMH','2024-04-09 03:32:30',NULL),(202,2,'DNH','DNH','2024-04-09 03:32:54',NULL),(203,2,'DNH','Xem đơn nhận hàng','2024-04-09 03:40:27',NULL),(204,2,'DNH','Xem đơn nhận hàng','2024-04-09 03:40:38',NULL),(205,2,'DNH','Xem đơn nhận hàng','2024-04-09 03:40:41',NULL),(206,2,'DNH','Xem đơn nhận hàng','2024-04-09 03:40:45',NULL),(207,2,'DNH','Xem đơn nhận hàng','2024-04-09 03:40:48',NULL),(208,2,'DNH','Xem đơn nhận hàng','2024-04-09 03:40:51',NULL),(209,2,'DNH','DNH','2024-04-09 03:40:57',NULL),(210,2,'DNH','Xem đơn nhận hàng','2024-04-09 03:41:13',NULL),(211,2,'DNH','DNH','2024-04-09 03:41:47',NULL),(212,2,'DNH','Xem đơn nhận hàng','2024-04-09 03:41:59',NULL),(213,2,'DNH','Xem đơn nhận hàng','2024-04-09 03:42:22',NULL),(214,2,'HDMH','HDMH','2024-04-09 03:42:33',NULL),(215,2,'HDMH','Xem hóa đơn mua hàng','2024-04-09 03:42:36',NULL),(216,2,'HDMH','Xem hóa đơn mua hàng','2024-04-09 03:42:38',NULL),(217,2,'HDMH','Xem hóa đơn mua hàng','2024-04-09 03:42:45',NULL),(218,2,'HDMH','Xem hóa đơn mua hàng','2024-04-09 03:42:49',NULL),(219,2,'DNH','DNH','2024-04-09 03:43:14',NULL),(220,2,'DNH','Xem đơn nhận hàng','2024-04-09 03:43:19',NULL),(221,2,'DNH','Xem đơn nhận hàng','2024-04-09 03:43:22',NULL),(222,2,'DNH','Xem đơn nhận hàng','2024-04-09 03:43:26',NULL),(223,2,'DNH','Xem đơn nhận hàng','2024-04-09 03:43:30',NULL),(224,2,'DNH','Xem đơn nhận hàng','2024-04-09 03:43:34',NULL),(225,2,'DNH','DNH','2024-04-09 03:49:23',NULL),(226,2,'BH','Khách hàng','2024-04-09 03:50:43','2024-04-09 03:50:43'),(227,2,'KH','Xem thông tin khách hàng','2024-04-09 03:50:49','2024-04-09 03:50:49'),(228,2,'BH','Khách hàng','2024-04-09 03:51:00','2024-04-09 03:51:00'),(229,2,'KH','Xóa khách hàng','2024-04-09 03:51:40','2024-04-09 03:51:40'),(230,2,'NCC','NCC','2024-04-09 03:51:43',NULL),(231,2,'NCC','Xóa nhà cung cấp','2024-04-09 03:51:48',NULL),(232,2,'BH','Đơn báo giá','2024-04-09 03:51:57','2024-04-09 03:51:57'),(233,2,'BH','Khách hàng','2024-04-09 03:52:03','2024-04-09 03:52:03'),(234,2,'KH','Xóa khách hàng','2024-04-09 03:55:26','2024-04-09 03:55:26'),(235,2,'KH','Xem lịch sử giao dịch','2024-04-09 03:58:45','2024-04-09 03:58:45'),(236,2,'KH','Xem thông tin khách hàng','2024-04-09 03:58:48','2024-04-09 03:58:48'),(237,2,'BH','Khách hàng','2024-04-09 03:58:50','2024-04-09 03:58:50'),(238,2,'KH','Xem lịch sử giao dịch','2024-04-09 03:58:54','2024-04-09 03:58:54'),(239,2,'KH','Xem thông tin khách hàng','2024-04-09 03:59:02','2024-04-09 03:59:02'),(240,2,'BH','Khách hàng','2024-04-09 03:59:03','2024-04-09 03:59:03'),(241,2,'KH','Xem lịch sử giao dịch','2024-04-09 03:59:07','2024-04-09 03:59:07'),(242,2,'KH','Xem thông tin khách hàng','2024-04-09 03:59:10','2024-04-09 03:59:10'),(243,2,'BH','Khách hàng','2024-04-09 03:59:11','2024-04-09 03:59:11'),(244,2,'KH','Xem lịch sử giao dịch','2024-04-09 03:59:14','2024-04-09 03:59:14'),(245,2,'KH','Xem thông tin khách hàng','2024-04-09 03:59:18','2024-04-09 03:59:18'),(246,2,'BH','Khách hàng','2024-04-09 03:59:19','2024-04-09 03:59:19'),(247,2,'KH','Xem lịch sử giao dịch','2024-04-09 03:59:29','2024-04-09 03:59:29'),(248,2,'KH','Xem thông tin khách hàng','2024-04-09 03:59:34','2024-04-09 03:59:34'),(249,2,'BH','Khách hàng','2024-04-09 03:59:35','2024-04-09 03:59:35'),(250,2,'KH','Xem lịch sử giao dịch','2024-04-09 03:59:38','2024-04-09 03:59:38'),(251,2,'DMH','DMH','2024-04-09 04:01:05',NULL),(252,2,'NCC','NCC','2024-04-09 04:01:09',NULL),(253,2,'NCC','Xem nhà cung cấp','2024-04-09 04:01:10',NULL),(254,2,'NCC','Lịch sử mua hàng','2024-04-09 04:01:11',NULL),(255,2,'NCC','Xem thông tin','2024-04-09 04:01:12',NULL),(256,2,'NCC','NCC','2024-04-09 04:01:14',NULL),(257,2,'TTMH','TTMH','2024-04-09 04:01:16',NULL),(258,2,'NCC','NCC','2024-04-09 04:01:18',NULL),(259,2,'NCC','Xem nhà cung cấp','2024-04-09 04:01:20',NULL),(260,2,'NCC','Lịch sử mua hàng','2024-04-09 04:01:21',NULL),(261,2,'NCC','Xem thông tin','2024-04-09 04:01:21',NULL),(262,2,'NCC','NCC','2024-04-09 04:01:22',NULL),(263,2,'BH','Đơn báo giá','2024-04-09 04:16:51','2024-04-09 04:16:51'),(264,2,'BH','Đơn báo giá','2024-04-09 08:04:42','2024-04-09 08:04:42'),(265,2,'DNH','DNH','2024-04-09 08:13:52',NULL),(266,2,'DNH','Xem đơn nhận hàng','2024-04-09 08:14:03',NULL),(267,2,'DNH','Xem đơn nhận hàng','2024-04-09 08:14:05',NULL),(268,2,'DNH','Xem đơn nhận hàng','2024-04-09 08:14:10',NULL),(269,2,'DNH','Xem đơn nhận hàng','2024-04-09 08:16:41',NULL),(270,2,'DMH','DMH','2024-04-09 08:16:44',NULL),(271,2,'DMH','Xem đơn mua hàng','2024-04-09 08:16:48',NULL),(272,2,'DMH','DMH','2024-04-09 08:19:03',NULL),(273,2,'DMH','Xem đơn mua hàng','2024-04-09 08:19:05',NULL),(274,2,'DMH','Xem đơn mua hàng','2024-04-09 08:19:08',NULL),(275,2,'DMH','DMH','2024-04-09 08:21:19',NULL),(276,2,'DMH','Xem đơn mua hàng','2024-04-09 08:21:26',NULL),(277,2,'DMH','Xem đơn mua hàng','2024-04-09 08:28:29',NULL),(278,2,'DMH','Xem đơn mua hàng','2024-04-09 08:28:35',NULL),(279,2,'DMH','Xem đơn mua hàng','2024-04-09 08:32:15',NULL),(280,2,'BH','Đơn báo giá','2024-04-09 08:39:55','2024-04-09 08:39:55'),(281,2,'HDMH','HDMH','2024-04-09 08:40:32',NULL),(282,2,'TTMH','TTMH','2024-04-09 08:44:23',NULL),(283,3,'BH','Đơn báo giá','2024-04-09 09:14:42','2024-04-09 09:14:42'),(284,3,'BG','Xem đơn báo giá','2024-04-09 09:14:50','2024-04-09 09:14:50'),(285,3,'BH','Đơn báo giá','2024-04-09 09:14:54','2024-04-09 09:14:54'),(286,3,'BG','Xem đơn báo giá','2024-04-09 09:15:04','2024-04-09 09:15:04'),(287,3,'BH','Đơn báo giá','2024-04-09 09:15:12','2024-04-09 09:15:12'),(288,3,'BG','Xem đơn báo giá','2024-04-09 09:15:25','2024-04-09 09:15:25'),(289,3,'BH','Đơn báo giá','2024-04-09 09:15:31','2024-04-09 09:15:31'),(290,3,'BG','Xem đơn báo giá','2024-04-09 09:15:48','2024-04-09 09:15:48'),(291,3,'BG','Xem đơn báo giá','2024-04-09 09:16:03','2024-04-09 09:16:03'),(292,3,'BG','Xem đơn báo giá','2024-04-09 09:16:46','2024-04-09 09:16:46'),(293,3,'BH','Đơn báo giá','2024-04-09 09:16:53','2024-04-09 09:16:53'),(294,3,'BG','Xem đơn báo giá','2024-04-09 09:17:00','2024-04-09 09:17:00'),(295,3,'DMH','DMH','2024-04-09 09:18:22',NULL),(296,3,'DMH','Xem đơn mua hàng','2024-04-09 09:18:34',NULL),(297,3,'DMH','Xem đơn mua hàng','2024-04-09 09:18:50',NULL),(298,3,'HDMH','HDMH','2024-04-09 09:19:29',NULL),(299,3,'TTMH','TTMH','2024-04-09 09:23:29',NULL),(300,3,'BH','Đơn báo giá','2024-04-09 10:07:51','2024-04-09 10:07:51'),(301,3,'HDMH','HDMH','2024-04-09 10:09:34',NULL),(302,3,'HDMH','Xem hóa đơn mua hàng','2024-04-09 10:09:53',NULL),(303,3,'DNH','DNH','2024-04-09 10:10:05',NULL),(304,3,'HDMH','HDMH','2024-04-09 10:10:20',NULL),(305,3,'DMH','DMH','2024-04-09 12:59:38',NULL),(306,5,'DMH','DMH','2024-04-10 05:23:19',NULL),(307,3,'BH','Đơn báo giá','2024-04-10 06:10:29','2024-04-10 06:10:29'),(308,3,'BH','Hóa đơn bán hàng','2024-04-10 06:43:57','2024-04-10 06:43:57'),(309,3,'HDBH','Xem hóa đơn bán hàng','2024-04-10 07:27:54','2024-04-10 07:27:54'),(310,5,'DMH','DMH','2024-04-10 07:43:57',NULL),(311,5,'HDMH','HDMH','2024-04-10 10:33:22',NULL),(312,5,'BH','Đơn báo giá','2024-04-10 10:34:12','2024-04-10 10:34:12'),(313,5,'BH','Hóa đơn bán hàng','2024-04-10 10:36:24','2024-04-10 10:36:24'),(314,5,'BH','Đơn báo giá','2024-04-10 10:36:28','2024-04-10 10:36:28'),(315,5,'BH','Hóa đơn bán hàng','2024-04-10 10:36:34','2024-04-10 10:36:34'),(316,2,'NCC','NCC','2024-04-10 10:50:25',NULL),(317,2,'NCC','Chỉnh sửa nhà cung cấp','2024-04-10 10:50:31',NULL),(318,2,'NCC','Cập nhật nhà cung cấp','2024-04-10 10:50:41',NULL),(319,2,'NCC','NCC','2024-04-10 10:51:11',NULL),(320,2,'NCC','Chỉnh sửa nhà cung cấp','2024-04-10 10:51:13',NULL),(321,2,'NCC','Cập nhật nhà cung cấp','2024-04-10 10:51:24',NULL),(322,2,'DMH','DMH','2024-04-10 10:51:40',NULL),(323,2,'DNH','DNH','2024-04-10 10:51:41',NULL),(324,2,'HDMH','HDMH','2024-04-10 10:51:43',NULL),(325,5,'DMH','DMH','2024-04-10 12:48:00',NULL),(326,5,'DNH','DNH','2024-04-10 12:48:01',NULL),(327,7,'BH','Đơn báo giá','2024-04-10 13:20:01','2024-04-10 13:20:01'),(328,7,'BH','Đơn giao hàng','2024-04-10 13:20:15','2024-04-10 13:20:15'),(329,7,'DMH','DMH','2024-04-10 13:20:31',NULL),(330,7,'BH','Đơn giao hàng','2024-04-10 13:21:25','2024-04-10 13:21:25'),(331,7,'DMH','DMH','2024-04-10 13:21:39',NULL),(332,7,'NCC','NCC','2024-04-10 13:21:52',NULL),(333,7,'NCC','Chỉnh sửa nhà cung cấp','2024-04-10 13:22:10',NULL),(334,7,'BH','Đơn giao hàng','2024-04-10 13:22:32','2024-04-10 13:22:32'),(335,7,'BH','Hóa đơn bán hàng','2024-04-10 13:22:41','2024-04-10 13:22:41'),(336,7,'BH','Thanh toán bán hàng','2024-04-10 13:22:50','2024-04-10 13:22:50'),(337,7,'BH','Thanh toán bán hàng','2024-04-10 13:23:25','2024-04-10 13:23:25'),(338,7,'TT','Xem đơn thanh toán','2024-04-10 13:23:32','2024-04-10 13:23:32'),(339,7,'BH','Thanh toán bán hàng','2024-04-10 13:24:41','2024-04-10 13:24:41'),(340,7,'TT','Xem đơn thanh toán','2024-04-10 13:24:51','2024-04-10 13:24:51'),(341,7,'TT','Xem lịch sử thanh toán','2024-04-10 13:24:59','2024-04-10 13:24:59'),(342,7,'TT','Xem thông tin sản phẩm thanh toán','2024-04-10 13:25:02','2024-04-10 13:25:02'),(343,7,'BH','Đơn giao hàng','2024-04-10 13:25:21','2024-04-10 13:25:21'),(344,7,'BH','Đơn báo giá','2024-04-10 13:25:26','2024-04-10 13:25:26'),(345,7,'BG','Xem đơn báo giá','2024-04-10 13:25:54','2024-04-10 13:25:54'),(346,7,'BG','Xem đơn báo giá','2024-04-10 13:26:29','2024-04-10 13:26:29'),(347,2,'BH','Đơn báo giá','2024-04-10 16:16:44','2024-04-10 16:16:44'),(348,2,'BH','Đơn giao hàng','2024-04-10 16:17:02','2024-04-10 16:17:02'),(349,2,'BH','Hóa đơn bán hàng','2024-04-10 16:17:04','2024-04-10 16:17:04'),(350,2,'BH','Thanh toán bán hàng','2024-04-10 16:17:05','2024-04-10 16:17:05'),(351,2,'BH','Khách hàng','2024-04-10 16:17:06','2024-04-10 16:17:06'),(352,2,'DMH','DMH','2024-04-10 16:17:08',NULL),(353,2,'DNH','DNH','2024-04-10 16:17:10',NULL),(354,2,'HDMH','HDMH','2024-04-10 16:17:11',NULL),(355,2,'TTMH','TTMH','2024-04-10 16:17:12',NULL),(356,2,'NCC','NCC','2024-04-10 16:17:13',NULL),(357,5,'BH','Đơn báo giá','2024-04-10 16:36:52','2024-04-10 16:36:52'),(358,5,'BH','Đơn giao hàng','2024-04-10 16:36:57','2024-04-10 16:36:57'),(359,5,'BH','Đơn báo giá','2024-04-10 16:36:59','2024-04-10 16:36:59'),(360,5,'BH','Đơn giao hàng','2024-04-10 16:37:05','2024-04-10 16:37:05'),(361,5,'BH','Đơn báo giá','2024-04-10 16:37:06','2024-04-10 16:37:06'),(362,5,'BH','Đơn giao hàng','2024-04-10 16:37:23','2024-04-10 16:37:23'),(363,5,'BH','Hóa đơn bán hàng','2024-04-10 16:37:26','2024-04-10 16:37:26'),(364,5,'BH','Thanh toán bán hàng','2024-04-10 16:37:28','2024-04-10 16:37:28'),(365,5,'BH','Khách hàng','2024-04-10 16:37:29','2024-04-10 16:37:29'),(366,5,'DMH','DMH','2024-04-10 16:37:31',NULL),(367,5,'DNH','DNH','2024-04-10 16:37:33',NULL),(368,5,'HDMH','HDMH','2024-04-10 16:37:34',NULL),(369,5,'TTMH','TTMH','2024-04-10 16:37:35',NULL),(370,5,'NCC','NCC','2024-04-10 16:37:37',NULL),(371,5,'BH','Đơn báo giá','2024-04-10 16:38:00','2024-04-10 16:38:00'),(372,5,'BH','Đơn giao hàng','2024-04-10 16:38:25','2024-04-10 16:38:25'),(373,5,'BH','Đơn báo giá','2024-04-10 16:38:27','2024-04-10 16:38:27'),(374,5,'BH','Đơn giao hàng','2024-04-10 16:38:36','2024-04-10 16:38:36'),(375,5,'BH','Hóa đơn bán hàng','2024-04-10 16:38:38','2024-04-10 16:38:38'),(376,5,'BH','Đơn báo giá','2024-04-10 16:38:39','2024-04-10 16:38:39'),(377,5,'BH','Đơn báo giá','2024-04-10 16:50:57','2024-04-10 16:50:57'),(378,5,'BH','Đơn giao hàng','2024-04-10 16:50:59','2024-04-10 16:50:59'),(379,5,'BH','Hóa đơn bán hàng','2024-04-10 16:51:01','2024-04-10 16:51:01'),(380,5,'BH','Đơn báo giá','2024-04-10 16:51:10','2024-04-10 16:51:10'),(381,5,'BH','Đơn báo giá','2024-04-10 16:52:10','2024-04-10 16:52:10'),(382,5,'BH','Đơn giao hàng','2024-04-10 16:55:34','2024-04-10 16:55:34'),(383,5,'BH','Đơn báo giá','2024-04-10 16:55:36','2024-04-10 16:55:36'),(384,5,'BH','Khách hàng','2024-04-10 16:55:38','2024-04-10 16:55:38'),(385,4,'BH','Đơn báo giá','2024-04-10 17:10:22','2024-04-10 17:10:22'),(386,4,'BH','Đơn giao hàng','2024-04-10 17:10:26','2024-04-10 17:10:26'),(387,4,'BH','Đơn báo giá','2024-04-10 17:10:29','2024-04-10 17:10:29'),(388,4,'BH','Đơn giao hàng','2024-04-10 17:10:32','2024-04-10 17:10:32'),(389,4,'BH','Hóa đơn bán hàng','2024-04-10 17:10:34','2024-04-10 17:10:34'),(390,4,'BH','Thanh toán bán hàng','2024-04-10 17:10:37','2024-04-10 17:10:37'),(391,4,'BH','Thanh toán bán hàng','2024-04-10 17:10:39','2024-04-10 17:10:39'),(392,4,'BH','Đơn báo giá','2024-04-10 17:10:41','2024-04-10 17:10:41'),(393,4,'BH','Đơn báo giá','2024-04-10 17:10:57','2024-04-10 17:10:57'),(394,4,'BH','Đơn giao hàng','2024-04-10 17:11:54','2024-04-10 17:11:54'),(395,4,'BH','Đơn báo giá','2024-04-10 17:11:55','2024-04-10 17:11:55'),(396,4,'BG','Xem đơn báo giá','2024-04-10 17:12:47','2024-04-10 17:12:47'),(397,4,'BG','Xem lịch sử chỉnh sửa báo giá','2024-04-10 17:13:07','2024-04-10 17:13:07'),(398,4,'BG','Xem file đính kèm báo giá','2024-04-10 17:13:07','2024-04-10 17:13:07'),(399,4,'BH','Đơn báo giá','2024-04-10 17:13:08','2024-04-10 17:13:08'),(400,4,'BH','Đơn giao hàng','2024-04-10 17:13:12','2024-04-10 17:13:12'),(401,4,'BH','Hóa đơn bán hàng','2024-04-10 17:13:13','2024-04-10 17:13:13'),(402,4,'BH','Thanh toán bán hàng','2024-04-10 17:13:16','2024-04-10 17:13:16'),(403,4,'BH','Khách hàng','2024-04-10 17:13:18','2024-04-10 17:13:18'),(404,4,'BH','Đơn báo giá','2024-04-10 17:13:20','2024-04-10 17:13:20'),(405,4,'BH','Đơn báo giá','2024-04-10 17:14:21','2024-04-10 17:14:21'),(406,4,'BH','Đơn báo giá','2024-04-10 17:31:28','2024-04-10 17:31:28'),(407,4,'BH','Đơn giao hàng','2024-04-10 17:31:40','2024-04-10 17:31:40'),(408,4,'BH','Hóa đơn bán hàng','2024-04-10 17:31:45','2024-04-10 17:31:45'),(409,4,'BH','Thanh toán bán hàng','2024-04-10 17:31:49','2024-04-10 17:31:49'),(410,4,'BH','Khách hàng','2024-04-10 17:31:53','2024-04-10 17:31:53'),(411,4,'DMH','DMH','2024-04-10 17:31:57',NULL),(412,4,'DNH','DNH','2024-04-10 17:32:02',NULL),(413,4,'HDMH','HDMH','2024-04-10 17:32:05',NULL),(414,4,'TTMH','TTMH','2024-04-10 17:32:09',NULL),(415,4,'NCC','NCC','2024-04-10 17:32:12',NULL),(416,4,'DMH','DMH','2024-04-10 17:32:17',NULL),(417,4,'BH','Đơn báo giá','2024-04-10 17:32:20','2024-04-10 17:32:20'),(418,4,'BG','Xem đơn báo giá','2024-04-10 17:32:40','2024-04-10 17:32:40'),(419,4,'BG','Xem lịch sử chỉnh sửa báo giá','2024-04-10 17:32:44','2024-04-10 17:32:44'),(420,4,'BG','Xem file đính kèm báo giá','2024-04-10 17:32:44','2024-04-10 17:32:44'),(421,4,'BG','Xem trang sửa','2024-04-10 17:32:46','2024-04-10 17:32:46'),(422,4,'BG','Xem giao dịch gần đây ở trang chỉnh sửa','2024-04-10 17:32:56','2024-04-10 17:32:56'),(423,4,'BH','Đơn báo giá','2024-04-10 17:32:58','2024-04-10 17:32:58'),(424,4,'BH','Đơn báo giá','2024-04-10 17:33:11','2024-04-10 17:33:11'),(425,4,'BG','Tạo mới','2024-04-10 17:33:14','2024-04-10 17:33:14'),(426,2,'BH','Đơn báo giá','2024-04-10 17:55:43','2024-04-10 17:55:43'),(427,2,'BH','Đơn báo giá','2024-04-10 17:55:54','2024-04-10 17:55:54'),(428,2,'BH','Hóa đơn bán hàng','2024-04-10 17:55:55','2024-04-10 17:55:55'),(429,2,'BH','Thanh toán bán hàng','2024-04-10 17:55:57','2024-04-10 17:55:57'),(430,2,'BH','Thanh toán bán hàng','2024-04-10 17:55:58','2024-04-10 17:55:58'),(431,2,'BH','Khách hàng','2024-04-10 17:55:59','2024-04-10 17:55:59'),(432,2,'DMH','DMH','2024-04-10 17:56:02',NULL),(433,2,'HDMH','HDMH','2024-04-10 17:56:05',NULL),(434,8,'BH','Hóa đơn bán hàng','2024-04-10 18:14:04','2024-04-10 18:14:04'),(435,8,'BH','Đơn giao hàng','2024-04-10 18:14:06','2024-04-10 18:14:06'),(436,8,'BH','Khách hàng','2024-04-10 18:16:42','2024-04-10 18:16:42'),(437,8,'KH','Xem thông tin khách hàng','2024-04-10 18:18:52','2024-04-10 18:18:52'),(438,8,'KH','Xem thông tin khách hàng','2024-04-10 18:18:56','2024-04-10 18:18:56'),(439,8,'BH','Đơn báo giá','2024-04-10 18:19:28','2024-04-10 18:19:28'),(440,8,'BH','Đơn giao hàng','2024-04-10 18:20:14','2024-04-10 18:20:14'),(441,8,'BH','Đơn giao hàng','2024-04-10 18:26:27','2024-04-10 18:26:27'),(442,8,'BH','Hóa đơn bán hàng','2024-04-10 18:26:33','2024-04-10 18:26:33'),(443,8,'BH','Đơn giao hàng','2024-04-10 18:26:36','2024-04-10 18:26:36'),(444,8,'BH','Đơn báo giá','2024-04-10 18:26:37','2024-04-10 18:26:37'),(445,8,'BH','Thanh toán bán hàng','2024-04-10 18:26:39','2024-04-10 18:26:39'),(446,8,'BH','Hóa đơn bán hàng','2024-04-10 18:26:40','2024-04-10 18:26:40'),(447,8,'BH','Thanh toán bán hàng','2024-04-10 18:28:15','2024-04-10 18:28:15'),(448,8,'BH','Đơn giao hàng','2024-04-10 18:28:29','2024-04-10 18:28:29'),(449,8,'GH','Xem đơn giao hàng','2024-04-10 18:30:41','2024-04-10 18:30:41'),(450,8,'BH','Hóa đơn bán hàng','2024-04-10 18:30:45','2024-04-10 18:30:45'),(451,8,'HDBH','Xem hóa đơn bán hàng','2024-04-10 18:30:47','2024-04-10 18:30:47'),(452,8,'BH','Thanh toán bán hàng','2024-04-10 18:30:52','2024-04-10 18:30:52'),(453,8,'TT','Xem đơn thanh toán','2024-04-10 18:30:54','2024-04-10 18:30:54'),(454,8,'TT','Xem đơn thanh toán','2024-04-10 18:31:01','2024-04-10 18:31:01'),(455,8,'TT','Xem đơn thanh toán','2024-04-10 18:33:13','2024-04-10 18:33:13'),(456,8,'BH','Hóa đơn bán hàng','2024-04-10 18:33:17','2024-04-10 18:33:17'),(457,8,'HDBH','Xem hóa đơn bán hàng','2024-04-10 18:33:20','2024-04-10 18:33:20'),(458,8,'HDBH','Xem hóa đơn bán hàng','2024-04-10 18:33:23','2024-04-10 18:33:23'),(459,8,'BH','Đơn báo giá','2024-04-10 18:33:29','2024-04-10 18:33:29'),(460,8,'BG','Xem đơn báo giá','2024-04-10 18:33:30','2024-04-10 18:33:30'),(461,8,'BH','Đơn giao hàng','2024-04-10 18:33:39','2024-04-10 18:33:39'),(462,8,'GH','Xem đơn giao hàng','2024-04-10 18:33:53','2024-04-10 18:33:53'),(463,8,'GH','Xem đơn giao hàng','2024-04-10 18:35:56','2024-04-10 18:35:56'),(464,8,'BH','Hóa đơn bán hàng','2024-04-10 18:37:45','2024-04-10 18:37:45'),(465,8,'HDBH','Xem hóa đơn bán hàng','2024-04-10 18:37:47','2024-04-10 18:37:47'),(466,8,'BH','Thanh toán bán hàng','2024-04-10 18:37:52','2024-04-10 18:37:52'),(467,8,'TT','Xem đơn thanh toán','2024-04-10 18:37:54','2024-04-10 18:37:54'),(468,8,'TT','Xem đơn thanh toán','2024-04-10 18:40:26','2024-04-10 18:40:26'),(469,8,'NCC','NCC','2024-04-10 18:49:51',NULL),(470,8,'KH','Xem thông tin khách hàng','2024-04-10 18:51:11','2024-04-10 18:51:11'),(471,8,'KH','Xem thông tin khách hàng','2024-04-10 18:51:16','2024-04-10 18:51:16'),(472,8,'BH','Đơn báo giá','2024-04-10 18:51:39','2024-04-10 18:51:39'),(473,8,'DMH','DMH','2024-04-10 18:55:26',NULL),(474,8,'DMH','Xem đơn mua hàng','2024-04-10 19:00:14',NULL),(475,6,'DMH','DMH','2024-04-10 19:01:30',NULL),(476,8,'DNH','DNH','2024-04-10 19:51:10',NULL),(477,8,'DNH','DNH','2024-04-10 19:52:30',NULL),(478,8,'HDMH','HDMH','2024-04-10 19:52:31',NULL),(479,8,'DNH','DNH','2024-04-10 19:53:29',NULL),(480,8,'TTMH','TTMH','2024-04-10 19:54:35',NULL),(481,8,'DMH','DMH','2024-04-10 19:58:01',NULL),(482,8,'DNH','DNH','2024-04-10 19:58:03',NULL),(483,8,'DNH','Xem đơn nhận hàng','2024-04-10 19:59:41',NULL),(484,8,'HDMH','HDMH','2024-04-10 19:59:46',NULL),(485,8,'HDMH','Xem hóa đơn mua hàng','2024-04-10 19:59:48',NULL),(486,8,'BH','Đơn báo giá','2024-04-10 21:02:50','2024-04-10 21:02:50'),(487,8,'BH','Khách hàng','2024-04-10 21:04:03','2024-04-10 21:04:03'),(488,8,'DMH','DMH','2024-04-10 21:03:45',NULL),(489,5,'BH','Đơn báo giá','2024-04-10 23:47:26','2024-04-10 23:47:26'),(490,5,'BH','Đơn giao hàng','2024-04-10 23:47:29','2024-04-10 23:47:29'),(491,5,'BH','Đơn báo giá','2024-04-10 23:47:31','2024-04-10 23:47:31'),(492,5,'BG','Xem đơn báo giá','2024-04-10 23:47:33','2024-04-10 23:47:33'),(493,5,'BG','Xem đơn báo giá','2024-04-10 23:47:39','2024-04-10 23:47:39'),(494,5,'BH','Đơn báo giá','2024-04-10 23:47:52','2024-04-10 23:47:52'),(495,5,'BG','Xem đơn báo giá','2024-04-10 23:47:56','2024-04-10 23:47:56'),(496,5,'BH','Đơn báo giá','2024-04-10 23:48:13','2024-04-10 23:48:13'),(497,5,'BG','Xem đơn báo giá','2024-04-10 23:48:19','2024-04-10 23:48:19'),(498,5,'BG','Xem đơn báo giá','2024-04-10 23:48:30','2024-04-10 23:48:30'),(499,5,'BH','Đơn báo giá','2024-04-10 23:48:37','2024-04-10 23:48:37'),(500,5,'BG','Xem đơn báo giá','2024-04-10 23:48:46','2024-04-10 23:48:46'),(501,5,'BG','Xem đơn báo giá','2024-04-10 23:48:52','2024-04-10 23:48:52'),(502,5,'BG','Xem đơn báo giá','2024-04-10 23:49:00','2024-04-10 23:49:00'),(503,5,'BG','Xem đơn báo giá','2024-04-10 23:49:07','2024-04-10 23:49:07'),(504,5,'BH','Đơn báo giá','2024-04-10 23:49:41','2024-04-10 23:49:41'),(505,5,'BG','Xem đơn báo giá','2024-04-10 23:49:58','2024-04-10 23:49:58'),(506,5,'BG','Xem đơn báo giá','2024-04-10 23:50:05','2024-04-10 23:50:05'),(507,5,'BG','Xem đơn báo giá','2024-04-10 23:50:11','2024-04-10 23:50:11'),(508,5,'BG','Xem đơn báo giá','2024-04-10 23:50:17','2024-04-10 23:50:17'),(509,5,'BG','Xem đơn báo giá','2024-04-10 23:50:25','2024-04-10 23:50:25'),(510,5,'BG','Xem đơn báo giá','2024-04-10 23:50:35','2024-04-10 23:50:35'),(511,5,'BG','Xem đơn báo giá','2024-04-10 23:50:43','2024-04-10 23:50:43'),(512,5,'BG','Xem đơn báo giá','2024-04-10 23:50:49','2024-04-10 23:50:49'),(513,5,'BG','Xem đơn báo giá','2024-04-10 23:50:54','2024-04-10 23:50:54'),(514,5,'BG','Xem đơn báo giá','2024-04-10 23:51:01','2024-04-10 23:51:01'),(515,5,'BG','Xem đơn báo giá','2024-04-10 23:51:08','2024-04-10 23:51:08'),(516,5,'BG','Xem đơn báo giá','2024-04-10 23:51:14','2024-04-10 23:51:14'),(517,5,'BG','Xem đơn báo giá','2024-04-10 23:51:20','2024-04-10 23:51:20'),(518,5,'BG','Xem đơn báo giá','2024-04-10 23:51:27','2024-04-10 23:51:27'),(519,5,'BG','Xem đơn báo giá','2024-04-10 23:51:33','2024-04-10 23:51:33'),(520,5,'BG','Xem đơn báo giá','2024-04-10 23:51:38','2024-04-10 23:51:38'),(521,5,'BG','Xem đơn báo giá','2024-04-10 23:51:44','2024-04-10 23:51:44'),(522,5,'BG','Xem đơn báo giá','2024-04-10 23:51:50','2024-04-10 23:51:50'),(523,5,'BG','Xem đơn báo giá','2024-04-10 23:51:55','2024-04-10 23:51:55'),(524,5,'BG','Xem đơn báo giá','2024-04-10 23:52:01','2024-04-10 23:52:01'),(525,5,'BG','Xem đơn báo giá','2024-04-10 23:52:12','2024-04-10 23:52:12'),(526,5,'DMH','DMH','2024-04-10 23:52:35',NULL),(527,5,'DMH','Xem đơn mua hàng','2024-04-10 23:52:38',NULL),(528,5,'DMH','Chỉnh sửa đơn mua hàng','2024-04-10 23:52:41',NULL),(529,5,'DMH','Xem đơn mua hàng','2024-04-10 23:52:43',NULL),(530,5,'DMH','Chỉnh sửa đơn mua hàng','2024-04-10 23:52:46',NULL),(531,5,'DMH','Xem đơn mua hàng','2024-04-10 23:52:48',NULL),(532,5,'DMH','Chỉnh sửa đơn mua hàng','2024-04-10 23:52:51',NULL),(533,5,'DMH','Xem đơn mua hàng','2024-04-10 23:52:53',NULL),(534,5,'DMH','Chỉnh sửa đơn mua hàng','2024-04-10 23:52:56',NULL),(535,5,'DMH','Xem đơn mua hàng','2024-04-10 23:52:58',NULL),(536,5,'DMH','Chỉnh sửa đơn mua hàng','2024-04-10 23:53:00',NULL),(537,5,'DMH','Xem đơn mua hàng','2024-04-10 23:53:03',NULL),(538,5,'DMH','Chỉnh sửa đơn mua hàng','2024-04-10 23:53:05',NULL),(539,5,'DMH','Xem đơn mua hàng','2024-04-10 23:53:07',NULL),(540,5,'DMH','Chỉnh sửa đơn mua hàng','2024-04-10 23:53:09',NULL),(541,5,'DMH','Xem đơn mua hàng','2024-04-10 23:53:11',NULL),(542,5,'DMH','Chỉnh sửa đơn mua hàng','2024-04-10 23:53:13',NULL),(543,5,'DMH','Xem đơn mua hàng','2024-04-10 23:53:17',NULL),(544,5,'DMH','Chỉnh sửa đơn mua hàng','2024-04-10 23:53:20',NULL),(545,5,'DMH','Xem đơn mua hàng','2024-04-10 23:53:25',NULL),(546,5,'DMH','Chỉnh sửa đơn mua hàng','2024-04-10 23:53:27',NULL),(547,5,'DMH','Xem đơn mua hàng','2024-04-10 23:53:33',NULL),(548,5,'DMH','Chỉnh sửa đơn mua hàng','2024-04-10 23:53:37',NULL),(549,5,'DMH','Xem đơn mua hàng','2024-04-10 23:53:40',NULL),(550,5,'DMH','Chỉnh sửa đơn mua hàng','2024-04-10 23:53:43',NULL),(551,5,'DMH','Xem đơn mua hàng','2024-04-10 23:53:45',NULL),(552,5,'DMH','Chỉnh sửa đơn mua hàng','2024-04-10 23:53:48',NULL),(553,5,'DMH','Xem đơn mua hàng','2024-04-10 23:53:51',NULL),(554,5,'DMH','Chỉnh sửa đơn mua hàng','2024-04-10 23:53:53',NULL),(555,5,'DMH','Xem đơn mua hàng','2024-04-10 23:53:56',NULL),(556,5,'DMH','Chỉnh sửa đơn mua hàng','2024-04-10 23:53:58',NULL),(557,5,'DMH','Xem đơn mua hàng','2024-04-10 23:54:03',NULL),(558,5,'DMH','Chỉnh sửa đơn mua hàng','2024-04-10 23:54:05',NULL),(559,5,'DMH','Xem đơn mua hàng','2024-04-10 23:54:08',NULL),(560,5,'DMH','Chỉnh sửa đơn mua hàng','2024-04-10 23:54:10',NULL),(561,5,'DMH','Xem đơn mua hàng','2024-04-10 23:54:13',NULL),(562,5,'DMH','Chỉnh sửa đơn mua hàng','2024-04-10 23:54:16',NULL),(563,5,'DMH','Xem đơn mua hàng','2024-04-10 23:54:20',NULL),(564,5,'DMH','Chỉnh sửa đơn mua hàng','2024-04-10 23:54:22',NULL),(565,5,'DMH','Xem đơn mua hàng','2024-04-10 23:54:24',NULL),(566,5,'DMH','Chỉnh sửa đơn mua hàng','2024-04-10 23:54:27',NULL),(567,5,'DMH','Xem đơn mua hàng','2024-04-10 23:54:30',NULL),(568,5,'DMH','Chỉnh sửa đơn mua hàng','2024-04-10 23:54:33',NULL),(569,5,'DMH','Xem đơn mua hàng','2024-04-10 23:54:37',NULL),(570,5,'DMH','Chỉnh sửa đơn mua hàng','2024-04-10 23:54:40',NULL),(571,5,'DMH','Xem đơn mua hàng','2024-04-10 23:54:43',NULL),(572,5,'DMH','Chỉnh sửa đơn mua hàng','2024-04-10 23:54:45',NULL),(573,5,'DMH','Xem đơn mua hàng','2024-04-10 23:54:48',NULL),(574,5,'DMH','Chỉnh sửa đơn mua hàng','2024-04-10 23:54:51',NULL),(575,5,'DMH','Xem đơn mua hàng','2024-04-10 23:54:54',NULL),(576,5,'DMH','Chỉnh sửa đơn mua hàng','2024-04-10 23:54:57',NULL),(577,5,'DMH','Xem đơn mua hàng','2024-04-10 23:55:01',NULL),(578,5,'DMH','Chỉnh sửa đơn mua hàng','2024-04-10 23:55:03',NULL),(579,5,'DMH','Xem đơn mua hàng','2024-04-10 23:55:06',NULL),(580,5,'DMH','Chỉnh sửa đơn mua hàng','2024-04-10 23:55:09',NULL),(581,5,'DMH','Xem đơn mua hàng','2024-04-10 23:55:13',NULL),(582,5,'DMH','Chỉnh sửa đơn mua hàng','2024-04-10 23:55:15',NULL),(583,5,'DMH','Xem đơn mua hàng','2024-04-10 23:55:19',NULL),(584,5,'DMH','Chỉnh sửa đơn mua hàng','2024-04-10 23:55:21',NULL),(585,5,'DMH','Xem đơn mua hàng','2024-04-10 23:55:23',NULL),(586,5,'DMH','Chỉnh sửa đơn mua hàng','2024-04-10 23:55:25',NULL),(587,5,'DMH','Xem đơn mua hàng','2024-04-10 23:55:29',NULL),(588,5,'DMH','Chỉnh sửa đơn mua hàng','2024-04-10 23:55:31',NULL),(589,5,'DMH','Xem đơn mua hàng','2024-04-10 23:55:33',NULL),(590,5,'DMH','Xem đơn mua hàng','2024-04-10 23:55:38',NULL),(591,5,'DMH','Chỉnh sửa đơn mua hàng','2024-04-10 23:55:41',NULL),(592,5,'DMH','Xem đơn mua hàng','2024-04-10 23:55:46',NULL),(593,5,'DMH','Chỉnh sửa đơn mua hàng','2024-04-10 23:55:48',NULL),(594,5,'DMH','Xem đơn mua hàng','2024-04-10 23:55:51',NULL),(595,5,'DMH','Chỉnh sửa đơn mua hàng','2024-04-10 23:55:53',NULL),(596,5,'DMH','Xem đơn mua hàng','2024-04-10 23:55:56',NULL),(597,5,'DMH','Chỉnh sửa đơn mua hàng','2024-04-10 23:55:58',NULL),(598,5,'DMH','Xem đơn mua hàng','2024-04-10 23:56:02',NULL),(599,5,'DMH','Chỉnh sửa đơn mua hàng','2024-04-10 23:56:04',NULL),(600,5,'DMH','Xem đơn mua hàng','2024-04-10 23:56:08',NULL),(601,5,'DMH','Chỉnh sửa đơn mua hàng','2024-04-10 23:56:11',NULL),(602,5,'DMH','Xem đơn mua hàng','2024-04-10 23:56:13',NULL),(603,5,'DMH','Chỉnh sửa đơn mua hàng','2024-04-10 23:56:15',NULL),(604,5,'DMH','Xem đơn mua hàng','2024-04-10 23:56:18',NULL),(605,5,'DMH','Chỉnh sửa đơn mua hàng','2024-04-10 23:56:21',NULL),(606,5,'DMH','Xem đơn mua hàng','2024-04-10 23:56:23',NULL),(607,5,'DMH','Chỉnh sửa đơn mua hàng','2024-04-10 23:56:26',NULL),(608,5,'DMH','Xem đơn mua hàng','2024-04-10 23:56:29',NULL),(609,5,'DMH','Chỉnh sửa đơn mua hàng','2024-04-10 23:56:32',NULL),(610,5,'DMH','Xem đơn mua hàng','2024-04-10 23:56:34',NULL),(611,5,'DMH','Chỉnh sửa đơn mua hàng','2024-04-10 23:56:36',NULL),(612,5,'DMH','Xem đơn mua hàng','2024-04-10 23:56:39',NULL),(613,5,'DMH','Chỉnh sửa đơn mua hàng','2024-04-10 23:56:42',NULL),(614,5,'DMH','Xem đơn mua hàng','2024-04-10 23:56:53',NULL),(615,5,'DMH','Chỉnh sửa đơn mua hàng','2024-04-10 23:56:59',NULL),(616,5,'DMH','Xem đơn mua hàng','2024-04-10 23:57:01',NULL),(617,5,'DMH','Chỉnh sửa đơn mua hàng','2024-04-10 23:57:04',NULL),(618,5,'DMH','Xem đơn mua hàng','2024-04-10 23:57:07',NULL),(619,5,'DMH','Chỉnh sửa đơn mua hàng','2024-04-10 23:57:10',NULL),(620,5,'DMH','Xem đơn mua hàng','2024-04-10 23:57:12',NULL),(621,5,'DMH','Chỉnh sửa đơn mua hàng','2024-04-10 23:57:15',NULL),(622,5,'DMH','DMH','2024-04-10 23:57:30',NULL),(623,5,'BH','Đơn báo giá','2024-04-10 23:57:34','2024-04-10 23:57:34'),(624,5,'BH','Đơn giao hàng','2024-04-10 23:57:47','2024-04-10 23:57:47'),(625,5,'BH','Hóa đơn bán hàng','2024-04-10 23:57:48','2024-04-10 23:57:48'),(626,5,'BH','Thanh toán bán hàng','2024-04-10 23:57:48','2024-04-10 23:57:48'),(627,5,'BH','Khách hàng','2024-04-10 23:57:49','2024-04-10 23:57:49'),(628,5,'DMH','DMH','2024-04-10 23:57:50',NULL),(629,5,'DNH','DNH','2024-04-10 23:57:52',NULL),(630,5,'HDMH','HDMH','2024-04-10 23:57:53',NULL),(631,5,'TTMH','TTMH','2024-04-10 23:57:54',NULL),(632,5,'NCC','NCC','2024-04-10 23:57:55',NULL),(633,5,'BH','Đơn báo giá','2024-04-10 23:57:57','2024-04-10 23:57:57'),(634,5,'BH','Đơn giao hàng','2024-04-10 23:58:01','2024-04-10 23:58:01'),(635,5,'BH','Hóa đơn bán hàng','2024-04-10 23:58:02','2024-04-10 23:58:02'),(636,5,'BH','Đơn báo giá','2024-04-10 23:58:03','2024-04-10 23:58:03'),(637,4,'BH','Đơn báo giá','2024-04-11 01:01:06','2024-04-11 01:01:06'),(638,4,'BH','Đơn báo giá','2024-04-11 01:01:13','2024-04-11 01:01:13'),(639,9,'DMH','DMH','2024-04-11 01:54:00',NULL),(640,9,'BH','Đơn báo giá','2024-04-11 01:54:02','2024-04-11 01:54:02'),(641,5,'BH','Đơn báo giá','2024-04-11 02:29:12','2024-04-11 02:29:12'),(642,5,'BH','Đơn báo giá','2024-04-11 02:34:18','2024-04-11 02:34:18'),(643,5,'BH','Đơn báo giá','2024-04-11 02:35:20','2024-04-11 02:35:20'),(644,5,'BG','Tạo mới','2024-04-11 02:35:25','2024-04-11 02:35:25'),(645,5,'BG','Thêm sản phẩm','2024-04-11 02:35:31','2024-04-11 02:35:31'),(646,5,'BG','Thêm sản phẩm','2024-04-11 02:35:33','2024-04-11 02:35:33'),(647,5,'BG','Lưu nháp','2024-04-11 02:37:11','2024-04-11 02:37:11'),(648,5,'BH','Đơn giao hàng','2024-04-11 02:37:33','2024-04-11 02:37:33'),(649,5,'BH','Đơn báo giá','2024-04-11 02:37:37','2024-04-11 02:37:37'),(650,5,'BG','Xem đơn báo giá','2024-04-11 02:37:39','2024-04-11 02:37:39'),(651,5,'BG','Tạo đơn mua hàng','2024-04-11 02:37:48','2024-04-11 02:37:48'),(652,5,'DMH','Tạo mới đơn mua hàng','2024-04-11 02:38:10',NULL),(653,5,'DMH','Xem đơn mua hàng','2024-04-11 02:38:16',NULL),(654,5,'DNH','Nhận hàng đơn nhận hàng','2024-04-11 02:38:27',NULL),(655,5,'BH','Đơn giao hàng','2024-04-11 02:38:50','2024-04-11 02:38:50'),(656,5,'GH','Tạo mới','2024-04-11 02:38:56','2024-04-11 02:38:56'),(657,5,'GH','Lấy thông tin từ số báo giá','2024-04-11 02:39:19','2024-04-11 02:39:19'),(658,5,'GH','Giao hàng','2024-04-11 02:39:27','2024-04-11 02:39:27'),(659,5,'BH','Đơn báo giá','2024-04-11 02:39:34','2024-04-11 02:39:34'),(660,5,'BH','Hóa đơn bán hàng','2024-04-11 02:39:55','2024-04-11 02:39:55'),(661,5,'HDBH','Tạo mới','2024-04-11 02:39:58','2024-04-11 02:39:58'),(662,5,'HDBH','Lấy thông tin từ số báo giá','2024-04-11 02:40:03','2024-04-11 02:40:03'),(663,5,'HDBH','Xác nhận hóa đơn bán hàng','2024-04-11 02:40:13','2024-04-11 02:40:13'),(664,5,'BH','Đơn báo giá','2024-04-11 02:40:16','2024-04-11 02:40:16'),(665,5,'BH','Thanh toán bán hàng','2024-04-11 02:40:31','2024-04-11 02:40:31'),(666,5,'TT','Tạo mới','2024-04-11 02:40:35','2024-04-11 02:40:35'),(667,5,'BH','Đơn báo giá','2024-04-11 02:40:41','2024-04-11 02:40:41'),(668,5,'BH','Thanh toán bán hàng','2024-04-11 02:41:08','2024-04-11 02:41:08'),(669,5,'TT','Tạo mới','2024-04-11 02:41:11','2024-04-11 02:41:11'),(670,5,'TT','Lấy thông tin từ số báo giá','2024-04-11 02:41:15','2024-04-11 02:41:15'),(671,5,'TT','Xác nhận','2024-04-11 02:41:26','2024-04-11 02:41:26'),(672,5,'BH','Khách hàng','2024-04-11 02:42:06','2024-04-11 02:42:06'),(673,3,'DMH','DMH','2024-04-11 03:46:50',NULL),(674,3,'DNH','DNH','2024-04-11 03:48:05',NULL),(675,3,'BH','Đơn báo giá','2024-04-11 03:48:40','2024-04-11 03:48:40'),(676,3,'BG','Xem đơn báo giá','2024-04-11 03:48:42','2024-04-11 03:48:42'),(677,3,'BG','Xem lịch sử chỉnh sửa báo giá','2024-04-11 03:48:57','2024-04-11 03:48:57'),(678,3,'BG','Xem thông tin sản phẩm báo giá','2024-04-11 03:48:58','2024-04-11 03:48:58'),(679,3,'BG','Xem lịch sử chỉnh sửa báo giá','2024-04-11 03:49:01','2024-04-11 03:49:01'),(680,3,'BG','Xem file đính kèm báo giá','2024-04-11 03:49:02','2024-04-11 03:49:02'),(681,3,'BG','Xem thông tin sản phẩm báo giá','2024-04-11 03:49:03','2024-04-11 03:49:03'),(682,10,'BH','Đơn báo giá','2024-04-11 08:45:08','2024-04-11 08:45:08'),(683,10,'BH','Đơn giao hàng','2024-04-11 08:45:11','2024-04-11 08:45:11'),(684,10,'BH','Hóa đơn bán hàng','2024-04-11 08:45:14','2024-04-11 08:45:14'),(685,10,'BH','Đơn giao hàng','2024-04-11 08:45:15','2024-04-11 08:45:15'),(686,10,'BH','Hóa đơn bán hàng','2024-04-11 08:45:17','2024-04-11 08:45:17'),(687,10,'BH','Đơn báo giá','2024-04-11 08:45:20','2024-04-11 08:45:20'),(688,10,'BH','Đơn giao hàng','2024-04-11 08:45:21','2024-04-11 08:45:21'),(689,10,'BH','Hóa đơn bán hàng','2024-04-11 08:45:24','2024-04-11 08:45:24'),(690,10,'BH','Thanh toán bán hàng','2024-04-11 08:45:25','2024-04-11 08:45:25'),(691,10,'BH','Khách hàng','2024-04-11 08:45:27','2024-04-11 08:45:27'),(692,10,'DMH','DMH','2024-04-11 08:45:30',NULL),(693,10,'BH','Khách hàng','2024-04-11 08:45:33','2024-04-11 08:45:33'),(694,10,'DMH','DMH','2024-04-11 08:45:38',NULL),(695,10,'DNH','DNH','2024-04-11 08:45:39',NULL),(696,10,'HDMH','HDMH','2024-04-11 08:45:41',NULL),(697,10,'TTMH','TTMH','2024-04-11 08:45:43',NULL),(698,10,'NCC','NCC','2024-04-11 08:45:45',NULL),(699,10,'TTMH','TTMH','2024-04-11 08:45:46',NULL),(700,10,'NCC','NCC','2024-04-11 08:45:48',NULL),(701,10,'TTMH','TTMH','2024-04-11 08:45:49',NULL),(702,10,'DNH','DNH','2024-04-11 08:45:51',NULL),(703,10,'DMH','DMH','2024-04-11 08:45:52',NULL),(704,10,'NCC','NCC','2024-04-11 08:45:55',NULL),(705,10,'BH','Khách hàng','2024-04-11 08:45:57','2024-04-11 08:45:57'),(706,10,'DMH','DMH','2024-04-11 08:46:10',NULL),(707,10,'BH','Đơn báo giá','2024-04-11 08:46:12','2024-04-11 08:46:12'),(708,5,'BH','Đơn báo giá','2024-04-11 12:05:57','2024-04-11 12:05:57'),(709,5,'BG','Xem đơn báo giá','2024-04-11 12:06:00','2024-04-11 12:06:00'),(710,5,'BG','Xuất pdf','2024-04-11 12:06:05','2024-04-11 12:06:05'),(711,5,'BH','Đơn giao hàng','2024-04-11 12:06:36','2024-04-11 12:06:36'),(712,5,'GH','Xem đơn giao hàng','2024-04-11 12:06:38','2024-04-11 12:06:38'),(713,5,'GH','Xuất file pdf','2024-04-11 12:06:41','2024-04-11 12:06:41'),(714,3,'BH','Đơn báo giá','2024-04-11 12:57:45','2024-04-11 12:57:45'),(715,3,'BG','Xem đơn báo giá','2024-04-11 12:57:56','2024-04-11 12:57:56'),(716,3,'BG','Xem lịch sử chỉnh sửa báo giá','2024-04-11 12:57:59','2024-04-11 12:57:59'),(717,3,'BG','Xem file đính kèm báo giá','2024-04-11 12:58:01','2024-04-11 12:58:01'),(718,3,'BG','Xem lịch sử chỉnh sửa báo giá','2024-04-11 12:58:02','2024-04-11 12:58:02'),(719,3,'BG','Xem thông tin sản phẩm báo giá','2024-04-11 12:58:03','2024-04-11 12:58:03'),(720,3,'BH','Đơn báo giá','2024-04-11 12:58:05','2024-04-11 12:58:05'),(721,3,'BH','Đơn giao hàng','2024-04-11 12:58:39','2024-04-11 12:58:39'),(722,3,'GH','Xem đơn giao hàng','2024-04-11 12:58:46','2024-04-11 12:58:46'),(723,3,'GH','Xem file đính kèm giao hàng','2024-04-11 12:58:49','2024-04-11 12:58:49'),(724,3,'GH','Xem thông tin sản phẩm giao hàng','2024-04-11 12:58:49','2024-04-11 12:58:49'),(725,3,'BH','Hóa đơn bán hàng','2024-04-11 12:58:55','2024-04-11 12:58:55'),(726,3,'BH','Thanh toán bán hàng','2024-04-11 12:59:04','2024-04-11 12:59:04'),(727,3,'BH','Khách hàng','2024-04-11 12:59:16','2024-04-11 12:59:16'),(728,3,'DMH','DMH','2024-04-11 12:59:20',NULL),(729,3,'DNH','DNH','2024-04-11 12:59:29',NULL),(730,3,'DMH','DMH','2024-04-11 12:59:36',NULL),(731,3,'DNH','DNH','2024-04-11 12:59:40',NULL),(732,3,'DNH','Xem đơn nhận hàng','2024-04-11 13:00:55',NULL),(733,3,'HDMH','HDMH','2024-04-11 13:00:59',NULL),(734,3,'TTMH','TTMH','2024-04-11 13:01:11',NULL),(735,3,'HDMH','HDMH','2024-04-11 13:01:20',NULL),(736,3,'DNH','DNH','2024-04-11 13:02:07',NULL),(737,3,'TTMH','TTMH','2024-04-11 13:02:39',NULL),(738,3,'TTMH','Xem thanh toán mua hàng','2024-04-11 13:03:00',NULL),(739,3,'NCC','NCC','2024-04-11 13:03:09',NULL),(740,3,'NCC','Xem nhà cung cấp','2024-04-11 13:03:18',NULL),(741,3,'NCC','Lịch sử mua hàng','2024-04-11 13:03:24',NULL),(742,3,'NCC','File đính kèm','2024-04-11 13:03:27',NULL),(743,3,'NCC','Lịch sử mua hàng','2024-04-11 13:03:44',NULL),(744,3,'NCC','Xem thông tin','2024-04-11 13:03:45',NULL),(745,3,'NCC','Lịch sử mua hàng','2024-04-11 13:03:46',NULL),(746,3,'NCC','File đính kèm','2024-04-11 13:03:46',NULL),(747,3,'NCC','Lịch sử mua hàng','2024-04-11 13:03:48',NULL),(748,3,'NCC','File đính kèm','2024-04-11 13:03:49',NULL),(749,3,'NCC','Lịch sử mua hàng','2024-04-11 13:03:49',NULL),(750,3,'NCC','File đính kèm','2024-04-11 13:03:50',NULL),(751,3,'NCC','Lịch sử mua hàng','2024-04-11 13:03:51',NULL),(752,3,'NCC','File đính kèm','2024-04-11 13:03:52',NULL),(753,3,'DMH','DMH','2024-04-11 13:08:24',NULL),(754,3,'DMH','Xem đơn mua hàng','2024-04-11 13:08:33',NULL),(755,3,'HDMH','HDMH','2024-04-11 13:08:49',NULL),(756,3,'DNH','DNH','2024-04-11 13:08:59',NULL),(757,3,'TTMH','TTMH','2024-04-11 13:09:08',NULL),(758,3,'TTMH','Xem thanh toán mua hàng','2024-04-11 13:09:15',NULL),(759,3,'BH','Đơn báo giá','2024-04-11 13:09:41','2024-04-11 13:09:41'),(760,3,'BH','Hóa đơn bán hàng','2024-04-11 13:09:50','2024-04-11 13:09:50'),(761,3,'BH','Thanh toán bán hàng','2024-04-11 13:09:54','2024-04-11 13:09:54'),(762,3,'BH','Đơn giao hàng','2024-04-11 13:10:02','2024-04-11 13:10:02'),(763,3,'GH','Xem đơn giao hàng','2024-04-11 13:10:07','2024-04-11 13:10:07'),(764,3,'BH','Đơn báo giá','2024-04-12 03:50:40','2024-04-12 03:50:40'),(765,4,'BH','Đơn báo giá','2024-04-12 05:00:33','2024-04-12 05:00:33'),(766,4,'BG','Tạo mới','2024-04-12 05:00:34','2024-04-12 05:00:34'),(767,4,'BH','Đơn giao hàng','2024-04-12 05:00:40','2024-04-12 05:00:40'),(768,4,'GH','Tạo mới','2024-04-12 05:00:42','2024-04-12 05:00:42'),(769,4,'BH','Hóa đơn bán hàng','2024-04-12 05:00:44','2024-04-12 05:00:44'),(770,4,'BH','Đơn báo giá','2024-04-12 05:00:49','2024-04-12 05:00:49'),(771,5,'BH','Đơn báo giá','2024-04-12 07:36:18','2024-04-12 07:36:18'),(772,5,'BH','Đơn giao hàng','2024-04-12 07:36:37','2024-04-12 07:36:37'),(773,5,'BH','Đơn báo giá','2024-04-12 07:36:39','2024-04-12 07:36:39'),(774,5,'BG','Xem đơn báo giá','2024-04-12 07:36:59','2024-04-12 07:36:59'),(775,5,'BH','Đơn báo giá','2024-04-12 07:37:01','2024-04-12 07:37:01'),(776,5,'BG','Xem đơn báo giá','2024-04-12 07:37:08','2024-04-12 07:37:08'),(777,5,'BG','Hủy','2024-04-12 07:37:15','2024-04-12 07:37:15'),(778,5,'BG','Xem đơn báo giá','2024-04-12 07:37:18','2024-04-12 07:37:18'),(779,5,'BG','Xem lịch sử chỉnh sửa báo giá','2024-04-12 07:37:57','2024-04-12 07:37:57'),(780,5,'BG','Xem file đính kèm báo giá','2024-04-12 07:37:58','2024-04-12 07:37:58'),(781,5,'BG','Xem thông tin sản phẩm báo giá','2024-04-12 07:38:00','2024-04-12 07:38:00'),(782,5,'BH','Đơn báo giá','2024-04-12 07:38:09','2024-04-12 07:38:09'),(783,5,'BG','Xem đơn báo giá','2024-04-12 07:38:13','2024-04-12 07:38:13'),(784,5,'BH','Đơn báo giá','2024-04-12 07:38:25','2024-04-12 07:38:25'),(785,5,'BH','Đơn giao hàng','2024-04-12 07:38:55','2024-04-12 07:38:55'),(786,5,'BH','Đơn báo giá','2024-04-12 07:39:34','2024-04-12 07:39:34'),(787,5,'BH','Đơn báo giá','2024-04-12 08:15:30','2024-04-12 08:15:30'),(788,5,'BH','Đơn báo giá','2024-04-12 09:08:02','2024-04-12 09:08:02'),(789,5,'BH','Đơn báo giá','2024-04-12 09:08:42','2024-04-12 09:08:42'),(790,5,'BG','Xem đơn báo giá','2024-04-12 09:08:43','2024-04-12 09:08:43'),(791,5,'BH','Đơn giao hàng','2024-04-12 09:09:06','2024-04-12 09:09:06'),(792,5,'BH','Đơn giao hàng','2024-04-12 09:09:14','2024-04-12 09:09:14'),(793,5,'BH','Đơn báo giá','2024-04-12 09:09:19','2024-04-12 09:09:19'),(794,5,'BG','Xem đơn báo giá','2024-04-12 09:09:21','2024-04-12 09:09:21'),(795,5,'BH','Đơn giao hàng','2024-04-12 09:09:24','2024-04-12 09:09:24'),(796,5,'BH','Đơn báo giá','2024-04-12 09:09:26','2024-04-12 09:09:26'),(797,5,'BH','Đơn giao hàng','2024-04-12 09:27:04','2024-04-12 09:27:04'),(798,5,'BH','Hóa đơn bán hàng','2024-04-12 09:27:32','2024-04-12 09:27:32'),(799,5,'BH','Đơn giao hàng','2024-04-12 09:27:33','2024-04-12 09:27:33'),(800,5,'BH','Đơn báo giá','2024-04-12 09:27:36','2024-04-12 09:27:36'),(801,9,'BH','Đơn báo giá','2024-04-12 09:38:45','2024-04-12 09:38:45'),(802,9,'BH','Đơn báo giá','2024-04-12 09:44:20','2024-04-12 09:44:20'),(803,3,'BH','Đơn báo giá','2024-04-12 15:18:57','2024-04-12 15:18:57'),(804,7,'BH','Đơn giao hàng','2024-04-13 01:39:50','2024-04-13 01:39:50'),(805,7,'BH','Hóa đơn bán hàng','2024-04-13 01:40:10','2024-04-13 01:40:10'),(806,7,'BH','Thanh toán bán hàng','2024-04-13 01:40:16','2024-04-13 01:40:16'),(807,7,'TT','Xem đơn thanh toán','2024-04-13 01:40:40','2024-04-13 01:40:40'),(808,7,'TT','Xem lịch sử thanh toán','2024-04-13 01:40:55','2024-04-13 01:40:55'),(809,7,'TT','Xem thông tin sản phẩm thanh toán','2024-04-13 01:40:59','2024-04-13 01:40:59'),(810,7,'BH','Khách hàng','2024-04-13 01:41:14','2024-04-13 01:41:14'),(811,7,'BH','Thanh toán bán hàng','2024-04-13 01:41:17','2024-04-13 01:41:17'),(812,5,'BH','Đơn giao hàng','2024-04-13 04:12:40','2024-04-13 04:12:40'),(813,5,'GH','Xem đơn giao hàng','2024-04-13 04:12:42','2024-04-13 04:12:42'),(814,5,'GH','Xuất file pdf','2024-04-13 04:12:44','2024-04-13 04:12:44'),(815,3,'BH','Đơn báo giá','2024-04-13 14:14:05','2024-04-13 14:14:05'),(816,3,'BG','Xem đơn báo giá','2024-04-13 14:14:11','2024-04-13 14:14:11'),(817,3,'DMH','DMH','2024-04-13 15:35:28',NULL),(818,3,'BH','Đơn báo giá','2024-04-15 01:43:36','2024-04-15 01:43:36'),(819,3,'BG','Xem đơn báo giá','2024-04-15 01:43:44','2024-04-15 01:43:44'),(820,3,'BH','Đơn báo giá','2024-04-15 01:57:13','2024-04-15 01:57:13'),(821,5,'BH','Đơn báo giá','2024-04-15 02:05:07','2024-04-15 02:05:07'),(822,5,'BH','Đơn giao hàng','2024-04-15 02:05:08','2024-04-15 02:05:08'),(823,5,'GH','Xem đơn giao hàng','2024-04-15 02:05:13','2024-04-15 02:05:13'),(824,5,'GH','Tạo mới','2024-04-15 02:05:21','2024-04-15 02:05:21'),(825,5,'BH','Đơn báo giá','2024-04-15 02:05:24','2024-04-15 02:05:24'),(826,5,'BH','Đơn giao hàng','2024-04-15 02:05:28','2024-04-15 02:05:28'),(827,3,'BH','Đơn giao hàng','2024-04-15 02:12:58','2024-04-15 02:12:58'),(828,5,'BH','Hóa đơn bán hàng','2024-04-15 02:15:43','2024-04-15 02:15:43'),(829,5,'BH','Thanh toán bán hàng','2024-04-15 02:15:47','2024-04-15 02:15:47'),(830,5,'BH','Hóa đơn bán hàng','2024-04-15 02:16:10','2024-04-15 02:16:10'),(831,5,'BH','Thanh toán bán hàng','2024-04-15 02:16:26','2024-04-15 02:16:26'),(832,5,'BH','Hóa đơn bán hàng','2024-04-15 02:16:32','2024-04-15 02:16:32'),(833,5,'BH','Thanh toán bán hàng','2024-04-15 02:17:02','2024-04-15 02:17:02'),(834,5,'TT','Tạo mới','2024-04-15 02:17:13','2024-04-15 02:17:13'),(835,5,'BH','Thanh toán bán hàng','2024-04-15 02:17:59','2024-04-15 02:17:59'),(836,5,'BH','Thanh toán bán hàng','2024-04-15 02:18:20','2024-04-15 02:18:20'),(837,5,'BH','Hóa đơn bán hàng','2024-04-15 02:18:25','2024-04-15 02:18:25'),(838,5,'BH','Thanh toán bán hàng','2024-04-15 02:18:27','2024-04-15 02:18:27'),(839,5,'BH','Hóa đơn bán hàng','2024-04-15 02:18:45','2024-04-15 02:18:45'),(840,5,'BH','Thanh toán bán hàng','2024-04-15 02:18:54','2024-04-15 02:18:54'),(841,5,'TT','Tạo mới','2024-04-15 02:20:20','2024-04-15 02:20:20'),(842,5,'BH','Thanh toán bán hàng','2024-04-15 02:21:50','2024-04-15 02:21:50'),(843,5,'BH','Thanh toán bán hàng','2024-04-15 02:21:54','2024-04-15 02:21:54'),(844,5,'TT','Tạo mới','2024-04-15 02:21:55','2024-04-15 02:21:55'),(845,5,'BH','Thanh toán bán hàng','2024-04-15 02:23:36','2024-04-15 02:23:36'),(846,5,'BH','Hóa đơn bán hàng','2024-04-15 02:23:46','2024-04-15 02:23:46'),(847,5,'BH','Thanh toán bán hàng','2024-04-15 02:23:49','2024-04-15 02:23:49'),(848,5,'BH','Hóa đơn bán hàng','2024-04-15 02:38:40','2024-04-15 02:38:40'),(849,5,'BH','Đơn giao hàng','2024-04-15 02:38:57','2024-04-15 02:38:57'),(850,5,'BH','Khách hàng','2024-04-15 02:39:06','2024-04-15 02:39:06'),(851,5,'BH','Thanh toán bán hàng','2024-04-15 02:39:07','2024-04-15 02:39:07'),(852,5,'BH','Thanh toán bán hàng','2024-04-15 02:39:10','2024-04-15 02:39:10'),(853,3,'GH','Xem đơn giao hàng','2024-04-15 02:53:42','2024-04-15 02:53:42'),(854,3,'BH','Đơn giao hàng','2024-04-15 03:08:33','2024-04-15 03:08:33'),(855,5,'BH','Khách hàng','2024-04-15 03:20:53','2024-04-15 03:20:53'),(856,5,'BH','Đơn báo giá','2024-04-15 03:20:57','2024-04-15 03:20:57'),(857,5,'BH','Hóa đơn bán hàng','2024-04-15 03:20:58','2024-04-15 03:20:58'),(858,5,'BH','Thanh toán bán hàng','2024-04-15 03:20:59','2024-04-15 03:20:59'),(859,5,'BH','Khách hàng','2024-04-15 03:21:01','2024-04-15 03:21:01'),(860,5,'BH','Đơn báo giá','2024-04-15 04:19:41','2024-04-15 04:19:41'),(861,5,'BG','Tạo mới','2024-04-15 04:19:42','2024-04-15 04:19:42'),(862,5,'BG','Thêm sản phẩm','2024-04-15 04:19:44','2024-04-15 04:19:44'),(863,5,'BG','Lưu nháp','2024-04-15 04:19:55','2024-04-15 04:19:55'),(864,5,'BH','Đơn giao hàng','2024-04-15 04:20:01','2024-04-15 04:20:01'),(865,5,'BH','Đơn báo giá','2024-04-15 04:20:05','2024-04-15 04:20:05'),(866,5,'BG','Xem đơn báo giá','2024-04-15 04:20:06','2024-04-15 04:20:06'),(867,5,'BG','Tạo đơn mua hàng','2024-04-15 04:20:10','2024-04-15 04:20:10'),(868,5,'DMH','Tạo mới đơn mua hàng','2024-04-15 04:20:25',NULL),(869,5,'DMH','Xem đơn mua hàng','2024-04-15 04:20:28',NULL),(870,5,'DNH','Nhận hàng đơn nhận hàng','2024-04-15 04:21:27',NULL),(871,5,'BH','Đơn giao hàng','2024-04-15 04:21:32','2024-04-15 04:21:32'),(872,5,'GH','Tạo mới','2024-04-15 04:21:33','2024-04-15 04:21:33'),(873,5,'GH','Thêm sản phẩm','2024-04-15 04:21:35','2024-04-15 04:21:35'),(874,5,'BG','Xóa sản phẩm','2024-04-15 04:21:36','2024-04-15 04:21:36'),(875,5,'GH','Lấy thông tin từ số báo giá','2024-04-15 04:21:37','2024-04-15 04:21:37'),(876,5,'BH','Khách hàng','2024-04-15 04:22:58','2024-04-15 04:22:58'),(877,5,'BH','Đơn báo giá','2024-04-15 04:23:00','2024-04-15 04:23:00'),(878,5,'DNH','DNH','2024-04-15 04:23:02',NULL),(879,5,'DNH','Xem đơn nhận hàng','2024-04-15 04:23:08',NULL),(880,5,'BH','Đơn báo giá','2024-04-15 04:23:22','2024-04-15 04:23:22'),(881,5,'BH','Đơn giao hàng','2024-04-15 04:23:24','2024-04-15 04:23:24'),(882,5,'GH','Xem đơn giao hàng','2024-04-15 04:23:26','2024-04-15 04:23:26'),(883,5,'BH','Đơn báo giá','2024-04-15 04:23:28','2024-04-15 04:23:28'),(884,5,'BG','Xóa đơn báo giá','2024-04-15 04:23:32','2024-04-15 04:23:32'),(885,5,'DNH','DNH','2024-04-15 04:23:35',NULL),(886,5,'DNH','Xóa đơn nhận hàng','2024-04-15 04:23:38',NULL),(887,5,'DMH','DMH','2024-04-15 04:23:40',NULL),(888,5,'DMH','Xóa đơn mua hàng',NULL,NULL),(889,5,'DNH','DNH','2024-04-15 15:29:22',NULL),(890,5,'DNH','Tạo mới','2024-04-15 15:29:23',NULL),(891,5,'DMH','DMH','2024-04-15 15:35:54',NULL),(892,5,'DMH','Tạo mới','2024-04-15 15:35:56',NULL),(893,5,'DNH','DNH','2024-04-15 15:35:59',NULL),(894,5,'DNH','Tạo mới','2024-04-15 15:36:00',NULL),(895,5,'HDMH','HDMH','2024-04-15 15:36:09',NULL),(896,5,'HDMH','HDMH','2024-04-15 15:36:11',NULL),(897,5,'DNH','DNH','2024-04-15 15:37:59',NULL),(898,5,'DNH','Tạo mới','2024-04-15 15:38:00',NULL),(899,5,'BH','Đơn giao hàng','2024-04-15 15:38:07','2024-04-15 15:38:07'),(900,5,'GH','Tạo mới','2024-04-15 15:38:15','2024-04-15 15:38:15'),(901,5,'GH','Thêm sản phẩm','2024-04-15 15:38:17','2024-04-15 15:38:17'),(902,5,'BH','Hóa đơn bán hàng','2024-04-15 15:38:29','2024-04-15 15:38:29'),(903,5,'BH','Thanh toán bán hàng','2024-04-15 15:38:30','2024-04-15 15:38:30'),(904,5,'BH','Khách hàng','2024-04-15 15:38:32','2024-04-15 15:38:32'),(905,5,'BH','Hóa đơn bán hàng','2024-04-15 15:38:33','2024-04-15 15:38:33'),(906,5,'HDBH','Tạo mới','2024-04-15 15:38:35','2024-04-15 15:38:35'),(907,5,'DNH','DNH','2024-04-15 15:38:39',NULL),(908,5,'DNH','Tạo mới','2024-04-15 15:38:41',NULL),(909,5,'DMH','DMH','2024-04-15 15:38:44',NULL),(910,5,'DMH','Tạo mới','2024-04-15 15:38:45',NULL),(911,5,'DNH','DNH','2024-04-15 15:38:48',NULL),(912,5,'DNH','Tạo mới','2024-04-15 15:38:50',NULL),(913,5,'HDMH','HDMH','2024-04-15 15:38:52',NULL),(914,5,'HDMH','HDMH','2024-04-15 15:38:53',NULL),(915,5,'TTMH','TTMH','2024-04-15 15:38:56',NULL),(916,5,'TTMH','Tạo mới','2024-04-15 15:38:57',NULL),(917,5,'DNH','DNH','2024-04-15 15:38:59',NULL),(918,5,'DNH','Tạo mới','2024-04-15 15:39:01',NULL),(919,5,'DNH','DNH','2024-04-15 15:40:55',NULL),(920,5,'DMH','DMH','2024-04-15 15:40:56',NULL),(921,5,'DMH','Tạo mới','2024-04-15 15:40:58',NULL),(922,5,'DMH','Thêm sản phẩm','2024-04-15 15:40:59',NULL),(923,5,'DNH','DNH','2024-04-15 15:41:04',NULL),(924,5,'DNH','Tạo mới','2024-04-15 15:41:05',NULL),(925,5,'DMH','DMH','2024-04-15 15:41:10',NULL),(926,5,'DNH','DNH','2024-04-15 15:41:24',NULL),(927,5,'DNH','Tạo mới','2024-04-15 15:41:25',NULL),(928,5,'BH','Hóa đơn bán hàng','2024-04-15 15:42:05','2024-04-15 15:42:05'),(929,5,'HDBH','Tạo mới','2024-04-15 15:42:06','2024-04-15 15:42:06'),(930,7,'BH','Đơn báo giá','2024-04-16 03:36:39','2024-04-16 03:36:39'),(931,7,'BG','Xem đơn báo giá','2024-04-16 03:36:43','2024-04-16 03:36:43'),(932,7,'BH','Đơn giao hàng','2024-04-16 03:37:07','2024-04-16 03:37:07'),(933,7,'BH','Hóa đơn bán hàng','2024-04-16 03:37:15','2024-04-16 03:37:15'),(934,7,'BH','Thanh toán bán hàng','2024-04-16 03:37:21','2024-04-16 03:37:21'),(935,7,'BH','Thanh toán bán hàng','2024-04-16 03:38:18','2024-04-16 03:38:18'),(936,7,'TT','Xem đơn thanh toán','2024-04-16 03:38:25','2024-04-16 03:38:25'),(937,2,'BH','Khách hàng','2024-04-16 03:38:29','2024-04-16 03:38:29'),(938,2,'BH','Thanh toán bán hàng','2024-04-16 03:38:31','2024-04-16 03:38:31'),(939,5,'BH','Thanh toán bán hàng','2024-04-16 03:38:32','2024-04-16 03:38:32'),(940,2,'TT','Xem đơn thanh toán','2024-04-16 03:38:53','2024-04-16 03:38:53'),(941,7,'TT','Xem lịch sử thanh toán','2024-04-16 03:39:11','2024-04-16 03:39:11'),(942,5,'TT','Xem đơn thanh toán','2024-04-16 03:39:27','2024-04-16 03:39:27'),(943,5,'TT','Trở về','2024-04-16 03:39:56','2024-04-16 03:39:56'),(944,5,'BH','Hóa đơn bán hàng','2024-04-16 03:40:36','2024-04-16 03:40:36'),(945,5,'BH','Đơn giao hàng','2024-04-16 03:40:38','2024-04-16 03:40:38'),(946,5,'BH','Đơn báo giá','2024-04-16 03:40:40','2024-04-16 03:40:40'),(947,5,'BH','Đơn giao hàng','2024-04-16 03:40:43','2024-04-16 03:40:43'),(948,7,'TTMH','TTMH','2024-04-16 03:40:45',NULL),(949,5,'GH','Xem đơn giao hàng','2024-04-16 03:40:46','2024-04-16 03:40:46'),(950,7,'TTMH','Xem thanh toán mua hàng','2024-04-16 03:40:48',NULL),(951,5,'GH','Trở về','2024-04-16 03:40:50','2024-04-16 03:40:50'),(952,5,'BH','Hóa đơn bán hàng','2024-04-16 03:40:52','2024-04-16 03:40:52'),(953,5,'BH','Thanh toán bán hàng','2024-04-16 03:40:56','2024-04-16 03:40:56'),(954,2,'BH','Thanh toán bán hàng','2024-04-16 03:41:23','2024-04-16 03:41:23'),(955,2,'TT','Xem đơn thanh toán','2024-04-16 03:41:33','2024-04-16 03:41:33'),(956,5,'TT','Xem đơn thanh toán','2024-04-16 03:41:56','2024-04-16 03:41:56'),(957,5,'BH','Hóa đơn bán hàng','2024-04-16 03:41:59','2024-04-16 03:41:59'),(958,5,'HDBH','Xem hóa đơn bán hàng','2024-04-16 03:42:03','2024-04-16 03:42:03'),(959,5,'BH','Thanh toán bán hàng','2024-04-16 03:42:07','2024-04-16 03:42:07'),(960,5,'TT','Xem đơn thanh toán','2024-04-16 03:42:11','2024-04-16 03:42:11'),(961,2,'TT','Xem đơn thanh toán','2024-04-16 03:44:40','2024-04-16 03:44:40'),(962,2,'TT','Xem lịch sử thanh toán','2024-04-16 03:44:42','2024-04-16 03:44:42'),(963,2,'BH','Thanh toán bán hàng','2024-04-16 03:44:49','2024-04-16 03:44:49'),(964,2,'TT','Xem đơn thanh toán','2024-04-16 03:44:54','2024-04-16 03:44:54'),(965,5,'TT','Xem đơn thanh toán','2024-04-16 03:46:44','2024-04-16 03:46:44'),(966,5,'TT','Xem đơn thanh toán','2024-04-16 03:47:06','2024-04-16 03:47:06'),(967,5,'TT','Xem đơn thanh toán','2024-04-16 03:47:50','2024-04-16 03:47:50'),(968,5,'TT','Xem lịch sử thanh toán','2024-04-16 03:47:51','2024-04-16 03:47:51'),(969,5,'TT','Xem thông tin sản phẩm thanh toán','2024-04-16 03:47:54','2024-04-16 03:47:54'),(970,5,'TT','Xem đơn thanh toán','2024-04-16 03:48:05','2024-04-16 03:48:05'),(971,5,'TT','Xem lịch sử thanh toán','2024-04-16 03:56:51','2024-04-16 03:56:51'),(972,5,'TT','Xem file đính kèm','2024-04-16 04:00:03','2024-04-16 04:00:03'),(973,5,'TT','Xem lịch sử thanh toán','2024-04-16 04:00:03','2024-04-16 04:00:03'),(974,5,'TT','Xem thông tin sản phẩm thanh toán','2024-04-16 04:00:03','2024-04-16 04:00:03'),(975,5,'BH','Thanh toán bán hàng','2024-04-16 04:24:38','2024-04-16 04:24:38'),(976,5,'TT','Tạo mới','2024-04-16 04:24:41','2024-04-16 04:24:41'),(977,3,'TTMH','TTMH','2024-04-16 04:35:53',NULL),(978,3,'TTMH','Xem thanh toán mua hàng','2024-04-16 04:35:55',NULL),(979,3,'BH','Đơn giao hàng','2024-04-16 04:43:20','2024-04-16 04:43:20'),(980,3,'GH','Tạo mới','2024-04-16 04:43:22','2024-04-16 04:43:22'),(981,3,'GH','Thêm sản phẩm','2024-04-16 04:43:28','2024-04-16 04:43:28'),(982,2,'BH','Đơn báo giá','2024-04-17 02:56:08','2024-04-17 02:56:08'),(983,4,'BH','Đơn báo giá','2024-04-17 02:57:59','2024-04-17 02:57:59'),(984,4,'BH','Đơn báo giá','2024-04-17 03:01:44','2024-04-17 03:01:44'),(985,4,'BH','Thanh toán bán hàng','2024-04-17 03:03:36','2024-04-17 03:03:36'),(986,5,'BH','Đơn báo giá','2024-04-17 09:04:11','2024-04-17 09:04:11'),(987,5,'BG','Xem đơn báo giá','2024-04-17 09:04:14','2024-04-17 09:04:14'),(988,5,'BG','Xuất pdf','2024-04-17 09:04:19','2024-04-17 09:04:19'),(989,5,'BH','Đơn giao hàng','2024-04-17 09:04:31','2024-04-17 09:04:31'),(990,5,'GH','Xem đơn giao hàng','2024-04-17 09:04:33','2024-04-17 09:04:33'),(991,5,'GH','Xuất file pdf','2024-04-17 09:04:35','2024-04-17 09:04:35'),(992,5,'BH','Đơn giao hàng','2024-04-17 09:05:00','2024-04-17 09:05:00'),(993,5,'GH','Xem đơn giao hàng','2024-04-17 09:05:02','2024-04-17 09:05:02'),(994,5,'GH','Xuất file pdf','2024-04-17 09:05:05','2024-04-17 09:05:05'),(995,5,'GH','Xem file đính kèm giao hàng','2024-04-17 09:05:14','2024-04-17 09:05:14'),(996,2,'BH','Đơn báo giá','2024-04-17 09:09:00','2024-04-17 09:09:00'),(997,2,'BG','Xem đơn báo giá','2024-04-17 09:09:03','2024-04-17 09:09:03'),(998,2,'BG','Xem trang sửa','2024-04-17 09:09:06','2024-04-17 09:09:06'),(999,2,'BG','Xuất excel','2024-04-17 09:09:08','2024-04-17 09:09:08'),(1000,2,'BG','Xuất pdf','2024-04-17 09:09:13','2024-04-17 09:09:13'),(1001,2,'BH','Đơn giao hàng','2024-04-17 09:09:24','2024-04-17 09:09:24'),(1002,2,'GH','Xem đơn giao hàng','2024-04-17 09:09:26','2024-04-17 09:09:26'),(1003,2,'GH','Xuất file pdf','2024-04-17 09:09:28','2024-04-17 09:09:28'),(1004,5,'BH','Đơn giao hàng','2024-04-17 09:10:08','2024-04-17 09:10:08'),(1005,5,'GH','Xem đơn giao hàng','2024-04-17 09:10:09','2024-04-17 09:10:09'),(1006,5,'GH','Xuất file pdf','2024-04-17 09:10:11','2024-04-17 09:10:11'),(1007,5,'BH','Đơn giao hàng','2024-04-17 09:10:23','2024-04-17 09:10:23'),(1008,5,'GH','Xem đơn giao hàng','2024-04-17 09:10:24','2024-04-17 09:10:24'),(1009,5,'GH','Xuất file pdf','2024-04-17 09:10:26','2024-04-17 09:10:26'),(1010,5,'GH','Xem file đính kèm giao hàng','2024-04-17 09:11:11','2024-04-17 09:11:11'),(1011,5,'GH','Xem thông tin sản phẩm giao hàng','2024-04-17 09:11:12','2024-04-17 09:11:12'),(1012,5,'GH','Xem file đính kèm giao hàng','2024-04-17 09:11:14','2024-04-17 09:11:14'),(1013,5,'GH','Xem thông tin sản phẩm giao hàng','2024-04-17 09:11:15','2024-04-17 09:11:15'),(1014,5,'GH','Xem file đính kèm giao hàng','2024-04-17 09:11:15','2024-04-17 09:11:15'),(1015,5,'GH','Xem thông tin sản phẩm giao hàng','2024-04-17 09:11:16','2024-04-17 09:11:16'),(1016,5,'GH','Xem file đính kèm giao hàng','2024-04-17 09:11:16','2024-04-17 09:11:16'),(1017,5,'GH','Xem thông tin sản phẩm giao hàng','2024-04-17 09:11:17','2024-04-17 09:11:17'),(1018,5,'GH','Xem file đính kèm giao hàng','2024-04-17 09:11:17','2024-04-17 09:11:17'),(1019,5,'GH','Xem thông tin sản phẩm giao hàng','2024-04-17 09:11:17','2024-04-17 09:11:17'),(1020,5,'GH','Xem file đính kèm giao hàng','2024-04-17 09:11:18','2024-04-17 09:11:18'),(1021,5,'GH','Xem thông tin sản phẩm giao hàng','2024-04-17 09:11:20','2024-04-17 09:11:20'),(1022,2,'BH','Đơn giao hàng','2024-04-17 09:11:24','2024-04-17 09:11:24'),(1023,2,'BH','Đơn báo giá','2024-04-17 09:11:26','2024-04-17 09:11:26'),(1024,5,'GH','Xem file đính kèm giao hàng','2024-04-17 09:11:26','2024-04-17 09:11:26'),(1025,5,'BH','Hóa đơn bán hàng','2024-04-17 09:11:28','2024-04-17 09:11:28'),(1026,2,'BG','Xem đơn báo giá','2024-04-17 09:12:58','2024-04-17 09:12:58'),(1027,2,'BG','Xem trang sửa','2024-04-17 09:13:05','2024-04-17 09:13:05'),(1028,4,'BH','Đơn báo giá','2024-04-19 10:40:43','2024-04-19 10:40:43'),(1029,4,'BH','Đơn giao hàng','2024-04-19 10:40:48','2024-04-19 10:40:48'),(1030,4,'BH','Hóa đơn bán hàng','2024-04-19 10:40:54','2024-04-19 10:40:54'),(1031,4,'BH','Thanh toán bán hàng','2024-04-19 10:40:57','2024-04-19 10:40:57'),(1032,4,'BH','Khách hàng','2024-04-19 10:40:58','2024-04-19 10:40:58'),(1033,4,'BH','Khách hàng','2024-04-19 10:40:59','2024-04-19 10:40:59'),(1034,4,'BH','Thanh toán bán hàng','2024-04-19 10:41:26','2024-04-19 10:41:26'),(1035,4,'BH','Đơn báo giá','2024-04-19 10:41:29','2024-04-19 10:41:29'),(1036,4,'BH','Đơn giao hàng','2024-04-19 10:41:33','2024-04-19 10:41:33'),(1037,4,'BH','Đơn báo giá','2024-04-19 10:41:35','2024-04-19 10:41:35'),(1038,4,'BH','Đơn giao hàng','2024-04-19 10:41:39','2024-04-19 10:41:39'),(1039,4,'BH','Đơn báo giá','2024-04-19 10:41:41','2024-04-19 10:41:41'),(1040,4,'BH','Đơn giao hàng','2024-04-19 10:41:43','2024-04-19 10:41:43'),(1041,4,'BH','Hóa đơn bán hàng','2024-04-19 10:41:58','2024-04-19 10:41:58'),(1042,4,'BH','Thanh toán bán hàng','2024-04-19 10:41:59','2024-04-19 10:41:59'),(1043,4,'BH','Khách hàng','2024-04-19 10:42:00','2024-04-19 10:42:00'),(1044,4,'BH','Đơn báo giá','2024-04-19 10:42:02','2024-04-19 10:42:02'),(1045,4,'DNH','DNH','2024-04-19 10:42:06',NULL),(1046,4,'HDMH','HDMH','2024-04-19 10:42:10',NULL),(1047,4,'DMH','DMH','2024-04-19 10:42:11',NULL),(1048,4,'BH','Đơn báo giá','2024-04-19 10:42:18','2024-04-19 10:42:18'),(1049,2,'BH','Đơn báo giá','2024-04-20 03:41:15','2024-04-20 03:41:15'),(1050,5,'BH','Đơn báo giá','2024-04-20 03:41:45','2024-04-20 03:41:45'),(1051,5,'BH','Đơn giao hàng','2024-04-20 03:41:47','2024-04-20 03:41:47'),(1052,5,'BH','Đơn báo giá','2024-04-20 04:03:08','2024-04-20 04:03:08'),(1053,5,'BH','Đơn giao hàng','2024-04-20 04:03:17','2024-04-20 04:03:17'),(1054,5,'BH','Đơn báo giá','2024-04-20 04:03:18','2024-04-20 04:03:18'),(1055,5,'BH','Khách hàng','2024-04-20 04:03:20','2024-04-20 04:03:20'),(1056,5,'BH','Hóa đơn bán hàng','2024-04-20 04:03:22','2024-04-20 04:03:22'),(1057,5,'BH','Đơn báo giá','2024-04-20 04:07:31','2024-04-20 04:07:31'),(1058,5,'BH','Đơn giao hàng','2024-04-20 04:08:07','2024-04-20 04:08:07'),(1059,5,'GH','Xem đơn giao hàng','2024-04-20 04:08:11','2024-04-20 04:08:11'),(1060,5,'GH','Xem đơn giao hàng','2024-04-20 04:08:15','2024-04-20 04:08:15'),(1061,5,'BH','Đơn báo giá','2024-04-20 04:08:17','2024-04-20 04:08:17'),(1062,5,'BH','Đơn giao hàng','2024-04-20 04:08:32','2024-04-20 04:08:32'),(1063,4,'BH','Thanh toán bán hàng','2024-04-21 01:56:18','2024-04-21 01:56:18'),(1064,4,'BH','Khách hàng','2024-04-21 01:56:20','2024-04-21 01:56:20'),(1065,3,'BH','Đơn báo giá','2024-04-21 16:07:01','2024-04-21 16:07:01'),(1066,3,'BH','Đơn giao hàng','2024-04-21 16:07:06','2024-04-21 16:07:06'),(1067,3,'BH','Hóa đơn bán hàng','2024-04-21 16:07:13','2024-04-21 16:07:13'),(1068,3,'BH','Đơn báo giá','2024-04-21 16:07:16','2024-04-21 16:07:16'),(1069,5,'BH','Đơn báo giá','2024-04-22 03:05:07','2024-04-22 03:05:07'),(1070,5,'DMH','DMH','2024-04-22 03:05:15',NULL),(1071,5,'DNH','DNH','2024-04-22 03:07:14',NULL),(1072,5,'DMH','DMH','2024-04-22 03:07:18',NULL),(1073,5,'DNH','DNH','2024-04-22 03:09:48',NULL),(1074,5,'DMH','DMH','2024-04-22 03:10:03',NULL),(1075,5,'BH','Đơn báo giá','2024-04-22 03:10:05','2024-04-22 03:10:05'),(1076,5,'BH','Đơn giao hàng','2024-04-22 03:10:09','2024-04-22 03:10:09'),(1077,5,'BH','Hóa đơn bán hàng','2024-04-22 03:10:12','2024-04-22 03:10:12'),(1078,5,'BH','Thanh toán bán hàng','2024-04-22 03:10:13','2024-04-22 03:10:13'),(1079,5,'BH','Khách hàng','2024-04-22 03:10:16','2024-04-22 03:10:16'),(1080,5,'BH','Hóa đơn bán hàng','2024-04-22 03:10:18','2024-04-22 03:10:18'),(1081,5,'BH','Đơn báo giá','2024-04-22 03:10:21','2024-04-22 03:10:21'),(1082,5,'BH','Hóa đơn bán hàng','2024-04-22 03:10:23','2024-04-22 03:10:23'),(1083,5,'BH','Đơn báo giá','2024-04-22 03:10:35','2024-04-22 03:10:35'),(1084,5,'DMH','DMH','2024-04-22 03:11:29',NULL),(1085,5,'DNH','DNH','2024-04-22 03:11:30',NULL),(1086,5,'BH','Đơn báo giá','2024-04-22 03:11:32','2024-04-22 03:11:32'),(1087,5,'BH','Đơn giao hàng','2024-04-22 03:11:37','2024-04-22 03:11:37'),(1088,5,'BH','Hóa đơn bán hàng','2024-04-22 03:11:38','2024-04-22 03:11:38'),(1089,5,'BH','Thanh toán bán hàng','2024-04-22 03:11:41','2024-04-22 03:11:41'),(1090,5,'BH','Khách hàng','2024-04-22 03:11:43','2024-04-22 03:11:43'),(1091,5,'BH','Đơn báo giá','2024-04-22 03:11:47','2024-04-22 03:11:47'),(1092,5,'DMH','DMH','2024-04-22 03:14:02',NULL),(1093,5,'NCC','NCC','2024-04-22 03:14:35',NULL),(1094,5,'BH','Đơn báo giá','2024-04-22 03:15:27','2024-04-22 03:15:27'),(1095,5,'BH','Đơn giao hàng','2024-04-22 03:15:37','2024-04-22 03:15:37'),(1096,5,'BH','Đơn báo giá','2024-04-22 03:15:38','2024-04-22 03:15:38'),(1097,5,'BH','Đơn báo giá','2024-04-22 03:20:31','2024-04-22 03:20:31'),(1098,5,'BG','Tạo mới','2024-04-22 03:20:33','2024-04-22 03:20:33'),(1099,5,'BG','Hủy','2024-04-22 03:20:37','2024-04-22 03:20:37'),(1100,5,'BH','Đơn báo giá','2024-04-22 03:22:20','2024-04-22 03:22:20'),(1101,5,'BH','Đơn giao hàng','2024-04-22 03:22:24','2024-04-22 03:22:24'),(1102,5,'BH','Đơn báo giá','2024-04-22 03:22:26','2024-04-22 03:22:26'),(1103,5,'BH','Đơn giao hàng','2024-04-22 03:22:27','2024-04-22 03:22:27'),(1104,5,'BH','Hóa đơn bán hàng','2024-04-22 03:22:28','2024-04-22 03:22:28'),(1105,5,'BH','Thanh toán bán hàng','2024-04-22 03:22:30','2024-04-22 03:22:30'),(1106,5,'BH','Khách hàng','2024-04-22 03:22:31','2024-04-22 03:22:31'),(1107,5,'BH','Thanh toán bán hàng','2024-04-22 03:22:32','2024-04-22 03:22:32'),(1108,5,'BH','Hóa đơn bán hàng','2024-04-22 03:22:33','2024-04-22 03:22:33'),(1109,5,'BH','Thanh toán bán hàng','2024-04-22 03:22:34','2024-04-22 03:22:34'),(1110,5,'BH','Đơn báo giá','2024-04-22 03:29:25','2024-04-22 03:29:25'),(1111,5,'BH','Đơn báo giá','2024-04-22 03:33:46','2024-04-22 03:33:46'),(1112,5,'BH','Đơn giao hàng','2024-04-22 03:33:49','2024-04-22 03:33:49'),(1113,5,'BH','Hóa đơn bán hàng','2024-04-22 03:33:50','2024-04-22 03:33:50'),(1114,5,'BH','Thanh toán bán hàng','2024-04-22 03:33:51','2024-04-22 03:33:51'),(1115,5,'BH','Khách hàng','2024-04-22 03:33:53','2024-04-22 03:33:53'),(1116,5,'BH','Đơn báo giá','2024-04-22 03:33:54','2024-04-22 03:33:54'),(1117,5,'DMH','DMH','2024-04-22 03:33:58',NULL),(1118,5,'DNH','DNH','2024-04-22 03:34:00',NULL),(1119,5,'HDMH','HDMH','2024-04-22 03:34:01',NULL),(1120,5,'TTMH','TTMH','2024-04-22 03:34:02',NULL),(1121,5,'TTMH','TTMH','2024-04-22 03:34:03',NULL),(1122,5,'NCC','NCC','2024-04-22 03:34:04',NULL),(1123,5,'BH','Đơn báo giá','2024-04-22 03:37:02','2024-04-22 03:37:02'),(1124,5,'BH','Đơn giao hàng','2024-04-22 03:37:04','2024-04-22 03:37:04'),(1125,5,'BH','Đơn báo giá','2024-04-22 03:37:13','2024-04-22 03:37:13'),(1126,5,'DMH','DMH','2024-04-22 03:37:19',NULL),(1127,5,'DNH','DNH','2024-04-22 03:38:40',NULL),(1128,5,'DMH','DMH','2024-04-22 03:43:19',NULL),(1129,5,'DNH','DNH','2024-04-22 03:43:22',NULL),(1130,3,'TTMH','TTMH','2024-04-22 09:42:17',NULL),(1131,3,'HDMH','HDMH','2024-04-22 09:42:20',NULL),(1132,3,'TTMH','TTMH','2024-04-22 09:42:31',NULL),(1133,3,'TTMH','Tạo mới','2024-04-22 09:42:35',NULL),(1134,3,'TTMH','TTMH','2024-04-22 09:43:16',NULL),(1135,3,'TTMH','Xem thanh toán mua hàng','2024-04-22 09:43:17',NULL),(1136,3,'TTMH','File đính kèm','2024-04-22 09:43:19',NULL),(1137,3,'HDMH','HDMH','2024-04-22 09:43:38',NULL),(1138,3,'HDMH','HDMH','2024-04-22 09:43:41',NULL),(1139,3,'HDMH','Hủy','2024-04-22 09:48:56',NULL),(1140,3,'DMH','DMH','2024-04-22 09:48:59',NULL),(1141,3,'DMH','Xem đơn mua hàng','2024-04-22 09:49:04',NULL),(1142,3,'DMH','DMH','2024-04-22 09:53:37',NULL),(1143,3,'DMH','Xem đơn mua hàng','2024-04-22 09:53:40',NULL),(1144,5,'BH','Đơn báo giá','2024-04-22 14:49:58','2024-04-22 14:49:58'),(1145,5,'BG','Xem đơn báo giá','2024-04-22 14:50:01','2024-04-22 14:50:01'),(1146,5,'BG','Xem trang sửa','2024-04-22 14:50:05','2024-04-22 14:50:05'),(1147,5,'BH','Đơn báo giá','2024-04-23 04:11:40','2024-04-23 04:11:40'),(1148,5,'BG','Tạo mới','2024-04-23 04:11:41','2024-04-23 04:11:41'),(1149,5,'BG','Thêm sản phẩm','2024-04-23 04:11:46','2024-04-23 04:11:46'),(1150,5,'BG','Thêm sản phẩm','2024-04-23 04:11:46','2024-04-23 04:11:46'),(1151,5,'BH','Đơn báo giá','2024-04-23 04:11:58','2024-04-23 04:11:58'),(1152,5,'BG','Xem đơn báo giá','2024-04-23 04:12:00','2024-04-23 04:12:00'),(1153,5,'BH','Đơn báo giá','2024-04-23 04:12:08','2024-04-23 04:12:08'),(1154,5,'BG','Xem đơn báo giá','2024-04-23 04:12:09','2024-04-23 04:12:09'),(1155,5,'BH','Đơn báo giá','2024-04-23 04:12:11','2024-04-23 04:12:11'),(1156,5,'BG','Xem đơn báo giá','2024-04-23 04:12:13','2024-04-23 04:12:13'),(1157,5,'BG','Xem lịch sử chỉnh sửa báo giá','2024-04-23 04:12:18','2024-04-23 04:12:18'),(1158,5,'BG','Xem file đính kèm báo giá','2024-04-23 04:12:18','2024-04-23 04:12:18'),(1159,5,'BG','Xem thông tin sản phẩm báo giá','2024-04-23 04:12:21','2024-04-23 04:12:21'),(1160,5,'BH','Đơn báo giá','2024-04-23 04:12:22','2024-04-23 04:12:22'),(1161,5,'BG','Tạo mới','2024-04-23 04:12:23','2024-04-23 04:12:23'),(1162,5,'BH','Đơn báo giá','2024-04-23 04:12:32','2024-04-23 04:12:32'),(1163,5,'BG','Xem đơn báo giá','2024-04-23 04:12:37','2024-04-23 04:12:37'),(1164,5,'BG','Xem lịch sử chỉnh sửa báo giá','2024-04-23 04:12:39','2024-04-23 04:12:39'),(1165,5,'BG','Xem file đính kèm báo giá','2024-04-23 04:12:40','2024-04-23 04:12:40'),(1166,5,'BG','Xem thông tin sản phẩm báo giá','2024-04-23 04:12:41','2024-04-23 04:12:41'),(1167,5,'BG','Xem file đính kèm báo giá','2024-04-23 04:12:42','2024-04-23 04:12:42'),(1168,5,'BG','Xem thông tin sản phẩm báo giá','2024-04-23 04:12:43','2024-04-23 04:12:43'),(1169,5,'BG','Xem file đính kèm báo giá','2024-04-23 04:12:45','2024-04-23 04:12:45'),(1170,5,'BG','Xem thông tin sản phẩm báo giá','2024-04-23 04:12:47','2024-04-23 04:12:47'),(1171,5,'BG','Xem file đính kèm báo giá','2024-04-23 04:12:48','2024-04-23 04:12:48'),(1172,5,'BG','Xem thông tin sản phẩm báo giá','2024-04-23 04:12:49','2024-04-23 04:12:49'),(1173,5,'BG','Xem file đính kèm báo giá','2024-04-23 04:12:50','2024-04-23 04:12:50'),(1174,5,'BG','Xem thông tin sản phẩm báo giá','2024-04-23 04:12:51','2024-04-23 04:12:51'),(1175,5,'BG','Xem lịch sử chỉnh sửa báo giá','2024-04-23 04:12:52','2024-04-23 04:12:52'),(1176,5,'BG','Xem file đính kèm báo giá','2024-04-23 04:12:52','2024-04-23 04:12:52'),(1177,5,'BG','Xem thông tin sản phẩm báo giá','2024-04-23 04:12:53','2024-04-23 04:12:53'),(1178,5,'BH','Đơn giao hàng','2024-04-23 04:32:29','2024-04-23 04:32:29'),(1179,5,'BH','Hóa đơn bán hàng','2024-04-23 04:32:32','2024-04-23 04:32:32'),(1180,5,'BH','Thanh toán bán hàng','2024-04-23 04:32:33','2024-04-23 04:32:33'),(1181,5,'BH','Khách hàng','2024-04-23 04:32:35','2024-04-23 04:32:35'),(1182,5,'BH','Thanh toán bán hàng','2024-04-23 04:32:37','2024-04-23 04:32:37'),(1183,5,'BH','Đơn báo giá','2024-04-23 04:32:44','2024-04-23 04:32:44'),(1184,5,'BH','Khách hàng','2024-04-23 04:33:20','2024-04-23 04:33:20'),(1185,5,'DMH','DMH','2024-04-23 04:58:38',NULL),(1186,5,'DNH','DNH','2024-04-23 04:58:40',NULL),(1187,5,'HDMH','HDMH','2024-04-23 04:58:42',NULL),(1188,5,'TTMH','TTMH','2024-04-23 04:58:44',NULL),(1189,5,'NCC','NCC','2024-04-23 04:58:45',NULL),(1190,5,'TTMH','TTMH','2024-04-23 04:58:46',NULL),(1191,5,'NCC','NCC','2024-04-23 04:58:48',NULL),(1192,5,'TTMH','TTMH','2024-04-23 04:59:02',NULL),(1193,2,'BH','Đơn giao hàng','2024-04-24 08:56:45','2024-04-24 08:56:45'),(1194,5,'BH','Đơn báo giá','2024-04-24 10:36:19','2024-04-24 10:36:19'),(1195,5,'BG','Tạo mới','2024-04-24 10:37:02','2024-04-24 10:37:02'),(1196,5,'BG','Thêm sản phẩm','2024-04-24 10:37:10','2024-04-24 10:37:10'),(1197,5,'BG','Thêm sản phẩm','2024-04-24 10:37:11','2024-04-24 10:37:11'),(1198,5,'BG','Thêm sản phẩm','2024-04-24 10:37:11','2024-04-24 10:37:11'),(1199,5,'BG','Thêm sản phẩm','2024-04-24 10:37:12','2024-04-24 10:37:12'),(1200,5,'BG','Thêm sản phẩm','2024-04-24 10:37:13','2024-04-24 10:37:13'),(1201,5,'BG','Thêm sản phẩm','2024-04-24 10:37:13','2024-04-24 10:37:13'),(1202,5,'BG','Thêm sản phẩm','2024-04-24 10:37:14','2024-04-24 10:37:14'),(1203,5,'BG','Xóa sản phẩm','2024-04-24 10:47:18','2024-04-24 10:47:18'),(1204,5,'BG','Xóa sản phẩm','2024-04-24 10:47:19','2024-04-24 10:47:19'),(1205,5,'BG','Xóa sản phẩm','2024-04-24 10:47:19','2024-04-24 10:47:19'),(1206,5,'BG','Thêm sản phẩm','2024-04-24 10:47:21','2024-04-24 10:47:21'),(1207,5,'BG','Thêm sản phẩm','2024-04-24 10:47:25','2024-04-24 10:47:25'),(1208,5,'BG','Thêm người đại diện','2024-04-24 10:51:15','2024-04-24 10:51:15'),(1209,5,'BG','Thêm hiệu lực báo giá','2024-04-24 10:51:29','2024-04-24 10:51:29'),(1210,5,'BH','Đơn báo giá','2024-04-24 10:54:29','2024-04-24 10:54:29'),(1211,5,'BG','Tạo mới','2024-04-24 10:54:34','2024-04-24 10:54:34'),(1212,5,'BG','Thêm sản phẩm','2024-04-24 10:54:38','2024-04-24 10:54:38'),(1213,5,'BG','Thêm sản phẩm','2024-04-24 10:54:38','2024-04-24 10:54:38'),(1214,5,'BG','Thêm sản phẩm','2024-04-24 10:54:39','2024-04-24 10:54:39'),(1215,5,'BG','Thêm sản phẩm','2024-04-24 10:54:39','2024-04-24 10:54:39'),(1216,5,'BG','Thêm sản phẩm','2024-04-24 10:54:40','2024-04-24 10:54:40'),(1217,5,'BG','Thêm sản phẩm','2024-04-24 10:54:40','2024-04-24 10:54:40'),(1218,5,'BG','Thêm điều khoản','2024-04-24 11:04:21','2024-04-24 11:04:21'),(1219,5,'BG','Lưu nháp','2024-04-24 11:05:13','2024-04-24 11:05:13'),(1220,5,'BG','Xem đơn báo giá','2024-04-24 11:06:07','2024-04-24 11:06:07'),(1221,5,'BG','Xuất pdf','2024-04-24 11:06:11','2024-04-24 11:06:11'),(1222,5,'BG','Xem trang sửa','2024-04-24 11:06:51','2024-04-24 11:06:51'),(1223,5,'BG','Xem đơn báo giá','2024-04-24 11:07:05','2024-04-24 11:07:05'),(1224,5,'BG','Xuất pdf','2024-04-24 11:07:08','2024-04-24 11:07:08'),(1225,5,'BG','Xem trang sửa','2024-04-24 11:07:20','2024-04-24 11:07:20'),(1226,5,'BG','Xem đơn báo giá','2024-04-24 11:07:33','2024-04-24 11:07:33'),(1227,5,'BG','Xuất pdf','2024-04-24 11:07:44','2024-04-24 11:07:44'),(1228,5,'BH','Đơn báo giá','2024-04-24 11:10:16','2024-04-24 11:10:16'),(1229,5,'BG','Xem đơn báo giá','2024-04-24 11:10:18','2024-04-24 11:10:18'),(1230,5,'BG','Xem giao dịch gần đây','2024-04-24 11:10:25','2024-04-24 11:10:25'),(1231,5,'BG','Xem lịch sử chỉnh sửa báo giá','2024-04-24 11:10:27','2024-04-24 11:10:27'),(1232,5,'BG','Xem file đính kèm báo giá','2024-04-24 11:10:28','2024-04-24 11:10:28'),(1233,5,'BG','Xem thông tin sản phẩm báo giá','2024-04-24 11:10:29','2024-04-24 11:10:29'),(1234,5,'BG','Xem giao dịch gần đây','2024-04-24 11:15:02','2024-04-24 11:15:02'),(1235,5,'BG','Xem lịch sử chỉnh sửa báo giá','2024-04-24 11:15:27','2024-04-24 11:15:27'),(1236,5,'BG','Xem thông tin sản phẩm báo giá','2024-04-24 11:15:29','2024-04-24 11:15:29'),(1237,5,'BG','Xem trang sửa','2024-04-24 11:19:52','2024-04-24 11:19:52'),(1238,5,'BH','Đơn báo giá','2024-04-24 11:19:57','2024-04-24 11:19:57'),(1239,5,'BG','Xem đơn báo giá','2024-04-24 11:20:04','2024-04-24 11:20:04'),(1240,5,'BG','Xem trang sửa','2024-04-24 11:20:05','2024-04-24 11:20:05'),(1241,5,'BH','Đơn báo giá','2024-04-24 11:20:15','2024-04-24 11:20:15'),(1242,5,'BG','Tạo mới','2024-04-24 11:20:16','2024-04-24 11:20:16'),(1243,5,'BG','Thêm sản phẩm','2024-04-24 11:20:17','2024-04-24 11:20:17'),(1244,5,'BH','Đơn báo giá','2024-04-24 11:20:57','2024-04-24 11:20:57'),(1245,5,'BG','Xem đơn báo giá','2024-04-24 11:20:58','2024-04-24 11:20:58'),(1246,5,'BG','Xem trang sửa','2024-04-24 11:21:00','2024-04-24 11:21:00'),(1247,5,'BH','Đơn báo giá','2024-04-24 11:21:06','2024-04-24 11:21:06'),(1248,5,'BG','Tạo mới','2024-04-24 11:21:07','2024-04-24 11:21:07'),(1249,5,'BG','Thêm sản phẩm','2024-04-24 11:21:09','2024-04-24 11:21:09'),(1250,5,'BH','Đơn báo giá','2024-04-24 11:23:53','2024-04-24 11:23:53'),(1251,5,'BG','Xem đơn báo giá','2024-04-24 11:23:55','2024-04-24 11:23:55'),(1252,5,'BG','Tạo đơn mua hàng','2024-04-24 11:24:35','2024-04-24 11:24:35'),(1253,5,'BG','Tạo đơn mua hàng','2024-04-24 11:24:51','2024-04-24 11:24:51'),(1254,5,'BG','Tạo đơn mua hàng','2024-04-24 11:26:45','2024-04-24 11:26:45'),(1255,5,'BH','Đơn báo giá','2024-04-24 11:29:16','2024-04-24 11:29:16'),(1256,5,'BG','Xem đơn báo giá','2024-04-24 11:29:18','2024-04-24 11:29:18'),(1257,5,'BH','Đơn báo giá','2024-04-24 11:29:53','2024-04-24 11:29:53'),(1258,5,'BG','Xem đơn báo giá','2024-04-24 11:29:54','2024-04-24 11:29:54'),(1259,5,'BG','Tạo đơn mua hàng','2024-04-24 11:30:02','2024-04-24 11:30:02'),(1260,5,'DMH','DMH','2024-04-24 11:32:06',NULL),(1261,5,'DMH','Xem đơn mua hàng','2024-04-24 11:32:15',NULL),(1262,5,'DMH','Tạo mới','2024-04-24 11:32:28',NULL),(1263,5,'DMH','Thêm sản phẩm','2024-04-24 11:32:29',NULL),(1264,5,'BH','Đơn báo giá','2024-04-24 11:34:53','2024-04-24 11:34:53'),(1265,5,'BH','Đơn giao hàng','2024-04-24 11:35:14','2024-04-24 11:35:14'),(1266,5,'BH','Khách hàng','2024-04-24 11:38:42','2024-04-24 11:38:42'),(1267,5,'BH','Đơn báo giá','2024-04-24 11:38:45','2024-04-24 11:38:45'),(1268,5,'DMH','DMH','2024-04-24 11:38:47',NULL),(1269,5,'DMH','Tạo mới','2024-04-24 11:38:49',NULL),(1270,5,'DMH','Thêm sản phẩm','2024-04-24 11:38:50',NULL),(1271,5,'DMH','Xóa sản phẩm','2024-04-24 11:39:09',NULL),(1272,5,'DMH','Xóa sản phẩm','2024-04-24 11:39:09',NULL),(1273,5,'DMH','Tạo mới đơn mua hàng','2024-04-24 11:39:40',NULL),(1274,5,'DMH','Tạo mới','2024-04-24 11:39:46',NULL),(1275,5,'DNH','DNH','2024-04-24 11:39:48',NULL),(1276,5,'DNH','Tạo mới','2024-04-24 11:39:51',NULL),(1277,5,'DNH','Nhận hàng đơn nhận hàng','2024-04-24 11:40:01',NULL),(1278,5,'BH','Đơn giao hàng','2024-04-24 11:41:57','2024-04-24 11:41:57'),(1279,5,'GH','Tạo mới','2024-04-24 11:42:03','2024-04-24 11:42:03'),(1280,5,'GH','Lấy thông tin từ số báo giá','2024-04-24 11:42:08','2024-04-24 11:42:08'),(1281,5,'DMH','DMH','2024-04-24 11:42:45',NULL),(1282,5,'DMH','Xem đơn mua hàng','2024-04-24 11:42:46',NULL),(1283,5,'DMH','Tạo mới','2024-04-24 11:42:50',NULL),(1284,5,'DMH','Thêm sản phẩm','2024-04-24 11:42:52',NULL),(1285,5,'DMH','Tạo mới đơn mua hàng','2024-04-24 11:43:08',NULL),(1286,5,'DNH','DNH','2024-04-24 11:43:10',NULL),(1287,5,'DNH','Tạo mới','2024-04-24 11:43:12',NULL),(1288,5,'DNH','Nhận hàng đơn nhận hàng','2024-04-24 11:43:16',NULL),(1289,5,'BH','Đơn giao hàng','2024-04-24 11:43:42','2024-04-24 11:43:42'),(1290,5,'GH','Tạo mới','2024-04-24 11:43:43','2024-04-24 11:43:43'),(1291,5,'GH','Lấy thông tin từ số báo giá','2024-04-24 11:43:45','2024-04-24 11:43:45'),(1292,5,'GH','Giao hàng','2024-04-24 11:43:56','2024-04-24 11:43:56'),(1293,5,'BH','Đơn báo giá','2024-04-24 11:44:39','2024-04-24 11:44:39'),(1294,5,'DMH','DMH','2024-04-24 11:47:56',NULL),(1295,5,'BH','Đơn báo giá','2024-04-24 11:48:00','2024-04-24 11:48:00'),(1296,5,'BH','Hóa đơn bán hàng','2024-04-24 11:48:10','2024-04-24 11:48:10'),(1297,5,'HDBH','Tạo mới','2024-04-24 11:48:59','2024-04-24 11:48:59'),(1298,5,'HDBH','Lấy thông tin từ số báo giá','2024-04-24 11:49:03','2024-04-24 11:49:03'),(1299,5,'HDBH','Xác nhận hóa đơn bán hàng','2024-04-24 11:49:23','2024-04-24 11:49:23'),(1300,5,'BH','Đơn báo giá','2024-04-24 11:50:32','2024-04-24 11:50:32'),(1301,5,'BH','Khách hàng','2024-04-24 11:50:36','2024-04-24 11:50:36'),(1302,5,'BH','Thanh toán bán hàng','2024-04-24 11:50:36','2024-04-24 11:50:36'),(1303,5,'TT','Tạo mới','2024-04-24 11:50:40','2024-04-24 11:50:40'),(1304,5,'TT','Lấy thông tin từ số báo giá','2024-04-24 11:50:46','2024-04-24 11:50:46'),(1305,5,'TT','Xác nhận','2024-04-24 11:51:03','2024-04-24 11:51:03'),(1306,5,'BH','Đơn báo giá','2024-04-24 11:52:28','2024-04-24 11:52:28'),(1307,5,'BH','Thanh toán bán hàng','2024-04-24 11:52:32','2024-04-24 11:52:32'),(1308,5,'BH','Đơn báo giá','2024-04-24 11:52:44','2024-04-24 11:52:44'),(1309,5,'BH','Khách hàng','2024-04-24 11:52:50','2024-04-24 11:52:50'),(1310,5,'BH','Thanh toán bán hàng','2024-04-24 11:52:52','2024-04-24 11:52:52'),(1311,10,'BH','Đơn báo giá','2024-04-24 13:58:41','2024-04-24 13:58:41'),(1312,5,'BH','Đơn báo giá','2024-04-24 14:07:05','2024-04-24 14:07:05'),(1313,5,'BH','Thanh toán bán hàng','2024-04-24 14:07:10','2024-04-24 14:07:10'),(1314,5,'BH','Đơn báo giá','2024-04-24 14:10:34','2024-04-24 14:10:34'),(1315,5,'BH','Đơn báo giá','2024-04-24 14:16:17','2024-04-24 14:16:17'),(1316,5,'BH','Khách hàng','2024-04-24 14:16:21','2024-04-24 14:16:21'),(1317,5,'BH','Thanh toán bán hàng','2024-04-24 14:16:26','2024-04-24 14:16:26'),(1318,5,'BH','Đơn báo giá','2024-04-24 14:16:29','2024-04-24 14:16:29'),(1319,5,'BH','Đơn giao hàng','2024-04-24 14:17:15','2024-04-24 14:17:15'),(1320,5,'BH','Đơn báo giá','2024-04-24 14:17:17','2024-04-24 14:17:17'),(1321,5,'BH','Đơn giao hàng','2024-04-24 14:17:18','2024-04-24 14:17:18'),(1322,5,'BH','Hóa đơn bán hàng','2024-04-24 14:17:24','2024-04-24 14:17:24'),(1323,5,'BH','Thanh toán bán hàng','2024-04-24 14:17:27','2024-04-24 14:17:27'),(1324,5,'BH','Đơn báo giá','2024-04-24 14:17:38','2024-04-24 14:17:38'),(1325,5,'BH','Đơn giao hàng','2024-04-24 14:17:40','2024-04-24 14:17:40'),(1326,5,'BH','Hóa đơn bán hàng','2024-04-24 14:17:45','2024-04-24 14:17:45'),(1327,5,'BH','Thanh toán bán hàng','2024-04-24 14:17:47','2024-04-24 14:17:47'),(1328,5,'BH','Khách hàng','2024-04-24 14:17:49','2024-04-24 14:17:49'),(1329,5,'BH','Thanh toán bán hàng','2024-04-24 14:17:50','2024-04-24 14:17:50'),(1330,5,'BH','Hóa đơn bán hàng','2024-04-24 14:17:52','2024-04-24 14:17:52'),(1331,5,'BH','Đơn giao hàng','2024-04-24 14:17:58','2024-04-24 14:17:58'),(1332,5,'BH','Đơn báo giá','2024-04-24 14:18:03','2024-04-24 14:18:03'),(1333,5,'DMH','DMH','2024-04-24 14:18:19',NULL),(1334,5,'DNH','DNH','2024-04-24 14:18:21',NULL),(1335,5,'HDMH','HDMH','2024-04-24 14:18:22',NULL),(1336,5,'TTMH','TTMH','2024-04-24 14:18:23',NULL),(1337,5,'NCC','NCC','2024-04-24 14:18:24',NULL),(1338,5,'TTMH','TTMH','2024-04-24 14:18:27',NULL),(1339,5,'HDMH','HDMH','2024-04-24 14:18:28',NULL),(1340,5,'DNH','DNH','2024-04-24 14:18:29',NULL),(1341,5,'DMH','DMH','2024-04-24 14:18:30',NULL),(1342,5,'NCC','NCC','2024-04-24 14:18:31',NULL),(1343,5,'DMH','DMH','2024-04-24 14:18:39',NULL),(1344,5,'DNH','DNH','2024-04-24 14:18:42',NULL),(1345,5,'BH','Đơn giao hàng','2024-04-24 14:18:44','2024-04-24 14:18:44'),(1346,5,'BH','Hóa đơn bán hàng','2024-04-24 14:18:48','2024-04-24 14:18:48'),(1347,5,'BH','Thanh toán bán hàng','2024-04-24 14:18:50','2024-04-24 14:18:50'),(1348,5,'BH','Thanh toán bán hàng','2024-04-24 14:18:51','2024-04-24 14:18:51'),(1349,5,'BH','Đơn giao hàng','2024-04-24 14:18:52','2024-04-24 14:18:52'),(1350,5,'BH','Đơn báo giá','2024-04-24 14:18:53','2024-04-24 14:18:53'),(1351,5,'BH','Đơn giao hàng','2024-04-24 14:18:55','2024-04-24 14:18:55'),(1352,5,'BH','Đơn báo giá','2024-04-24 14:18:56','2024-04-24 14:18:56'),(1353,5,'BH','Hóa đơn bán hàng','2024-04-24 14:18:58','2024-04-24 14:18:58'),(1354,5,'BH','Đơn báo giá','2024-04-24 14:19:01','2024-04-24 14:19:01'),(1355,5,'BH','Đơn giao hàng','2024-04-24 14:19:10','2024-04-24 14:19:10'),(1356,5,'BH','Đơn báo giá','2024-04-24 14:19:12','2024-04-24 14:19:12'),(1357,5,'BH','Đơn giao hàng','2024-04-24 14:19:13','2024-04-24 14:19:13'),(1358,5,'BH','Đơn báo giá','2024-04-24 14:19:14','2024-04-24 14:19:14'),(1359,4,'BH','Thanh toán bán hàng','2024-04-24 14:19:23','2024-04-24 14:19:23'),(1360,4,'BH','Đơn báo giá','2024-04-24 14:19:26','2024-04-24 14:19:26'),(1361,4,'TT','Xác nhận','2024-04-24 14:19:32','2024-04-24 14:19:32'),(1362,4,'BH','Thanh toán bán hàng','2024-04-24 14:19:59','2024-04-24 14:19:59'),(1363,4,'BH','Đơn báo giá','2024-04-24 14:20:01','2024-04-24 14:20:01'),(1364,5,'BH','Hóa đơn bán hàng','2024-04-24 14:20:08','2024-04-24 14:20:08'),(1365,4,'BH','Khách hàng','2024-04-24 14:20:14','2024-04-24 14:20:14'),(1366,4,'BH','Thanh toán bán hàng','2024-04-24 14:20:15','2024-04-24 14:20:15'),(1367,4,'TT','Xóa đơn thanh toán','2024-04-24 14:20:22','2024-04-24 14:20:22'),(1368,4,'BH','Đơn báo giá','2024-04-24 14:20:27','2024-04-24 14:20:27'),(1369,4,'BH','Khách hàng','2024-04-24 14:20:30','2024-04-24 14:20:30'),(1370,4,'BH','Thanh toán bán hàng','2024-04-24 14:20:31','2024-04-24 14:20:31'),(1371,5,'BH','Đơn giao hàng','2024-04-24 14:20:34','2024-04-24 14:20:34'),(1372,5,'BH','Hóa đơn bán hàng','2024-04-24 14:20:37','2024-04-24 14:20:37'),(1373,4,'TT','Xem đơn thanh toán','2024-04-24 14:20:38','2024-04-24 14:20:38'),(1374,5,'BH','Thanh toán bán hàng','2024-04-24 14:20:39','2024-04-24 14:20:39'),(1375,5,'BH','Đơn giao hàng','2024-04-24 14:20:41','2024-04-24 14:20:41'),(1376,4,'BH','Đơn báo giá','2024-04-24 14:20:42','2024-04-24 14:20:42'),(1377,5,'BH','Hóa đơn bán hàng','2024-04-24 14:20:42','2024-04-24 14:20:42'),(1378,5,'BH','Đơn báo giá','2024-04-24 14:20:43','2024-04-24 14:20:43'),(1379,4,'BH','Thanh toán bán hàng','2024-04-24 14:20:53','2024-04-24 14:20:53'),(1380,4,'BH','Đơn báo giá','2024-04-24 14:20:55','2024-04-24 14:20:55'),(1381,5,'BH','Hóa đơn bán hàng','2024-04-24 14:20:56','2024-04-24 14:20:56'),(1382,4,'BH','Đơn giao hàng','2024-04-24 14:20:59','2024-04-24 14:20:59'),(1383,4,'BH','Đơn báo giá','2024-04-24 14:21:01','2024-04-24 14:21:01'),(1384,5,'BH','Thanh toán bán hàng','2024-04-24 14:21:21','2024-04-24 14:21:21'),(1385,5,'BH','Hóa đơn bán hàng','2024-04-24 14:21:23','2024-04-24 14:21:23'),(1386,5,'BH','Thanh toán bán hàng','2024-04-24 14:21:24','2024-04-24 14:21:24'),(1387,5,'BH','Khách hàng','2024-04-24 14:21:25','2024-04-24 14:21:25'),(1388,5,'BH','Đơn giao hàng','2024-04-24 14:21:26','2024-04-24 14:21:26'),(1389,5,'BH','Đơn báo giá','2024-04-24 14:21:28','2024-04-24 14:21:28'),(1390,5,'BH','Đơn giao hàng','2024-04-24 14:21:29','2024-04-24 14:21:29'),(1391,5,'BH','Hóa đơn bán hàng','2024-04-24 14:21:30','2024-04-24 14:21:30'),(1392,5,'DMH','DMH','2024-04-24 14:21:32',NULL),(1393,5,'DNH','DNH','2024-04-24 14:21:33',NULL),(1394,5,'HDMH','HDMH','2024-04-24 14:21:35',NULL),(1395,5,'DNH','DNH','2024-04-24 14:21:36',NULL),(1396,5,'HDMH','HDMH','2024-04-24 14:21:38',NULL),(1397,5,'NCC','NCC','2024-04-24 14:21:40',NULL),(1398,5,'NCC','Xem nhà cung cấp','2024-04-24 14:21:42',NULL),(1399,5,'DMH','DMH','2024-04-24 14:21:47',NULL),(1400,5,'BH','Đơn báo giá','2024-04-24 14:22:54','2024-04-24 14:22:54'),(1401,5,'BH','Đơn giao hàng','2024-04-24 14:22:57','2024-04-24 14:22:57'),(1402,5,'BH','Đơn báo giá','2024-04-24 14:22:58','2024-04-24 14:22:58'),(1403,5,'BH','Đơn giao hàng','2024-04-24 14:22:59','2024-04-24 14:22:59'),(1404,5,'BH','Đơn báo giá','2024-04-24 14:23:00','2024-04-24 14:23:00'),(1405,5,'BH','Đơn giao hàng','2024-04-24 14:23:01','2024-04-24 14:23:01'),(1406,5,'BH','Đơn báo giá','2024-04-24 14:23:02','2024-04-24 14:23:02'),(1407,5,'BH','Đơn báo giá','2024-04-24 14:23:10','2024-04-24 14:23:10'),(1408,5,'BH','Đơn báo giá','2024-04-24 14:29:52','2024-04-24 14:29:52'),(1409,5,'BH','Đơn giao hàng','2024-04-24 14:30:40','2024-04-24 14:30:40'),(1410,5,'BH','Đơn báo giá','2024-04-24 14:30:44','2024-04-24 14:30:44'),(1411,5,'DMH','DMH','2024-04-24 14:32:03',NULL),(1412,5,'DNH','DNH','2024-04-24 14:32:07',NULL),(1413,5,'HDMH','HDMH','2024-04-24 14:32:08',NULL),(1414,5,'TTMH','TTMH','2024-04-24 14:32:09',NULL),(1415,5,'NCC','NCC','2024-04-24 14:32:52',NULL),(1416,5,'DNH','DNH','2024-04-24 14:32:57',NULL),(1417,5,'DMH','DMH','2024-04-24 14:36:07',NULL),(1418,5,'DMH','DMH','2024-04-24 14:38:06',NULL),(1419,5,'DMH','Tạo mới','2024-04-24 14:38:09',NULL),(1420,5,'DMH','Thêm sản phẩm','2024-04-24 14:38:11',NULL),(1421,5,'DMH','Tạo mới đơn mua hàng','2024-04-24 14:39:21',NULL),(1422,5,'DNH','DNH','2024-04-24 14:39:23',NULL),(1423,5,'DNH','Tạo mới','2024-04-24 14:39:27',NULL),(1424,5,'DNH','Nhận hàng đơn nhận hàng','2024-04-24 14:44:16',NULL),(1425,5,'DMH','DMH','2024-04-24 14:46:39',NULL),(1426,5,'DMH','DMH','2024-04-24 14:55:29',NULL),(1427,5,'BH','Đơn báo giá','2024-04-24 14:55:32','2024-04-24 14:55:32'),(1428,4,'BH','Đơn báo giá','2024-04-25 02:40:16','2024-04-25 02:40:16'),(1429,4,'BH','Thanh toán bán hàng','2024-04-25 02:40:19','2024-04-25 02:40:19'),(1430,5,'BH','Đơn báo giá','2024-04-25 03:05:42','2024-04-25 03:05:42'),(1431,5,'BH','Đơn báo giá','2024-04-25 03:23:06','2024-04-25 03:23:06'),(1432,5,'BH','Thanh toán bán hàng','2024-04-25 04:20:13','2024-04-25 04:20:13'),(1433,5,'BH','Hóa đơn bán hàng','2024-04-25 04:20:21','2024-04-25 04:20:21'),(1434,5,'BH','Thanh toán bán hàng','2024-04-25 04:21:22','2024-04-25 04:21:22'),(1435,5,'BH','Hóa đơn bán hàng','2024-04-25 04:21:32','2024-04-25 04:21:32'),(1436,5,'BH','Thanh toán bán hàng','2024-04-25 04:21:42','2024-04-25 04:21:42'),(1437,5,'BH','Đơn báo giá','2024-04-25 04:21:44','2024-04-25 04:21:44'),(1438,5,'BH','Thanh toán bán hàng','2024-04-25 04:21:50','2024-04-25 04:21:50'),(1439,5,'TT','Tạo mới','2024-04-25 04:21:51','2024-04-25 04:21:51'),(1440,5,'TT','Hủy','2024-04-25 04:22:06','2024-04-25 04:22:06'),(1441,5,'BH','Đơn báo giá','2024-04-25 04:38:54','2024-04-25 04:38:54'),(1442,4,'BH','Đơn báo giá','2024-04-25 14:13:26','2024-04-25 14:13:26'),(1443,4,'BH','Đơn giao hàng','2024-04-25 14:13:33','2024-04-25 14:13:33'),(1444,4,'BH','Đơn báo giá','2024-04-25 14:13:36','2024-04-25 14:13:36'),(1445,4,'BH','Đơn giao hàng','2024-04-25 14:13:39','2024-04-25 14:13:39'),(1446,4,'BH','Hóa đơn bán hàng','2024-04-25 14:13:42','2024-04-25 14:13:42'),(1447,4,'BH','Đơn giao hàng','2024-04-25 14:13:43','2024-04-25 14:13:43'),(1448,4,'BH','Hóa đơn bán hàng','2024-04-25 14:13:47','2024-04-25 14:13:47'),(1449,4,'BH','Thanh toán bán hàng','2024-04-25 14:13:50','2024-04-25 14:13:50'),(1450,4,'BH','Khách hàng','2024-04-25 14:13:52','2024-04-25 14:13:52'),(1451,4,'BH','Đơn báo giá','2024-04-25 14:13:53','2024-04-25 14:13:53'),(1452,4,'BH','Đơn giao hàng','2024-04-25 14:13:56','2024-04-25 14:13:56'),(1453,4,'BH','Hóa đơn bán hàng','2024-04-25 14:13:58','2024-04-25 14:13:58'),(1454,4,'BH','Thanh toán bán hàng','2024-04-25 14:14:01','2024-04-25 14:14:01'),(1455,4,'BH','Khách hàng','2024-04-25 14:14:12','2024-04-25 14:14:12'),(1456,4,'DMH','DMH','2024-04-25 14:14:25',NULL),(1457,4,'BH','Đơn báo giá','2024-04-25 14:14:36','2024-04-25 14:14:36'),(1458,4,'BH','Đơn giao hàng','2024-04-25 14:14:39','2024-04-25 14:14:39'),(1459,4,'BH','Hóa đơn bán hàng','2024-04-25 14:14:41','2024-04-25 14:14:41'),(1460,4,'BH','Thanh toán bán hàng','2024-04-25 14:14:43','2024-04-25 14:14:43'),(1461,4,'BH','Khách hàng','2024-04-25 14:14:45','2024-04-25 14:14:45'),(1462,4,'BH','Đơn báo giá','2024-04-25 14:14:46','2024-04-25 14:14:46'),(1463,4,'BG','Xem đơn báo giá','2024-04-25 14:14:48','2024-04-25 14:14:48'),(1464,4,'BG','Xem lịch sử chỉnh sửa báo giá','2024-04-25 14:14:51','2024-04-25 14:14:51'),(1465,4,'BG','Xem thông tin sản phẩm báo giá','2024-04-25 14:14:53','2024-04-25 14:14:53'),(1466,4,'BG','Xem trang sửa','2024-04-25 14:14:56','2024-04-25 14:14:56'),(1467,4,'BH','Đơn báo giá','2024-04-25 14:15:02','2024-04-25 14:15:02'),(1468,14,'BH','Đơn báo giá','2024-04-29 07:15:26','2024-04-29 07:15:26'),(1469,15,'BH','Đơn giao hàng','2024-04-29 07:18:17','2024-04-29 07:18:17'),(1470,15,'BH','Thanh toán bán hàng','2024-04-29 07:18:18','2024-04-29 07:18:18'),(1471,15,'BH','Đơn báo giá','2024-04-29 07:18:19','2024-04-29 07:18:19'),(1472,15,'BH','Đơn báo giá','2024-04-29 07:30:40','2024-04-29 07:30:40'),(1473,15,'BH','Đơn giao hàng','2024-04-29 07:31:18','2024-04-29 07:31:18'),(1474,15,'BH','Đơn báo giá','2024-04-29 07:31:19','2024-04-29 07:31:19'),(1475,15,'BH','Đơn giao hàng','2024-04-29 07:42:33','2024-04-29 07:42:33'),(1476,15,'BH','Đơn báo giá','2024-04-29 07:42:35','2024-04-29 07:42:35'),(1477,15,'BH','Đơn báo giá','2024-04-29 07:45:02','2024-04-29 07:45:02'),(1478,15,'BG','Tạo mới','2024-04-29 07:45:06','2024-04-29 07:45:06'),(1479,15,'BH','Đơn báo giá','2024-04-29 07:45:09','2024-04-29 07:45:09'),(1480,15,'BG','Tạo mới','2024-04-29 07:55:59','2024-04-29 07:55:59'),(1481,15,'BG','Thêm sản phẩm','2024-04-29 07:56:01','2024-04-29 07:56:01'),(1482,15,'BH','Đơn báo giá','2024-04-29 07:56:21','2024-04-29 07:56:21'),(1483,15,'BG','Tạo mới','2024-04-29 07:56:22','2024-04-29 07:56:22'),(1484,15,'BG','Thêm sản phẩm','2024-04-29 07:56:24','2024-04-29 07:56:24'),(1485,15,'BH','Đơn báo giá','2024-04-29 07:58:23','2024-04-29 07:58:23'),(1486,15,'BG','Tạo mới','2024-04-29 07:58:24','2024-04-29 07:58:24'),(1487,15,'BG','Thêm sản phẩm','2024-04-29 07:58:27','2024-04-29 07:58:27'),(1488,4,'BH','Đơn báo giá','2024-04-29 08:02:52','2024-04-29 08:02:52'),(1489,4,'BH','Đơn báo giá','2024-04-29 08:04:05','2024-04-29 08:04:05'),(1490,4,'BG','Tạo mới','2024-04-29 08:04:46','2024-04-29 08:04:46'),(1491,4,'BG','Thêm sản phẩm','2024-04-29 08:04:48','2024-04-29 08:04:48'),(1492,4,'BG','Thêm sản phẩm','2024-04-29 08:04:50','2024-04-29 08:04:50'),(1493,4,'BG','Thêm sản phẩm','2024-04-29 08:04:58','2024-04-29 08:04:58'),(1494,15,'BH','Đơn báo giá','2024-04-29 08:05:19','2024-04-29 08:05:19'),(1495,15,'DMH','DMH','2024-04-29 08:05:22',NULL),(1496,15,'DMH','Tạo mới','2024-04-29 08:05:24',NULL),(1497,15,'DMH','Thêm sản phẩm','2024-04-29 08:05:26',NULL),(1498,15,'BH','Đơn báo giá','2024-04-29 08:05:31','2024-04-29 08:05:31'),(1499,15,'BH','Đơn giao hàng','2024-04-29 08:05:35','2024-04-29 08:05:35'),(1500,15,'BH','Đơn báo giá','2024-04-29 08:05:36','2024-04-29 08:05:36'),(1501,15,'BH','Hóa đơn bán hàng','2024-04-29 08:05:37','2024-04-29 08:05:37'),(1502,15,'BH','Đơn báo giá','2024-04-29 08:05:39','2024-04-29 08:05:39'),(1503,15,'BH','Đơn giao hàng','2024-04-29 08:05:40','2024-04-29 08:05:40'),(1504,15,'BH','Đơn báo giá','2024-04-29 08:05:41','2024-04-29 08:05:41'),(1505,15,'BG','Tạo mới','2024-04-29 08:07:34','2024-04-29 08:07:34'),(1506,4,'BH','Thanh toán bán hàng','2024-05-02 02:09:09','2024-05-02 02:09:09'),(1507,3,'DNH','DNH','2024-05-02 02:14:03',NULL),(1508,3,'DNH','Tạo mới','2024-05-02 02:14:06',NULL),(1509,3,'DNH','DNH','2024-05-02 02:15:42',NULL),(1510,3,'DNH','Xem đơn nhận hàng','2024-05-02 02:15:46',NULL),(1511,3,'DNH','DNH','2024-05-02 02:16:10',NULL),(1512,4,'BH','Đơn báo giá','2024-05-02 02:16:19','2024-05-02 02:16:19'),(1513,4,'BH','Đơn báo giá','2024-05-02 02:27:18','2024-05-02 02:27:18'),(1514,16,'BH','Đơn báo giá','2024-05-02 02:29:25','2024-05-02 02:29:25'),(1515,16,'BG','Tạo mới','2024-05-02 02:29:27','2024-05-02 02:29:27'),(1516,16,'BG','Thêm sản phẩm','2024-05-02 02:29:36','2024-05-02 02:29:36'),(1517,16,'BG','Thêm sản phẩm','2024-05-02 02:29:37','2024-05-02 02:29:37'),(1518,16,'BH','Đơn giao hàng','2024-05-02 02:29:38','2024-05-02 02:29:38'),(1519,16,'BH','Đơn báo giá','2024-05-02 02:29:39','2024-05-02 02:29:39'),(1520,16,'BG','Tạo mới','2024-05-02 02:29:42','2024-05-02 02:29:42'),(1521,16,'BG','Thêm sản phẩm','2024-05-02 02:29:43','2024-05-02 02:29:43'),(1522,16,'BG','Thêm sản phẩm','2024-05-02 02:29:44','2024-05-02 02:29:44'),(1523,5,'BH','Đơn báo giá','2024-05-02 02:30:08','2024-05-02 02:30:08'),(1524,5,'BG','Tạo mới','2024-05-02 02:30:09','2024-05-02 02:30:09'),(1525,5,'BG','Thêm sản phẩm','2024-05-02 02:30:11','2024-05-02 02:30:11'),(1526,16,'BH','Đơn báo giá','2024-05-02 02:30:21','2024-05-02 02:30:21'),(1527,16,'BG','Tạo mới','2024-05-02 02:30:22','2024-05-02 02:30:22'),(1528,16,'BG','Thêm sản phẩm','2024-05-02 02:30:23','2024-05-02 02:30:23'),(1529,16,'BG','Thêm sản phẩm','2024-05-02 02:30:24','2024-05-02 02:30:24'),(1530,16,'BH','Đơn giao hàng','2024-05-02 02:30:30','2024-05-02 02:30:30'),(1531,16,'BH','Đơn báo giá','2024-05-02 02:30:31','2024-05-02 02:30:31'),(1532,16,'BH','Đơn báo giá','2024-05-02 02:30:39','2024-05-02 02:30:39'),(1533,16,'BH','Đơn giao hàng','2024-05-02 02:30:42','2024-05-02 02:30:42'),(1534,16,'BH','Đơn báo giá','2024-05-02 02:30:48','2024-05-02 02:30:48'),(1535,16,'BG','Tạo mới','2024-05-02 02:30:51','2024-05-02 02:30:51'),(1536,16,'BG','Thêm sản phẩm','2024-05-02 02:30:53','2024-05-02 02:30:53'),(1537,16,'BG','Thêm sản phẩm','2024-05-02 02:30:53','2024-05-02 02:30:53'),(1538,16,'BG','Thêm sản phẩm','2024-05-02 02:30:54','2024-05-02 02:30:54'),(1539,16,'BG','Thêm sản phẩm','2024-05-02 02:30:54','2024-05-02 02:30:54'),(1540,16,'BG','Thêm sản phẩm','2024-05-02 02:30:54','2024-05-02 02:30:54'),(1541,17,'BH','Đơn báo giá','2024-05-02 02:32:23','2024-05-02 02:32:23'),(1542,17,'BG','Tạo mới','2024-05-02 02:32:24','2024-05-02 02:32:24'),(1543,16,'BH','Đơn giao hàng','2024-05-02 02:32:36','2024-05-02 02:32:36'),(1544,16,'BH','Hóa đơn bán hàng','2024-05-02 02:32:39','2024-05-02 02:32:39'),(1545,16,'BH','Đơn báo giá','2024-05-02 02:32:40','2024-05-02 02:32:40'),(1546,16,'BG','Tạo mới','2024-05-02 02:32:42','2024-05-02 02:32:42'),(1547,16,'BG','Thêm sản phẩm','2024-05-02 02:32:43','2024-05-02 02:32:43'),(1548,16,'BG','Thêm sản phẩm','2024-05-02 02:32:43','2024-05-02 02:32:43'),(1549,16,'BG','Thêm sản phẩm','2024-05-02 02:32:44','2024-05-02 02:32:44'),(1550,16,'BG','Thêm sản phẩm','2024-05-02 02:32:44','2024-05-02 02:32:44'),(1551,16,'BG','Thêm sản phẩm','2024-05-02 02:33:46','2024-05-02 02:33:46'),(1552,16,'DMH','DMH','2024-05-02 02:33:48',NULL),(1553,16,'DMH','Tạo mới','2024-05-02 02:33:49',NULL),(1554,16,'BH','Đơn báo giá','2024-05-02 02:36:01','2024-05-02 02:36:01'),(1555,16,'BG','Tạo mới','2024-05-02 02:36:03','2024-05-02 02:36:03'),(1556,16,'BG','Thêm sản phẩm','2024-05-02 02:36:04','2024-05-02 02:36:04'),(1557,16,'BH','Đơn báo giá','2024-05-02 02:37:08','2024-05-02 02:37:08'),(1558,16,'BG','Tạo mới','2024-05-02 02:37:11','2024-05-02 02:37:11'),(1559,16,'BG','Thêm sản phẩm','2024-05-02 02:37:12','2024-05-02 02:37:12'),(1560,16,'BG','Thêm khách hàng','2024-05-02 02:38:19','2024-05-02 02:38:19'),(1561,17,'BH','Đơn báo giá','2024-05-02 02:38:22','2024-05-02 02:38:22'),(1562,17,'BG','Tạo mới','2024-05-02 02:38:30','2024-05-02 02:38:30'),(1563,16,'BG','Thêm hiệu lực báo giá','2024-05-02 02:56:40','2024-05-02 02:56:40'),(1564,16,'BG','Thêm điều khoản','2024-05-02 02:57:18','2024-05-02 02:57:18'),(1565,16,'BG','Thêm hàng hóa','2024-05-02 02:57:37','2024-05-02 02:57:37'),(1566,16,'BG','Thêm địa điểm','2024-05-02 02:58:12','2024-05-02 02:58:12'),(1567,16,'BH','Đơn báo giá','2024-05-02 02:58:24','2024-05-02 02:58:24'),(1568,16,'BG','Tạo mới','2024-05-02 02:58:28','2024-05-02 02:58:28'),(1569,16,'BG','Thêm sản phẩm','2024-05-02 02:58:29','2024-05-02 02:58:29'),(1570,16,'BG','Thêm giao hàng','2024-05-02 02:59:05','2024-05-02 02:59:05'),(1571,16,'BG','Lưu nháp','2024-05-02 02:59:19','2024-05-02 02:59:19'),(1572,16,'BG','Tạo mới','2024-05-02 02:59:22','2024-05-02 02:59:22'),(1573,16,'BG','Thêm sản phẩm','2024-05-02 02:59:23','2024-05-02 02:59:23'),(1574,16,'BH','Đơn báo giá','2024-05-02 02:59:28','2024-05-02 02:59:28'),(1575,16,'BG','Tạo mới','2024-05-02 02:59:31','2024-05-02 02:59:31'),(1576,16,'BG','Thêm sản phẩm','2024-05-02 02:59:32','2024-05-02 02:59:32'),(1577,16,'BH','Đơn báo giá','2024-05-02 02:59:37','2024-05-02 02:59:37'),(1578,16,'BG','Xóa đơn báo giá','2024-05-02 02:59:39','2024-05-02 02:59:39'),(1579,16,'BG','Tạo mới','2024-05-02 02:59:40','2024-05-02 02:59:40'),(1580,16,'BG','Thêm sản phẩm','2024-05-02 02:59:42','2024-05-02 02:59:42'),(1581,16,'BH','Đơn báo giá','2024-05-02 03:00:01','2024-05-02 03:00:01'),(1582,16,'BH','Đơn báo giá','2024-05-02 03:01:00','2024-05-02 03:01:00'),(1583,16,'BG','Tạo mới','2024-05-02 03:01:02','2024-05-02 03:01:02'),(1584,16,'BG','Thêm sản phẩm','2024-05-02 03:01:04','2024-05-02 03:01:04'),(1585,16,'BG','Lưu nháp','2024-05-02 03:01:26','2024-05-02 03:01:26'),(1586,5,'BH','Đơn báo giá','2024-05-02 03:21:14','2024-05-02 03:21:14'),(1587,4,'BH','Đơn báo giá','2024-05-02 05:08:13','2024-05-02 05:08:13'),(1588,4,'BG','Tạo mới','2024-05-02 05:08:14','2024-05-02 05:08:14'),(1589,4,'BG','Thêm sản phẩm','2024-05-02 05:08:15','2024-05-02 05:08:15'),(1590,4,'BH','Đơn giao hàng','2024-05-02 05:08:26','2024-05-02 05:08:26'),(1591,4,'GH','Tạo mới','2024-05-02 05:08:27','2024-05-02 05:08:27'),(1592,4,'BH','Khách hàng','2024-05-02 05:08:31','2024-05-02 05:08:31'),(1593,4,'KH','Tạo mới','2024-05-02 05:08:32','2024-05-02 05:08:32'),(1594,4,'KH','Thêm người đại diện','2024-05-02 05:08:34','2024-05-02 05:08:34'),(1595,4,'BH','Đơn báo giá','2024-05-02 05:08:35','2024-05-02 05:08:35'),(1596,4,'BG','Tạo mới','2024-05-02 05:08:37','2024-05-02 05:08:37'),(1597,4,'BH','Khách hàng','2024-05-02 05:08:39','2024-05-02 05:08:39'),(1598,4,'KH','Tạo mới','2024-05-02 05:08:41','2024-05-02 05:08:41'),(1599,4,'KH','Thêm người đại diện','2024-05-02 05:08:42','2024-05-02 05:08:42'),(1600,4,'BH','Khách hàng','2024-05-02 05:08:55','2024-05-02 05:08:55'),(1601,4,'KH','Xem trang sửa','2024-05-02 05:09:00','2024-05-02 05:09:00'),(1602,4,'KH','Thêm người đại diện ở trang sửa','2024-05-02 05:09:02','2024-05-02 05:09:02'),(1603,4,'BH','Đơn báo giá','2024-05-02 07:52:39','2024-05-02 07:52:39'),(1604,4,'BH','Thanh toán bán hàng','2024-05-02 07:52:41','2024-05-02 07:52:41'),(1605,5,'BH','Đơn báo giá','2024-05-02 09:24:21','2024-05-02 09:24:21'),(1606,5,'BH','Đơn giao hàng','2024-05-02 09:24:29','2024-05-02 09:24:29'),(1607,5,'BH','Hóa đơn bán hàng','2024-05-02 09:24:32','2024-05-02 09:24:32'),(1608,5,'BH','Thanh toán bán hàng','2024-05-02 09:24:35','2024-05-02 09:24:35'),(1609,5,'BH','Khách hàng','2024-05-02 09:24:44','2024-05-02 09:24:44'),(1610,5,'BH','Thanh toán bán hàng','2024-05-02 09:24:45','2024-05-02 09:24:45'),(1611,5,'BH','Khách hàng','2024-05-02 09:25:34','2024-05-02 09:25:34'),(1612,5,'BH','Đơn giao hàng','2024-05-02 09:25:35','2024-05-02 09:25:35'),(1613,5,'BH','Hóa đơn bán hàng','2024-05-02 09:25:39','2024-05-02 09:25:39'),(1614,5,'DMH','DMH','2024-05-02 09:25:55',NULL),(1615,5,'BH','Đơn báo giá','2024-05-02 09:26:01','2024-05-02 09:26:01'),(1616,5,'DNH','DNH','2024-05-02 09:26:42',NULL),(1617,5,'BH','Đơn giao hàng','2024-05-02 09:28:13','2024-05-02 09:28:13'),(1618,5,'BH','Thanh toán bán hàng','2024-05-02 09:28:23','2024-05-02 09:28:23'),(1619,5,'TTMH','TTMH','2024-05-02 09:28:32',NULL),(1620,5,'BH','Khách hàng','2024-05-02 09:28:45','2024-05-02 09:28:45'),(1621,5,'NCC','NCC','2024-05-02 09:28:45',NULL),(1622,5,'DMH','DMH','2024-05-02 09:31:07',NULL),(1623,5,'DMH','DMH','2024-05-02 09:31:16',NULL),(1624,5,'BH','Đơn báo giá','2024-05-02 09:31:17','2024-05-02 09:31:17'),(1625,5,'DMH','Tạo mới','2024-05-02 09:31:18',NULL),(1626,5,'BG','Tạo mới','2024-05-02 09:31:20','2024-05-02 09:31:20'),(1627,5,'BG','Thêm sản phẩm','2024-05-02 09:32:05','2024-05-02 09:32:05'),(1628,5,'DMH','Thêm sản phẩm','2024-05-02 09:32:07',NULL),(1629,5,'TTMH','TTMH','2024-05-02 09:38:56',NULL),(1630,5,'HDMH','HDMH','2024-05-02 09:38:58',NULL),(1631,5,'NCC','NCC','2024-05-02 09:39:00',NULL),(1632,5,'TTMH','TTMH','2024-05-02 09:39:02',NULL),(1633,5,'NCC','NCC','2024-05-02 09:39:04',NULL),(1634,5,'BH','Đơn báo giá','2024-05-02 09:39:10','2024-05-02 09:39:10'),(1635,5,'BH','Đơn giao hàng','2024-05-02 09:39:12','2024-05-02 09:39:12'),(1636,5,'BH','Hóa đơn bán hàng','2024-05-02 09:39:13','2024-05-02 09:39:13'),(1637,5,'BH','Thanh toán bán hàng','2024-05-02 09:39:14','2024-05-02 09:39:14'),(1638,5,'BH','Thanh toán bán hàng','2024-05-02 09:39:15','2024-05-02 09:39:15'),(1639,5,'BH','Khách hàng','2024-05-02 09:39:16','2024-05-02 09:39:16'),(1640,5,'BH','Đơn báo giá','2024-05-02 09:39:22','2024-05-02 09:39:22'),(1641,5,'BG','Tạo mới','2024-05-02 09:39:24','2024-05-02 09:39:24'),(1642,5,'DMH','DMH','2024-05-02 09:39:57',NULL),(1643,5,'DMH','Tạo mới','2024-05-02 09:39:58',NULL),(1644,4,'BH','Đơn báo giá','2024-05-03 02:04:29','2024-05-03 02:04:29'),(1645,3,'BH','Đơn giao hàng','2024-05-03 03:15:11','2024-05-03 03:15:11'),(1646,5,'BH','Đơn báo giá','2024-05-03 09:05:48','2024-05-03 09:05:48'),(1647,5,'DMH','DMH','2024-05-03 09:05:52',NULL),(1648,5,'BH','Đơn báo giá','2024-05-03 09:26:54','2024-05-03 09:26:54'),(1649,5,'BH','Đơn báo giá','2024-05-03 09:27:07','2024-05-03 09:27:07'),(1650,5,'BH','Đơn báo giá','2024-05-03 09:29:21','2024-05-03 09:29:21'),(1651,5,'BH','Đơn báo giá','2024-05-03 09:29:47','2024-05-03 09:29:47'),(1652,4,'BH','Đơn báo giá','2024-05-03 09:29:49','2024-05-03 09:29:49'),(1653,2,'BH','Đơn báo giá','2024-05-03 11:14:38','2024-05-03 11:14:38'),(1654,3,'BH','Đơn báo giá','2024-05-03 15:19:39','2024-05-03 15:19:39'),(1655,3,'BG','Xem đơn báo giá','2024-05-03 15:20:34','2024-05-03 15:20:34'),(1656,2,'BH','Đơn báo giá','2024-05-04 02:42:04','2024-05-04 02:42:04'),(1657,2,'BG','Tạo mới','2024-05-04 02:42:16','2024-05-04 02:42:16'),(1658,2,'BG','Thêm sản phẩm','2024-05-04 02:42:17','2024-05-04 02:42:17'),(1659,2,'BG','Thêm khách hàng','2024-05-04 02:42:39','2024-05-04 02:42:39'),(1660,2,'BG','Lưu nháp','2024-05-04 02:42:42','2024-05-04 02:42:42'),(1661,2,'BG','Xem đơn báo giá','2024-05-04 02:42:49','2024-05-04 02:42:49'),(1662,2,'DMH','Tạo mới','2024-05-04 02:43:04',NULL),(1663,2,'DMH','Thêm sản phẩm','2024-05-04 02:43:05',NULL),(1664,2,'DMH','Tạo mới đơn mua hàng','2024-05-04 02:43:16',NULL),(1665,2,'DNH','DNH','2024-05-04 02:43:18',NULL),(1666,2,'DNH','Tạo mới','2024-05-04 02:43:19',NULL),(1667,2,'DNH','Nhận hàng đơn nhận hàng','2024-05-04 02:43:25',NULL),(1668,2,'BH','Đơn báo giá','2024-05-04 02:43:30','2024-05-04 02:43:30'),(1669,2,'BG','Xem đơn báo giá','2024-05-04 02:43:41','2024-05-04 02:43:41'),(1670,2,'BH','Đơn giao hàng','2024-05-04 02:43:46','2024-05-04 02:43:46'),(1671,2,'GH','Tạo mới','2024-05-04 02:43:47','2024-05-04 02:43:47'),(1672,2,'GH','Lấy thông tin từ số báo giá','2024-05-04 02:43:49','2024-05-04 02:43:49'),(1673,2,'BH','Đơn báo giá','2024-05-04 02:43:53','2024-05-04 02:43:53'),(1674,3,'DNH','DNH','2024-05-04 03:07:22',NULL),(1675,3,'NCC','NCC','2024-05-04 03:07:57',NULL),(1676,3,'NCC','Xem nhà cung cấp','2024-05-04 03:08:01',NULL),(1677,3,'NCC','File đính kèm','2024-05-04 03:08:04',NULL),(1678,3,'NCC','File đính kèm','2024-05-04 03:08:05',NULL),(1679,3,'NCC','Lịch sử mua hàng','2024-05-04 03:08:09',NULL),(1680,3,'NCC','File đính kèm','2024-05-04 03:08:10',NULL),(1681,3,'NCC','Lịch sử mua hàng','2024-05-04 03:08:11',NULL),(1682,3,'NCC','File đính kèm','2024-05-04 03:08:13',NULL),(1683,3,'BH','Đơn giao hàng','2024-05-04 03:09:44','2024-05-04 03:09:44'),(1684,3,'GH','Xem đơn giao hàng','2024-05-04 03:09:49','2024-05-04 03:09:49'),(1685,3,'GH','Xuất file pdf','2024-05-04 03:09:57','2024-05-04 03:09:57'),(1686,3,'DMH','DMH','2024-05-04 03:24:19',NULL),(1687,3,'DMH','Xem đơn mua hàng','2024-05-04 03:26:12',NULL),(1688,3,'DMH','Xem đơn mua hàng','2024-05-04 03:28:43',NULL),(1689,3,'DMH','DMH','2024-05-04 03:28:55',NULL),(1690,3,'BH','Đơn báo giá','2024-05-04 03:29:16','2024-05-04 03:29:16'),(1691,3,'BG','Xem đơn báo giá','2024-05-04 03:29:29','2024-05-04 03:29:29'),(1692,3,'BH','Thanh toán bán hàng','2024-05-04 03:34:32','2024-05-04 03:34:32'),(1693,3,'TT','Xem đơn thanh toán','2024-05-04 03:34:38','2024-05-04 03:34:38'),(1694,3,'TTMH','TTMH','2024-05-04 03:35:08',NULL),(1695,2,'TTMH','TTMH','2024-05-04 05:10:57',NULL),(1696,5,'BH','Đơn báo giá','2024-05-05 14:41:13','2024-05-05 14:41:13'),(1697,5,'DMH','DMH','2024-05-05 14:46:20',NULL),(1698,5,'BH','Đơn báo giá','2024-05-05 14:48:06','2024-05-05 14:48:06'),(1699,5,'BH','Thanh toán bán hàng','2024-05-05 14:48:11','2024-05-05 14:48:11'),(1700,5,'BH','Thanh toán bán hàng','2024-05-05 14:48:16','2024-05-05 14:48:16'),(1701,5,'BH','Đơn báo giá','2024-05-05 14:48:30','2024-05-05 14:48:30'),(1702,5,'BG','Tạo mới','2024-05-05 14:48:32','2024-05-05 14:48:32'),(1703,5,'BG','Thêm sản phẩm','2024-05-05 14:48:33','2024-05-05 14:48:33'),(1704,5,'BG','Lưu nháp','2024-05-05 14:48:46','2024-05-05 14:48:46'),(1705,5,'TT','Xác nhận','2024-05-05 14:48:54','2024-05-05 14:48:54'),(1706,5,'GH','Lưu nháp','2024-05-05 14:52:55','2024-05-05 14:52:55'),(1707,5,'BH','Đơn giao hàng','2024-05-05 14:52:56','2024-05-05 14:52:56'),(1708,5,'GH','Xem đơn giao hàng','2024-05-05 14:52:59','2024-05-05 14:52:59'),(1709,5,'BH','Đơn báo giá','2024-05-05 14:53:03','2024-05-05 14:53:03'),(1710,5,'BH','Đơn giao hàng','2024-05-05 14:53:09','2024-05-05 14:53:09'),(1711,5,'GH','Xem đơn giao hàng','2024-05-05 14:53:15','2024-05-05 14:53:15'),(1712,5,'GH','Xuất file pdf','2024-05-05 14:53:27','2024-05-05 14:53:27'),(1713,5,'BH','Đơn báo giá','2024-05-05 14:54:41','2024-05-05 14:54:41'),(1714,18,'BH','Khách hàng','2024-05-06 02:11:08','2024-05-06 02:11:08'),(1715,18,'KH','Tạo mới','2024-05-06 02:11:15','2024-05-06 02:11:15'),(1716,18,'KH','Hủy','2024-05-06 02:11:19','2024-05-06 02:11:19'),(1717,18,'BH','Thanh toán bán hàng','2024-05-06 02:11:21','2024-05-06 02:11:21'),(1718,18,'DMH','DMH','2024-05-06 02:11:30',NULL),(1719,18,'NCC','NCC','2024-05-06 02:11:40',NULL),(1720,18,'TTMH','TTMH','2024-05-06 02:11:41',NULL),(1721,18,'HDMH','HDMH','2024-05-06 02:11:44',NULL),(1722,18,'TTMH','TTMH','2024-05-06 02:11:45',NULL),(1723,18,'DNH','DNH','2024-05-06 02:11:47',NULL),(1724,18,'DMH','DMH','2024-05-06 02:11:49',NULL),(1725,18,'BH','Đơn báo giá','2024-05-06 02:18:50','2024-05-06 02:18:50'),(1726,18,'BG','Tạo mới','2024-05-06 02:18:55','2024-05-06 02:18:55'),(1727,18,'BG','Thêm sản phẩm','2024-05-06 02:18:57','2024-05-06 02:18:57'),(1728,18,'BG','Thêm sản phẩm','2024-05-06 02:19:03','2024-05-06 02:19:03'),(1729,18,'BH','Đơn giao hàng','2024-05-06 02:20:01','2024-05-06 02:20:01'),(1730,18,'BH','Đơn báo giá','2024-05-06 02:20:05','2024-05-06 02:20:05'),(1731,4,'BH','Đơn báo giá','2024-05-06 03:07:14','2024-05-06 03:07:14'),(1732,3,'BH','Đơn báo giá','2024-05-06 03:23:28','2024-05-06 03:23:28'),(1733,3,'BG','Xem đơn báo giá','2024-05-06 03:23:32','2024-05-06 03:23:32'),(1734,3,'BH','Đơn giao hàng','2024-05-06 03:23:36','2024-05-06 03:23:36'),(1735,3,'GH','Xem đơn giao hàng','2024-05-06 03:23:40','2024-05-06 03:23:40'),(1736,3,'BH','Hóa đơn bán hàng','2024-05-06 03:23:42','2024-05-06 03:23:42'),(1737,3,'HDBH','Xem hóa đơn bán hàng','2024-05-06 03:23:44','2024-05-06 03:23:44'),(1738,3,'DMH','DMH','2024-05-06 03:23:50',NULL),(1739,3,'DMH','Xem đơn mua hàng','2024-05-06 03:23:52',NULL),(1740,3,'DNH','DNH','2024-05-06 03:23:58',NULL),(1741,3,'DNH','Xem đơn nhận hàng','2024-05-06 03:24:00',NULL),(1742,3,'HDMH','HDMH','2024-05-06 03:24:02',NULL),(1743,3,'TTMH','TTMH','2024-05-06 03:24:04',NULL),(1744,5,'BH','Đơn báo giá','2024-05-06 03:36:44','2024-05-06 03:36:44'),(1745,5,'BH','Đơn giao hàng','2024-05-06 03:36:48','2024-05-06 03:36:48'),(1746,5,'GH','Xóa đơn giao hàng','2024-05-06 03:36:51','2024-05-06 03:36:51'),(1747,5,'BH','Đơn báo giá','2024-05-06 03:36:52','2024-05-06 03:36:52'),(1748,3,'BH','Đơn báo giá','2024-05-06 03:40:04','2024-05-06 03:40:04'),(1749,3,'DMH','DMH','2024-05-06 03:47:47',NULL),(1750,3,'BH','Đơn báo giá','2024-05-06 03:50:02','2024-05-06 03:50:02'),(1751,3,'DMH','DMH','2024-05-06 03:55:10',NULL),(1752,3,'BH','Đơn giao hàng','2024-05-06 04:36:12','2024-05-06 04:36:12'),(1753,3,'GH','Xem đơn giao hàng','2024-05-06 04:36:15','2024-05-06 04:36:15'),(1754,3,'GH','Xuất file pdf','2024-05-06 04:36:18','2024-05-06 04:36:18'),(1755,3,'BH','Đơn báo giá','2024-05-06 04:59:18','2024-05-06 04:59:18'),(1756,3,'BG','Tạo mới','2024-05-06 04:59:21','2024-05-06 04:59:21'),(1757,3,'DMH','DMH','2024-05-06 05:09:00',NULL),(1758,3,'DMH','Tạo mới','2024-05-06 05:10:43',NULL),(1759,3,'BH','Đơn báo giá','2024-05-06 06:24:14','2024-05-06 06:24:14'),(1760,19,'DMH','DMH','2024-05-06 07:10:37',NULL),(1761,19,'BH','Đơn báo giá','2024-05-06 07:10:47','2024-05-06 07:10:47'),(1762,19,'BG','Tạo mới','2024-05-06 07:10:49','2024-05-06 07:10:49'),(1763,19,'BG','Thêm sản phẩm','2024-05-06 07:10:50','2024-05-06 07:10:50'),(1764,19,'BG','Thêm khách hàng','2024-05-06 07:10:55','2024-05-06 07:10:55'),(1765,19,'BG','Lưu nháp','2024-05-06 07:11:05','2024-05-06 07:11:05'),(1766,2,'BH','Đơn giao hàng','2024-05-06 08:44:31','2024-05-06 08:44:31'),(1767,4,'DMH','DMH','2024-05-06 08:58:43',NULL),(1768,4,'DMH','Tạo mới','2024-05-06 08:58:44',NULL),(1769,3,'BH','Đơn báo giá','2024-05-06 10:10:24','2024-05-06 10:10:24'),(1770,3,'BH','Đơn giao hàng','2024-05-06 10:10:27','2024-05-06 10:10:27'),(1771,3,'BH','Đơn báo giá','2024-05-06 10:10:31','2024-05-06 10:10:31'),(1772,3,'BH','Đơn giao hàng','2024-05-06 10:10:33','2024-05-06 10:10:33'),(1773,3,'BH','Thanh toán bán hàng','2024-05-06 10:10:38','2024-05-06 10:10:38'),(1774,3,'BH','Đơn báo giá','2024-05-06 10:10:45','2024-05-06 10:10:45'),(1775,3,'DMH','DMH','2024-05-06 10:10:50',NULL),(1776,3,'DNH','DNH','2024-05-06 10:10:52',NULL),(1777,3,'HDMH','HDMH','2024-05-06 10:10:54',NULL),(1778,3,'NCC','NCC','2024-05-06 10:10:57',NULL),(1779,4,'DMH','DMH','2024-05-06 10:53:15',NULL),(1780,4,'TTMH','TTMH','2024-05-06 10:53:16',NULL),(1781,4,'BH','Đơn báo giá','2024-05-06 14:02:57','2024-05-06 14:02:57'),(1782,4,'BG','Tạo mới','2024-05-06 14:02:58','2024-05-06 14:02:58'),(1783,4,'BG','Thêm sản phẩm','2024-05-06 14:02:59','2024-05-06 14:02:59'),(1784,4,'BH','Đơn báo giá','2024-05-06 14:09:39','2024-05-06 14:09:39'),(1785,4,'BH','Đơn báo giá','2024-05-07 02:04:25','2024-05-07 02:04:25'),(1786,4,'BG','Tạo mới','2024-05-07 02:04:27','2024-05-07 02:04:27'),(1787,4,'BG','Thêm sản phẩm','2024-05-07 02:04:28','2024-05-07 02:04:28'),(1788,4,'BG','Xóa sản phẩm','2024-05-07 02:11:56','2024-05-07 02:11:56'),(1789,3,'DMH','DMH','2024-05-07 02:20:01',NULL),(1790,3,'DMH','Xem đơn mua hàng','2024-05-07 02:20:03',NULL),(1791,3,'BH','Đơn báo giá','2024-05-07 02:26:35','2024-05-07 02:26:35'),(1792,3,'DMH','DMH','2024-05-07 02:54:24',NULL),(1793,2,'DMH','DMH','2024-05-07 02:56:14',NULL),(1794,2,'BH','Đơn báo giá','2024-05-07 03:12:30','2024-05-07 03:12:30'),(1795,2,'BH','Đơn báo giá','2024-05-07 03:21:28','2024-05-07 03:21:28'),(1796,3,'BH','Đơn báo giá','2024-05-07 03:28:11','2024-05-07 03:28:11'),(1797,3,'TTMH','TTMH','2024-05-07 03:33:12',NULL),(1798,3,'DNH','DNH','2024-05-07 03:36:15',NULL),(1799,2,'BH','Đơn giao hàng','2024-05-07 03:41:31','2024-05-07 03:41:31'),(1800,3,'BH','Đơn báo giá','2024-05-07 04:05:40','2024-05-07 04:05:40'),(1801,3,'BH','Đơn giao hàng','2024-05-07 04:05:48','2024-05-07 04:05:48'),(1802,3,'DNH','DNH','2024-05-07 04:05:57',NULL),(1803,4,'BH','Khách hàng','2024-05-09 17:07:57','2024-05-09 17:07:57'),(1804,4,'BH','Khách hàng','2024-05-09 17:08:02','2024-05-09 17:08:02'),(1805,4,'KH','Xem lịch sử giao dịch','2024-05-09 17:08:06','2024-05-09 17:08:06'),(1806,4,'BH','Khách hàng','2024-05-09 17:08:08','2024-05-09 17:08:08'),(1807,4,'DMH','DMH','2024-05-09 17:09:19',NULL),(1808,4,'NCC','NCC','2024-05-09 17:09:21',NULL),(1809,4,'NCC','Xem nhà cung cấp','2024-05-09 17:09:27',NULL),(1810,4,'DMH','DMH','2024-05-09 17:10:31',NULL),(1811,4,'DMH','Tạo mới','2024-05-09 17:10:33',NULL),(1812,4,'DMH','Thêm sản phẩm','2024-05-09 17:10:34',NULL),(1813,4,'DMH','DMH','2024-05-09 17:13:14',NULL),(1814,4,'DMH','Xem đơn mua hàng','2024-05-09 17:13:21',NULL),(1815,4,'DNH','DNH','2024-05-09 17:13:32',NULL),(1816,4,'HDMH','HDMH','2024-05-09 17:13:36',NULL),(1817,4,'HDMH','HDMH','2024-05-09 17:13:39',NULL),(1818,4,'TTMH','TTMH','2024-05-09 17:13:44',NULL),(1819,4,'TTMH','Xem thanh toán mua hàng','2024-05-09 17:13:47',NULL),(1820,4,'TTMH','Lịch sử thanh toán','2024-05-09 17:13:51',NULL),(1821,4,'NCC','NCC','2024-05-09 17:15:31',NULL),(1822,4,'NCC','Xem nhà cung cấp','2024-05-09 17:15:36',NULL),(1823,4,'NCC','Lịch sử mua hàng','2024-05-09 17:15:39',NULL),(1824,4,'BH','Đơn báo giá','2024-05-09 17:16:21','2024-05-09 17:16:21'),(1825,4,'DMH','DMH','2024-05-09 17:17:26',NULL),(1826,3,'BH','Đơn báo giá','2024-05-09 18:52:52','2024-05-09 18:52:52'),(1827,3,'BH','Khách hàng','2024-05-09 18:52:55','2024-05-09 18:52:55'),(1828,3,'KH','Xem lịch sử giao dịch','2024-05-09 18:53:18','2024-05-09 18:53:18'),(1829,3,'BH','Đơn báo giá','2024-05-09 18:53:26','2024-05-09 18:53:26'),(1830,3,'BG','Xem đơn báo giá','2024-05-09 18:53:35','2024-05-09 18:53:35'),(1831,3,'BH','Đơn báo giá','2024-05-09 18:53:52','2024-05-09 18:53:52'),(1832,5,'BH','Đơn báo giá','2024-05-14 02:27:15','2024-05-14 02:27:15'),(1833,5,'BG','Tạo mới','2024-05-14 02:27:17','2024-05-14 02:27:17'),(1834,5,'BG','Thêm sản phẩm','2024-05-14 02:27:18','2024-05-14 02:27:18'),(1835,5,'BG','Thêm sản phẩm','2024-05-14 02:27:22','2024-05-14 02:27:22'),(1836,5,'BG','Thêm sản phẩm','2024-05-14 02:27:22','2024-05-14 02:27:22'),(1837,5,'BG','Thêm khách hàng','2024-05-14 02:28:19','2024-05-14 02:28:19'),(1838,5,'BH','Đơn báo giá','2024-05-14 02:32:28','2024-05-14 02:32:28'),(1839,5,'BG','Tạo mới','2024-05-14 02:32:29','2024-05-14 02:32:29'),(1840,5,'BG','Thêm sản phẩm','2024-05-14 02:32:31','2024-05-14 02:32:31'),(1841,5,'BG','Thêm sản phẩm','2024-05-14 02:32:31','2024-05-14 02:32:31'),(1842,5,'BG','Thêm sản phẩm','2024-05-14 02:32:32','2024-05-14 02:32:32'),(1843,5,'BG','Thêm hiệu lực báo giá','2024-05-14 02:32:40','2024-05-14 02:32:40'),(1844,5,'BG','Cập nhật hiệu lực báo giá','2024-05-14 02:32:56','2024-05-14 02:32:56'),(1845,5,'BG','Thêm điều khoản','2024-05-14 02:33:07','2024-05-14 02:33:07'),(1846,5,'BG','Thêm hàng hóa','2024-05-14 02:33:19','2024-05-14 02:33:19'),(1847,5,'BG','Thêm giao hàng','2024-05-14 02:33:55','2024-05-14 02:33:55'),(1848,5,'BG','Thêm địa điểm','2024-05-14 02:34:25','2024-05-14 02:34:25'),(1849,5,'BG','Lưu nháp','2024-05-14 02:35:01','2024-05-14 02:35:01'),(1850,5,'BH','Đơn giao hàng','2024-05-14 02:36:03','2024-05-14 02:36:03'),(1851,5,'BH','Đơn báo giá','2024-05-14 02:36:04','2024-05-14 02:36:04'),(1852,5,'DMH','DMH','2024-05-14 02:36:13',NULL),(1853,5,'BH','Đơn báo giá','2024-05-14 02:36:16','2024-05-14 02:36:16'),(1854,5,'BG','Xem đơn báo giá','2024-05-14 02:36:18','2024-05-14 02:36:18'),(1855,5,'BG','Tạo đơn mua hàng','2024-05-14 02:36:20','2024-05-14 02:36:20'),(1856,5,'DMH','Thêm mới nhà cung cấp','2024-05-14 02:36:43',NULL),(1857,5,'DMH','Tạo mới đơn mua hàng','2024-05-14 02:37:08',NULL),(1858,5,'DNH','Nhận hàng đơn nhận hàng','2024-05-14 02:37:55',NULL),(1859,5,'BH','Đơn báo giá','2024-05-14 02:37:59','2024-05-14 02:37:59'),(1860,5,'GH','Giao hàng','2024-05-14 02:38:15','2024-05-14 02:38:15'),(1861,5,'BH','Đơn báo giá','2024-05-14 02:40:18','2024-05-14 02:40:18'),(1862,5,'HDBH','Xác nhận hóa đơn bán hàng','2024-05-14 02:40:22','2024-05-14 02:40:22'),(1863,5,'TT','Xác nhận','2024-05-14 02:40:27','2024-05-14 02:40:27'),(1864,5,'DMH','DMH','2024-05-14 02:40:30',NULL),(1865,5,'HDMH','Xác nhận hóa đơn mua hàng','2024-05-14 02:40:34',NULL),(1866,5,'TTMH','Xác nhận thanh toán mua hàng','2024-05-14 02:40:38',NULL),(1867,5,'TT','Xác nhận ở trang chi tiết','2024-05-14 02:45:48','2024-05-14 02:45:48'),(1868,5,'BH','Hóa đơn bán hàng','2024-05-14 02:46:15','2024-05-14 02:46:15'),(1869,5,'HDBH','Xem hóa đơn bán hàng','2024-05-14 02:46:18','2024-05-14 02:46:18'),(1870,5,'HDMH','HDMH','2024-05-14 02:46:24',NULL),(1871,5,'HDMH','Xem hóa đơn mua hàng','2024-05-14 02:46:29',NULL),(1872,5,'TTMH','TTMH','2024-05-14 02:46:32',NULL),(1873,5,'HDMH','HDMH','2024-05-14 02:46:35',NULL),(1874,5,'DNH','DNH','2024-05-14 02:46:38',NULL),(1875,5,'BH','Đơn báo giá','2024-05-14 02:47:25','2024-05-14 02:47:25'),(1876,5,'BG','Xem đơn báo giá','2024-05-14 02:47:30','2024-05-14 02:47:30'),(1877,5,'BH','Đơn báo giá','2024-05-14 02:47:41','2024-05-14 02:47:41'),(1878,5,'BG','Tạo mới','2024-05-14 02:47:43','2024-05-14 02:47:43'),(1879,5,'BG','Thêm sản phẩm','2024-05-14 02:47:45','2024-05-14 02:47:45'),(1880,5,'BG','Lưu nháp','2024-05-14 02:48:08','2024-05-14 02:48:08'),(1881,5,'BG','Xem đơn báo giá','2024-05-14 02:48:11','2024-05-14 02:48:11'),(1882,5,'BG','Hủy','2024-05-14 02:48:50','2024-05-14 02:48:50'),(1883,5,'GH','Giao hàng','2024-05-14 02:57:58','2024-05-14 02:57:58'),(1884,5,'BH','Đơn giao hàng','2024-05-14 02:58:02','2024-05-14 02:58:02'),(1885,5,'BH','Đơn báo giá','2024-05-14 02:58:05','2024-05-14 02:58:05'),(1886,5,'BH','Đơn giao hàng','2024-05-14 02:58:06','2024-05-14 02:58:06'),(1887,5,'GH','Xóa đơn giao hàng','2024-05-14 02:58:08','2024-05-14 02:58:08'),(1888,5,'BH','Đơn báo giá','2024-05-14 02:58:10','2024-05-14 02:58:10'),(1889,5,'GH','Lưu nháp','2024-05-14 02:58:16','2024-05-14 02:58:16'),(1890,5,'BG','Xem đơn báo giá','2024-05-14 02:58:19','2024-05-14 02:58:19'),(1891,5,'BH','Đơn báo giá','2024-05-14 02:58:22','2024-05-14 02:58:22'),(1892,5,'BH','Đơn giao hàng','2024-05-14 02:58:23','2024-05-14 02:58:23'),(1893,5,'GH','Xem đơn giao hàng','2024-05-14 02:58:28','2024-05-14 02:58:28'),(1894,5,'BH','Đơn giao hàng','2024-05-14 02:58:45','2024-05-14 02:58:45'),(1895,5,'GH','Xóa đơn giao hàng','2024-05-14 02:58:48','2024-05-14 02:58:48'),(1896,5,'GH','Tạo mới','2024-05-14 02:58:50','2024-05-14 02:58:50'),(1897,5,'GH','Lấy thông tin từ số báo giá','2024-05-14 02:58:52','2024-05-14 02:58:52'),(1898,5,'GH','Lưu nháp','2024-05-14 02:58:58','2024-05-14 02:58:58'),(1899,5,'BH','Đơn giao hàng','2024-05-14 02:59:10','2024-05-14 02:59:10'),(1900,5,'GH','Xem đơn giao hàng','2024-05-14 02:59:15','2024-05-14 02:59:15'),(1901,5,'GH','Xác nhận','2024-05-14 02:59:17','2024-05-14 02:59:17'),(1902,5,'DMH','DMH','2024-05-14 02:59:30',NULL),(1903,5,'DMH','DMH','2024-05-14 02:59:38',NULL),(1904,5,'DMH','Xem đơn mua hàng','2024-05-14 02:59:40',NULL),(1905,5,'DMH','DMH','2024-05-14 02:59:42',NULL),(1906,5,'BH','Đơn giao hàng','2024-05-14 02:59:44','2024-05-14 02:59:44'),(1907,5,'GH','Xem đơn giao hàng','2024-05-14 02:59:46','2024-05-14 02:59:46'),(1908,5,'GH','Xem file đính kèm giao hàng','2024-05-14 02:59:51','2024-05-14 02:59:51'),(1909,5,'GH','Xem thông tin sản phẩm giao hàng','2024-05-14 02:59:52','2024-05-14 02:59:52'),(1910,5,'BH','Đơn giao hàng','2024-05-14 03:00:13','2024-05-14 03:00:13'),(1911,5,'GH','Xem đơn giao hàng','2024-05-14 03:00:16','2024-05-14 03:00:16'),(1912,5,'BH','Đơn báo giá','2024-05-14 03:00:25','2024-05-14 03:00:25'),(1913,5,'BH','Đơn giao hàng','2024-05-14 03:00:26','2024-05-14 03:00:26'),(1914,5,'GH','Xem đơn giao hàng','2024-05-14 03:00:28','2024-05-14 03:00:28'),(1915,5,'BH','Đơn báo giá','2024-05-14 03:00:33','2024-05-14 03:00:33'),(1916,5,'BG','Tạo mới','2024-05-14 03:00:34','2024-05-14 03:00:34'),(1917,5,'BG','Thêm sản phẩm','2024-05-14 03:00:36','2024-05-14 03:00:36'),(1918,5,'BG','Lưu nháp','2024-05-14 03:00:48','2024-05-14 03:00:48'),(1919,5,'GH','Lưu nháp','2024-05-14 03:00:57','2024-05-14 03:00:57'),(1920,5,'BH','Đơn giao hàng','2024-05-14 03:01:02','2024-05-14 03:01:02'),(1921,5,'GH','Xem đơn giao hàng','2024-05-14 03:01:05','2024-05-14 03:01:05'),(1922,5,'BH','Đơn báo giá','2024-05-14 03:01:52','2024-05-14 03:01:52'),(1923,5,'BH','Đơn giao hàng','2024-05-14 03:01:56','2024-05-14 03:01:56'),(1924,5,'BH','Đơn báo giá','2024-05-14 03:02:06','2024-05-14 03:02:06'),(1925,5,'BH','Đơn giao hàng','2024-05-14 03:02:16','2024-05-14 03:02:16'),(1926,5,'GH','Xem đơn giao hàng','2024-05-14 03:02:19','2024-05-14 03:02:19'),(1927,5,'GH','Xác nhận','2024-05-14 03:02:21','2024-05-14 03:02:21'),(1928,5,'BH','Đơn báo giá','2024-05-14 03:02:33','2024-05-14 03:02:33'),(1929,5,'BH','Đơn giao hàng','2024-05-14 03:03:14','2024-05-14 03:03:14'),(1930,3,'DMH','DMH','2024-05-14 03:07:03',NULL),(1931,3,'DMH','Tạo mới','2024-05-14 03:07:09',NULL),(1932,3,'DMH','Thêm sản phẩm','2024-05-14 03:07:11',NULL),(1933,3,'DMH','Tạo mới đơn mua hàng','2024-05-14 03:07:20',NULL),(1934,3,'DNH','DNH','2024-05-14 03:07:21',NULL),(1935,3,'DMH','DMH','2024-05-14 03:07:23',NULL),(1936,3,'DNH','Nhận hàng đơn nhận hàng','2024-05-14 03:07:30',NULL),(1937,3,'BH','Đơn báo giá','2024-05-14 03:07:34','2024-05-14 03:07:34'),(1938,3,'BG','Tạo mới','2024-05-14 03:07:49','2024-05-14 03:07:49'),(1939,3,'BG','Thêm sản phẩm','2024-05-14 03:07:51','2024-05-14 03:07:51'),(1940,3,'BG','Lưu nháp','2024-05-14 03:08:00','2024-05-14 03:08:00'),(1941,3,'BH','Đơn giao hàng','2024-05-14 03:08:05','2024-05-14 03:08:05'),(1942,3,'GH','Tạo mới','2024-05-14 03:08:07','2024-05-14 03:08:07'),(1943,3,'GH','Lấy thông tin từ số báo giá','2024-05-14 03:08:12','2024-05-14 03:08:12'),(1944,3,'BH','Đơn báo giá','2024-05-14 03:08:31','2024-05-14 03:08:31'),(1945,3,'BG','Xóa đơn báo giá','2024-05-14 03:08:34','2024-05-14 03:08:34'),(1946,3,'DNH','DNH','2024-05-14 03:08:37',NULL),(1947,3,'DNH','Xóa đơn nhận hàng','2024-05-14 03:08:40',NULL),(1948,3,'DMH','DMH','2024-05-14 03:08:41',NULL),(1949,3,'DMH','Xem đơn mua hàng','2024-05-14 03:08:45',NULL),(1950,5,'BH','Đơn báo giá','2024-05-14 03:08:49','2024-05-14 03:08:49'),(1951,5,'BG','Tạo mới','2024-05-14 03:08:52','2024-05-14 03:08:52'),(1952,5,'BG','Thêm sản phẩm','2024-05-14 03:08:54','2024-05-14 03:08:54'),(1953,5,'BG','Lưu nháp','2024-05-14 03:09:05','2024-05-14 03:09:05'),(1954,5,'BG','Xem đơn báo giá','2024-05-14 03:09:08','2024-05-14 03:09:08'),(1955,3,'DMH','Chỉnh sửa đơn mua hàng','2024-05-14 03:09:23',NULL),(1956,3,'DNH','DNH','2024-05-14 03:09:25',NULL),(1957,3,'DNH','Tạo mới','2024-05-14 03:09:27',NULL),(1958,5,'BG','Xem lịch sử chỉnh sửa báo giá','2024-05-14 03:10:14','2024-05-14 03:10:14'),(1959,5,'BG','Xem file đính kèm báo giá','2024-05-14 03:10:14','2024-05-14 03:10:14'),(1960,5,'BG','Xem lịch sử chỉnh sửa báo giá','2024-05-14 03:10:15','2024-05-14 03:10:15'),(1961,5,'BG','Xem thông tin sản phẩm báo giá','2024-05-14 03:10:15','2024-05-14 03:10:15'),(1962,5,'BH','Đơn giao hàng','2024-05-14 03:10:16','2024-05-14 03:10:16'),(1963,3,'DNH','Nhận hàng đơn nhận hàng','2024-05-14 03:10:17',NULL),(1964,3,'BH','Đơn báo giá','2024-05-14 03:10:39','2024-05-14 03:10:39'),(1965,3,'BG','Tạo mới','2024-05-14 03:10:41','2024-05-14 03:10:41'),(1966,3,'BG','Thêm sản phẩm','2024-05-14 03:10:42','2024-05-14 03:10:42'),(1967,5,'BH','Đơn báo giá','2024-05-14 03:10:45','2024-05-14 03:10:45'),(1968,5,'BG','Xem đơn báo giá','2024-05-14 03:10:46','2024-05-14 03:10:46'),(1969,3,'BG','Lưu nháp','2024-05-14 03:10:51','2024-05-14 03:10:51'),(1970,3,'BH','Đơn giao hàng','2024-05-14 03:10:53','2024-05-14 03:10:53'),(1971,5,'BH','Đơn báo giá','2024-05-14 03:10:54','2024-05-14 03:10:54'),(1972,3,'GH','Tạo mới','2024-05-14 03:10:54','2024-05-14 03:10:54'),(1973,5,'BG','Tạo mới','2024-05-14 03:10:57','2024-05-14 03:10:57'),(1974,3,'GH','Lấy thông tin từ số báo giá','2024-05-14 03:10:58','2024-05-14 03:10:58'),(1975,5,'BG','Thêm sản phẩm','2024-05-14 03:10:59','2024-05-14 03:10:59'),(1976,5,'BG','Thêm sản phẩm','2024-05-14 03:10:59','2024-05-14 03:10:59'),(1977,5,'BG','Thêm sản phẩm','2024-05-14 03:11:00','2024-05-14 03:11:00'),(1978,3,'DMH','DMH','2024-05-14 03:11:23',NULL),(1979,5,'BG','Lưu nháp','2024-05-14 03:11:28','2024-05-14 03:11:28'),(1980,5,'BG','Xem đơn báo giá','2024-05-14 03:11:31','2024-05-14 03:11:31'),(1981,5,'BG','Xem lịch sử chỉnh sửa báo giá','2024-05-14 03:12:55','2024-05-14 03:12:55'),(1982,5,'BG','Xem file đính kèm báo giá','2024-05-14 03:12:56','2024-05-14 03:12:56'),(1983,5,'BG','Xem thông tin sản phẩm báo giá','2024-05-14 03:12:57','2024-05-14 03:12:57'),(1984,5,'BH','Đơn giao hàng','2024-05-14 03:13:59','2024-05-14 03:13:59'),(1985,5,'BH','Đơn báo giá','2024-05-14 03:14:15','2024-05-14 03:14:15'),(1986,5,'BG','Xem đơn báo giá','2024-05-14 03:14:20','2024-05-14 03:14:20'),(1987,5,'DMH','DMH','2024-05-14 03:17:44',NULL),(1988,5,'BH','Đơn báo giá','2024-05-14 03:18:50','2024-05-14 03:18:50'),(1989,5,'BH','Đơn báo giá','2024-05-14 03:21:01','2024-05-14 03:21:01'),(1990,5,'BH','Đơn giao hàng','2024-05-14 04:12:48','2024-05-14 04:12:48'),(1991,5,'BH','Hóa đơn bán hàng','2024-05-14 04:15:28','2024-05-14 04:15:28'),(1992,6,'BH','Đơn báo giá','2024-05-15 06:47:08','2024-05-15 06:47:08'),(1993,6,'BH','Đơn giao hàng','2024-05-15 06:47:10','2024-05-15 06:47:10'),(1994,2,'BH','Hóa đơn bán hàng','2024-05-15 07:34:37','2024-05-15 07:34:37'),(1995,2,'HDBH','Tạo mới','2024-05-15 07:34:40','2024-05-15 07:34:40'),(1996,2,'HDBH','Tạo mới','2024-05-15 07:34:43','2024-05-15 07:34:43'),(1997,2,'BH','Thanh toán bán hàng','2024-05-15 07:34:47','2024-05-15 07:34:47'),(1998,2,'TT','Tạo mới','2024-05-15 07:34:49','2024-05-15 07:34:49'),(1999,2,'TT','Tạo mới','2024-05-15 07:34:53','2024-05-15 07:34:53'),(2000,2,'TTMH','Tạo mới','2024-05-15 07:36:03',NULL),(2001,2,'TTMH','TTMH','2024-05-15 07:36:11',NULL),(2002,2,'TTMH','Tạo mới','2024-05-15 07:36:33',NULL),(2003,2,'TTMH','TTMH','2024-05-15 07:37:16',NULL),(2004,2,'BH','Thanh toán bán hàng','2024-05-15 07:37:23','2024-05-15 07:37:23'),(2005,2,'TT','Tạo mới','2024-05-15 07:37:25','2024-05-15 07:37:25'),(2006,2,'TT','Tạo mới','2024-05-15 07:37:33','2024-05-15 07:37:33'),(2007,2,'DNH','Tạo mới','2024-05-15 07:37:49',NULL),(2008,2,'DNH','Tạo mới','2024-05-15 07:37:50',NULL),(2009,2,'HDMH','HDMH','2024-05-15 07:38:52',NULL),(2010,2,'HDMH','HDMH','2024-05-15 07:38:54',NULL),(2011,2,'DMH','DMH','2024-05-15 07:38:57',NULL),(2012,2,'DMH','Tạo mới','2024-05-15 07:39:00',NULL),(2013,2,'NCC','NCC','2024-05-15 07:39:07',NULL),(2014,2,'BH','Đơn báo giá','2024-05-15 07:40:48','2024-05-15 07:40:48'),(2015,2,'BH','Đơn giao hàng','2024-05-15 07:40:58','2024-05-15 07:40:58'),(2016,2,'BH','Hóa đơn bán hàng','2024-05-15 07:42:40','2024-05-15 07:42:40'),(2017,2,'BH','Thanh toán bán hàng','2024-05-15 07:42:44','2024-05-15 07:42:44'),(2018,2,'DNH','DNH','2024-05-15 07:42:50',NULL),(2019,2,'HDMH','HDMH','2024-05-15 07:44:51',NULL),(2020,2,'TTMH','TTMH','2024-05-15 07:44:53',NULL),(2021,2,'DMH','DMH','2024-05-15 07:45:14',NULL),(2022,2,'DNH','DNH','2024-05-15 07:45:34',NULL),(2023,2,'BH','Đơn báo giá','2024-05-15 07:45:42','2024-05-15 07:45:42'),(2024,2,'BH','Đơn giao hàng','2024-05-15 07:45:44','2024-05-15 07:45:44'),(2025,2,'BH','Đơn báo giá','2024-05-15 07:45:48','2024-05-15 07:45:48'),(2026,2,'BG','Xóa đơn báo giá','2024-05-15 07:45:52','2024-05-15 07:45:52'),(2027,2,'BG','Xóa đơn báo giá','2024-05-15 07:45:54','2024-05-15 07:45:54'),(2028,2,'DMH','DMH','2024-05-15 07:45:57',NULL),(2029,2,'DNH','DNH','2024-05-15 07:45:59',NULL),(2030,2,'DNH','Xóa đơn nhận hàng','2024-05-15 07:46:02',NULL),(2031,2,'DNH','Xóa đơn nhận hàng','2024-05-15 07:46:05',NULL),(2032,2,'DMH','DMH','2024-05-15 07:46:17',NULL),(2033,2,'DMH','Xóa đơn mua hàng',NULL,NULL),(2034,2,'DMH','Xóa đơn mua hàng',NULL,NULL),(2035,2,'BH','Đơn báo giá','2024-05-15 07:46:47','2024-05-15 07:46:47'),(2036,2,'HDMH','HDMH','2024-05-15 07:46:50',NULL),(2037,2,'TTMH','TTMH','2024-05-15 07:46:55',NULL),(2038,2,'NCC','NCC','2024-05-15 07:54:58',NULL),(2039,2,'DMH','DMH','2024-05-15 08:42:42',NULL),(2040,2,'DNH','DNH','2024-05-15 08:42:54',NULL),(2041,2,'BH','Đơn báo giá','2024-05-16 04:02:21','2024-05-16 04:02:21'),(2042,2,'BH','Thanh toán bán hàng','2024-05-16 04:03:20','2024-05-16 04:03:20'),(2043,2,'TT','Xem đơn thanh toán','2024-05-16 05:34:18','2024-05-16 05:34:18'),(2044,2,'TT','Xem đơn thanh toán','2024-05-16 05:34:25','2024-05-16 05:34:25'),(2045,2,'BG','Xem đơn báo giá','2024-05-16 05:36:05','2024-05-16 05:36:05'),(2046,2,'BH','Đơn giao hàng','2024-05-16 05:36:16','2024-05-16 05:36:16'),(2047,2,'GH','Xem đơn giao hàng','2024-05-16 05:36:19','2024-05-16 05:36:19'),(2048,2,'BH','Hóa đơn bán hàng','2024-05-16 05:36:25','2024-05-16 05:36:25'),(2049,2,'HDBH','Xem hóa đơn bán hàng','2024-05-16 05:36:27','2024-05-16 05:36:27'),(2050,2,'BG','Xem đơn báo giá','2024-05-16 06:40:04','2024-05-16 06:40:04'),(2051,2,'GH','Xem đơn giao hàng','2024-05-16 06:40:38','2024-05-16 06:40:38'),(2052,2,'GH','Xem đơn giao hàng','2024-05-16 06:41:06','2024-05-16 06:41:06'),(2053,2,'BH','Đơn báo giá','2024-05-16 06:52:15','2024-05-16 06:52:15'),(2054,2,'BH','Hóa đơn bán hàng','2024-05-16 07:01:01','2024-05-16 07:01:01'),(2055,2,'BH','Đơn giao hàng','2024-05-16 07:31:43','2024-05-16 07:31:43'),(2056,2,'BH','Đơn báo giá','2024-05-16 07:31:44','2024-05-16 07:31:44'),(2057,2,'BH','Đơn giao hàng','2024-05-16 07:33:03','2024-05-16 07:33:03'),(2058,2,'BH','Đơn giao hàng','2024-05-17 02:59:04','2024-05-17 02:59:04'),(2059,2,'BH','Hóa đơn bán hàng','2024-05-17 02:59:17','2024-05-17 02:59:17'),(2060,2,'BH','Thanh toán bán hàng','2024-05-17 03:01:07','2024-05-17 03:01:07'),(2061,2,'BH','Thanh toán bán hàng','2024-05-17 03:01:32','2024-05-17 03:01:32'),(2062,2,'GH','Tạo mới','2024-05-17 04:12:55','2024-05-17 04:12:55'),(2063,2,'GH','Lấy thông tin từ số báo giá','2024-05-17 04:12:57','2024-05-17 04:12:57'),(2064,2,'BH','Đơn báo giá','2024-05-17 04:13:08','2024-05-17 04:13:08'),(2065,2,'BG','Tạo mới','2024-05-17 04:13:10','2024-05-17 04:13:10'),(2066,2,'BG','Thêm sản phẩm','2024-05-17 04:13:14','2024-05-17 04:13:14'),(2067,9,'BH','Đơn báo giá','2024-05-17 14:50:39','2024-05-17 14:50:39'),(2068,9,'BG','Tạo mới','2024-05-17 14:50:42','2024-05-17 14:50:42'),(2069,9,'BG','Thêm khách hàng','2024-05-17 14:51:04','2024-05-17 14:51:04'),(2070,9,'BG','Thêm sản phẩm','2024-05-17 14:51:05','2024-05-17 14:51:05'),(2071,9,'BG','Thêm sản phẩm','2024-05-17 14:51:18','2024-05-17 14:51:18'),(2072,9,'BG','Lưu nháp','2024-05-17 14:51:29','2024-05-17 14:51:29'),(2073,9,'DMH','DMH','2024-05-17 14:51:31',NULL),(2074,9,'DMH','DMH','2024-05-17 14:51:51',NULL),(2075,9,'DMH','Tạo mới','2024-05-17 14:51:53',NULL),(2076,9,'DMH','Tạo mới','2024-05-17 14:51:54',NULL),(2077,9,'DMH','Thêm mới nhà cung cấp','2024-05-17 14:52:17',NULL),(2078,9,'DMH','Thêm sản phẩm','2024-05-17 14:52:17',NULL),(2079,9,'DMH','Tạo mới đơn mua hàng','2024-05-17 14:52:27',NULL),(2080,9,'DNH','Nhận hàng đơn nhận hàng','2024-05-17 14:52:35',NULL),(2081,9,'BH','Đơn báo giá','2024-05-17 14:55:11','2024-05-17 14:55:11'),(2082,9,'BH','Đơn giao hàng','2024-05-17 14:55:15','2024-05-17 14:55:15'),(2083,9,'GH','Tạo mới','2024-05-17 14:55:17','2024-05-17 14:55:17'),(2084,9,'GH','Lấy thông tin từ số báo giá','2024-05-17 14:55:20','2024-05-17 14:55:20'),(2085,9,'GH','Giao hàng','2024-05-17 14:55:21','2024-05-17 14:55:21'),(2086,9,'DNH','Tạo mới','2024-05-17 22:47:39',NULL),(2087,9,'DNH','Tạo mới','2024-05-17 22:47:41',NULL),(2088,9,'DMH','DMH','2024-05-17 22:47:46',NULL),(2089,9,'DMH','Tạo mới','2024-05-17 22:47:48',NULL),(2090,9,'DMH','Thêm sản phẩm','2024-05-17 22:47:52',NULL),(2091,9,'DMH','Tạo mới đơn mua hàng','2024-05-17 22:48:01',NULL),(2092,9,'DNH','Nhận hàng đơn nhận hàng','2024-05-17 22:48:06',NULL),(2093,9,'BH','Đơn báo giá','2024-05-17 22:48:08','2024-05-17 22:48:08'),(2094,9,'BG','Tạo mới','2024-05-17 22:48:10','2024-05-17 22:48:10'),(2095,9,'BG','Thêm sản phẩm','2024-05-17 22:48:14','2024-05-17 22:48:14'),(2096,9,'BG','Thêm sản phẩm','2024-05-17 22:48:20','2024-05-17 22:48:20'),(2097,9,'BG','Lưu nháp','2024-05-17 22:48:26','2024-05-17 22:48:26'),(2098,9,'GH','Giao hàng','2024-05-17 22:48:32','2024-05-17 22:48:32'),(2099,9,'TTMH','TTMH','2024-05-18 02:42:17',NULL),(2100,5,'BH','Khách hàng','2024-05-18 02:43:04','2024-05-18 02:43:04'),(2101,5,'DMH','DMH','2024-05-18 02:48:24',NULL),(2102,5,'DMH','Xem đơn mua hàng','2024-05-18 02:48:28',NULL),(2103,20,'BH','Đơn báo giá','2024-05-18 10:47:54','2024-05-18 10:47:54'),(2104,20,'BG','Tạo mới','2024-05-18 10:47:55','2024-05-18 10:47:55'),(2105,20,'BG','Tạo mới','2024-05-18 10:47:57','2024-05-18 10:47:57'),(2106,20,'BG','Tạo mới','2024-05-18 10:47:58','2024-05-18 10:47:58'),(2107,20,'BG','Tạo mới','2024-05-18 10:47:58','2024-05-18 10:47:58'),(2108,20,'BG','Tạo mới','2024-05-18 10:47:58','2024-05-18 10:47:58'),(2109,20,'BG','Tạo mới','2024-05-18 10:48:42','2024-05-18 10:48:42'),(2110,20,'BG','Tạo mới','2024-05-18 10:48:48','2024-05-18 10:48:48'),(2111,20,'BG','Tạo mới','2024-05-18 10:48:48','2024-05-18 10:48:48'),(2112,20,'BG','Tạo mới','2024-05-18 10:48:49','2024-05-18 10:48:49'),(2113,20,'BH','Đơn báo giá','2024-05-18 11:06:26','2024-05-18 11:06:26'),(2114,20,'BG','Tạo mới','2024-05-18 11:06:28','2024-05-18 11:06:28'),(2115,20,'BG','Tạo mới','2024-05-18 11:06:28','2024-05-18 11:06:28'),(2116,20,'BG','Tạo mới','2024-05-18 11:06:29','2024-05-18 11:06:29'),(2117,20,'BG','Tạo mới','2024-05-18 11:06:29','2024-05-18 11:06:29'),(2118,20,'BG','Tạo mới','2024-05-18 11:06:29','2024-05-18 11:06:29'),(2119,20,'BG','Tạo mới','2024-05-18 11:06:29','2024-05-18 11:06:29'),(2120,20,'BG','Tạo mới','2024-05-18 11:06:29','2024-05-18 11:06:29'),(2121,20,'BG','Tạo mới','2024-05-18 11:06:29','2024-05-18 11:06:29'),(2122,20,'BG','Tạo mới','2024-05-18 11:06:29','2024-05-18 11:06:29'),(2123,20,'BG','Tạo mới','2024-05-18 11:06:29','2024-05-18 11:06:29'),(2124,20,'BG','Tạo mới','2024-05-18 11:06:30','2024-05-18 11:06:30'),(2125,20,'BG','Tạo mới','2024-05-18 11:06:30','2024-05-18 11:06:30'),(2126,20,'BG','Tạo mới','2024-05-18 11:06:30','2024-05-18 11:06:30'),(2127,20,'BG','Tạo mới','2024-05-18 11:06:30','2024-05-18 11:06:30'),(2128,20,'BG','Tạo mới','2024-05-18 11:06:30','2024-05-18 11:06:30'),(2129,20,'BG','Tạo mới','2024-05-18 11:06:30','2024-05-18 11:06:30'),(2130,20,'BG','Tạo mới','2024-05-18 11:06:30','2024-05-18 11:06:30'),(2131,20,'BG','Tạo mới','2024-05-18 11:06:31','2024-05-18 11:06:31'),(2132,20,'BG','Tạo mới','2024-05-18 11:06:31','2024-05-18 11:06:31'),(2133,20,'BG','Tạo mới','2024-05-18 11:06:31','2024-05-18 11:06:31'),(2134,20,'BG','Tạo mới','2024-05-18 11:06:31','2024-05-18 11:06:31'),(2135,20,'BG','Tạo mới','2024-05-18 11:06:31','2024-05-18 11:06:31'),(2136,20,'BG','Tạo mới','2024-05-18 11:06:31','2024-05-18 11:06:31'),(2137,20,'BG','Tạo mới','2024-05-18 11:06:31','2024-05-18 11:06:31'),(2138,20,'BG','Tạo mới','2024-05-18 11:06:32','2024-05-18 11:06:32'),(2139,20,'BG','Tạo mới','2024-05-18 11:06:32','2024-05-18 11:06:32'),(2140,20,'BG','Tạo mới','2024-05-18 11:06:32','2024-05-18 11:06:32'),(2141,20,'BG','Tạo mới','2024-05-18 11:06:32','2024-05-18 11:06:32'),(2142,20,'BG','Tạo mới','2024-05-18 11:06:32','2024-05-18 11:06:32'),(2143,20,'BG','Tạo mới','2024-05-18 11:06:32','2024-05-18 11:06:32'),(2144,20,'BH','Khách hàng','2024-05-18 11:25:18','2024-05-18 11:25:18'),(2145,20,'KH','Tạo mới','2024-05-18 11:25:19','2024-05-18 11:25:19'),(2146,20,'KH','Tạo mới','2024-05-18 11:25:20','2024-05-18 11:25:20'),(2147,20,'KH','Tạo mới','2024-05-18 11:25:20','2024-05-18 11:25:20'),(2148,20,'KH','Tạo mới','2024-05-18 11:25:20','2024-05-18 11:25:20'),(2149,20,'KH','Tạo mới','2024-05-18 11:25:20','2024-05-18 11:25:20'),(2150,20,'KH','Tạo mới','2024-05-18 11:25:20','2024-05-18 11:25:20'),(2151,20,'KH','Tạo mới','2024-05-18 11:25:21','2024-05-18 11:25:21'),(2152,20,'KH','Tạo mới','2024-05-18 11:25:21','2024-05-18 11:25:21'),(2153,20,'KH','Tạo mới','2024-05-18 11:25:21','2024-05-18 11:25:21'),(2154,20,'KH','Lưu khách hàng','2024-05-18 11:25:49','2024-05-18 11:25:49'),(2155,20,'KH','Tạo mới','2024-05-18 11:25:54','2024-05-18 11:25:54'),(2156,20,'KH','Lưu khách hàng','2024-05-18 11:26:12','2024-05-18 11:26:12'),(2157,20,'KH','Lưu khách hàng','2024-05-18 11:26:32','2024-05-18 11:26:32'),(2158,20,'KH','Lưu khách hàng','2024-05-18 11:26:49','2024-05-18 11:26:49'),(2159,20,'KH','Lưu khách hàng','2024-05-18 11:27:04','2024-05-18 11:27:04'),(2160,20,'NCC','NCC','2024-05-18 11:27:09',NULL),(2161,20,'NCC','Tạo mới','2024-05-18 11:27:13',NULL),(2162,20,'NCC','Tạo mới nhà cung cấp','2024-05-18 11:27:52',NULL),(2163,20,'NCC','Tạo mới nhà cung cấp','2024-05-18 11:28:12',NULL),(2164,20,'NCC','Tạo mới nhà cung cấp','2024-05-18 11:28:31',NULL),(2165,20,'NCC','Tạo mới','2024-05-18 11:28:33',NULL),(2166,20,'NCC','Tạo mới','2024-05-18 11:28:34',NULL),(2167,20,'NCC','Tạo mới nhà cung cấp','2024-05-18 11:28:50',NULL),(2168,20,'NCC','Tạo mới','2024-05-18 11:28:52',NULL),(2169,20,'NCC','Tạo mới nhà cung cấp','2024-05-18 11:29:14',NULL),(2170,20,'DMH','DMH','2024-05-18 11:29:15',NULL),(2171,20,'DMH','Tạo mới','2024-05-18 11:29:19',NULL),(2172,20,'DMH','Thêm sản phẩm','2024-05-18 11:29:29',NULL),(2173,20,'DMH','Tạo mới đơn mua hàng','2024-05-18 11:29:40',NULL),(2174,20,'DNH','Nhận hàng đơn nhận hàng','2024-05-18 11:30:05',NULL),(2175,20,'DMH','Tạo mới','2024-05-18 11:30:17',NULL),(2176,20,'DMH','Thêm sản phẩm','2024-05-18 11:30:23',NULL),(2177,20,'DMH','Tạo mới đơn mua hàng','2024-05-18 11:30:33',NULL),(2178,20,'DNH','Nhận hàng đơn nhận hàng','2024-05-18 11:32:15',NULL),(2179,20,'DMH','Tạo mới','2024-05-18 11:32:19',NULL),(2180,20,'DMH','Thêm sản phẩm','2024-05-18 11:32:29',NULL),(2181,20,'DMH','Tạo mới đơn mua hàng','2024-05-18 11:32:41',NULL),(2182,20,'DMH','Tạo mới','2024-05-18 11:32:43',NULL),(2183,20,'DMH','Tạo mới','2024-05-18 11:32:44',NULL),(2184,20,'DMH','Tạo mới','2024-05-18 11:32:47',NULL),(2185,20,'DMH','Tạo mới','2024-05-18 11:32:49',NULL),(2186,20,'DMH','Thêm sản phẩm','2024-05-18 11:32:52',NULL),(2187,20,'DMH','Tạo mới đơn mua hàng','2024-05-18 11:33:04',NULL),(2188,20,'DMH','Tạo mới','2024-05-18 11:33:07',NULL),(2189,20,'DMH','Thêm sản phẩm','2024-05-18 11:33:15',NULL),(2190,20,'DMH','Tạo mới đơn mua hàng','2024-05-18 11:33:24',NULL),(2191,20,'DNH','Nhận hàng đơn nhận hàng','2024-05-18 11:33:39',NULL),(2192,20,'DNH','Nhận hàng đơn nhận hàng','2024-05-18 11:34:05',NULL),(2193,20,'DNH','Nhận hàng đơn nhận hàng','2024-05-18 11:34:29',NULL),(2194,20,'BH','Đơn báo giá','2024-05-18 11:34:35','2024-05-18 11:34:35'),(2195,20,'BH','Đơn báo giá','2024-05-18 11:34:42','2024-05-18 11:34:42'),(2196,20,'BG','Thêm sản phẩm','2024-05-18 11:34:48','2024-05-18 11:34:48'),(2197,20,'DMH','DMH','2024-05-18 11:35:23',NULL),(2198,20,'BG','Lưu nháp','2024-05-18 11:35:41','2024-05-18 11:35:41'),(2199,20,'BG','Thêm sản phẩm','2024-05-18 11:35:48','2024-05-18 11:35:48'),(2200,20,'DMH','Xem đơn mua hàng','2024-05-18 11:35:52',NULL),(2201,20,'BG','Lưu nháp','2024-05-18 11:36:07','2024-05-18 11:36:07'),(2202,20,'DMH','Xem đơn mua hàng','2024-05-18 11:36:11',NULL),(2203,20,'BG','Thêm sản phẩm','2024-05-18 11:36:12','2024-05-18 11:36:12'),(2204,20,'BG','Lưu nháp','2024-05-18 11:36:26','2024-05-18 11:36:26'),(2205,20,'BG','Thêm sản phẩm','2024-05-18 11:36:32','2024-05-18 11:36:32'),(2206,20,'DMH','Xem đơn mua hàng','2024-05-18 11:36:36',NULL),(2207,20,'BG','Lưu nháp','2024-05-18 11:36:47','2024-05-18 11:36:47'),(2208,20,'BG','Tạo mới','2024-05-18 11:37:16','2024-05-18 11:37:16'),(2209,20,'BG','Thêm sản phẩm','2024-05-18 11:37:17','2024-05-18 11:37:17'),(2210,20,'DMH','Xem đơn mua hàng','2024-05-18 11:37:22',NULL),(2211,20,'BG','Lưu nháp','2024-05-18 11:37:36','2024-05-18 11:37:36'),(2212,20,'GH','Giao hàng','2024-05-18 11:41:00','2024-05-18 11:41:00'),(2213,20,'GH','Giao hàng','2024-05-18 11:41:04','2024-05-18 11:41:04'),(2214,20,'GH','Giao hàng','2024-05-18 11:41:13','2024-05-18 11:41:13'),(2215,20,'GH','Giao hàng','2024-05-18 11:41:13','2024-05-18 11:41:13'),(2216,20,'GH','Giao hàng','2024-05-18 11:41:13','2024-05-18 11:41:13'),(2217,20,'BH','Đơn giao hàng','2024-05-18 11:41:22','2024-05-18 11:41:22'),(2218,20,'BH','Đơn báo giá','2024-05-18 11:41:41','2024-05-18 11:41:41'),(2219,20,'BH','Đơn giao hàng','2024-05-18 11:41:47','2024-05-18 11:41:47'),(2220,20,'GH','Xem đơn giao hàng','2024-05-18 11:41:49','2024-05-18 11:41:49'),(2221,20,'GH','Xem đơn giao hàng','2024-05-18 11:42:05','2024-05-18 11:42:05'),(2222,20,'GH','Xem đơn giao hàng','2024-05-18 11:43:26','2024-05-18 11:43:26'),(2223,20,'DMH','Xem đơn mua hàng','2024-05-18 11:45:41',NULL),(2224,20,'GH','Xem đơn giao hàng','2024-05-18 11:45:49','2024-05-18 11:45:49'),(2225,20,'GH','Xem đơn giao hàng','2024-05-18 11:45:54','2024-05-18 11:45:54'),(2226,20,'BH','Đơn báo giá','2024-05-18 11:46:14','2024-05-18 11:46:14'),(2227,20,'BG','Xem đơn báo giá','2024-05-18 11:46:18','2024-05-18 11:46:18'),(2228,20,'BH','Đơn báo giá','2024-05-18 11:46:40','2024-05-18 11:46:40'),(2229,20,'BG','Xem đơn báo giá','2024-05-18 11:47:32','2024-05-18 11:47:32'),(2230,20,'BH','Đơn báo giá','2024-05-18 11:47:35','2024-05-18 11:47:35'),(2231,20,'BH','Đơn giao hàng','2024-05-18 11:48:32','2024-05-18 11:48:32'),(2232,20,'GH','Xóa đơn giao hàng','2024-05-18 11:48:38','2024-05-18 11:48:38'),(2233,20,'GH','Xóa đơn giao hàng','2024-05-18 11:48:40','2024-05-18 11:48:40'),(2234,20,'GH','Xóa đơn giao hàng','2024-05-18 11:48:43','2024-05-18 11:48:43'),(2235,20,'BH','Đơn báo giá','2024-05-18 11:48:44','2024-05-18 11:48:44'),(2236,20,'BH','Đơn giao hàng','2024-05-18 11:48:56','2024-05-18 11:48:56'),(2237,20,'GH','Giao hàng','2024-05-18 11:49:10','2024-05-18 11:49:10'),(2238,20,'GH','Giao hàng','2024-05-18 11:49:10','2024-05-18 11:49:10'),(2239,20,'BH','Đơn giao hàng','2024-05-18 11:49:12','2024-05-18 11:49:12'),(2240,20,'GH','Xóa đơn giao hàng','2024-05-18 11:49:15','2024-05-18 11:49:15'),(2241,20,'BH','Đơn báo giá','2024-05-18 11:49:16','2024-05-18 11:49:16'),(2242,20,'BH','Đơn giao hàng','2024-05-18 11:49:18','2024-05-18 11:49:18'),(2243,20,'GH','Xóa đơn giao hàng','2024-05-18 11:49:22','2024-05-18 11:49:22'),(2244,20,'BH','Đơn báo giá','2024-05-18 11:49:22','2024-05-18 11:49:22'),(2245,20,'GH','Giao hàng','2024-05-18 11:49:36','2024-05-18 11:49:36'),(2246,20,'BH','Đơn giao hàng','2024-05-18 11:49:39','2024-05-18 11:49:39'),(2247,20,'BH','Đơn báo giá','2024-05-18 11:49:41','2024-05-18 11:49:41'),(2248,20,'GH','Giao hàng','2024-05-18 11:49:46','2024-05-18 11:49:46'),(2249,20,'BH','Đơn giao hàng','2024-05-18 11:49:48','2024-05-18 11:49:48'),(2250,20,'BH','Đơn báo giá','2024-05-18 11:49:49','2024-05-18 11:49:49'),(2251,20,'GH','Giao hàng','2024-05-18 11:49:54','2024-05-18 11:49:54'),(2252,20,'TT','Xác nhận','2024-05-18 11:50:09','2024-05-18 11:50:09'),(2253,20,'TT','Xác nhận','2024-05-18 11:50:09','2024-05-18 11:50:09'),(2254,20,'TT','Xác nhận','2024-05-18 11:50:10','2024-05-18 11:50:10'),(2255,20,'TT','Xác nhận','2024-05-18 11:50:10','2024-05-18 11:50:10'),(2256,20,'TT','Xác nhận','2024-05-18 11:50:10','2024-05-18 11:50:10'),(2257,20,'TT','Xác nhận','2024-05-18 11:50:10','2024-05-18 11:50:10'),(2258,20,'TT','Xác nhận','2024-05-18 11:50:10','2024-05-18 11:50:10'),(2259,20,'TT','Xác nhận','2024-05-18 11:50:10','2024-05-18 11:50:10'),(2260,20,'TT','Xác nhận','2024-05-18 11:50:11','2024-05-18 11:50:11'),(2261,20,'TT','Xác nhận','2024-05-18 11:50:11','2024-05-18 11:50:11'),(2262,20,'TT','Xác nhận','2024-05-18 11:50:11','2024-05-18 11:50:11'),(2263,20,'TT','Xác nhận','2024-05-18 11:50:11','2024-05-18 11:50:11'),(2264,20,'TT','Xác nhận','2024-05-18 11:50:11','2024-05-18 11:50:11'),(2265,20,'TT','Xác nhận','2024-05-18 11:50:11','2024-05-18 11:50:11'),(2266,20,'BH','Thanh toán bán hàng','2024-05-18 11:50:15','2024-05-18 11:50:15'),(2267,20,'BH','Khách hàng','2024-05-18 11:50:27','2024-05-18 11:50:27'),(2268,20,'BH','Đơn báo giá','2024-05-18 11:50:31','2024-05-18 11:50:31'),(2269,20,'BH','Khách hàng','2024-05-18 11:50:35','2024-05-18 11:50:35'),(2270,20,'BG','Xem đơn báo giá','2024-05-18 11:51:39','2024-05-18 11:51:39'),(2271,20,'TTMH','TTMH','2024-05-18 11:52:22',NULL),(2272,20,'BH','Thanh toán bán hàng','2024-05-18 11:52:27','2024-05-18 11:52:27'),(2273,20,'BH','Đơn báo giá','2024-05-18 11:56:50','2024-05-18 11:56:50'),(2274,20,'HDBH','Xác nhận hóa đơn bán hàng','2024-05-18 11:57:01','2024-05-18 11:57:01'),(2275,20,'BH','Hóa đơn bán hàng','2024-05-18 11:57:04','2024-05-18 11:57:04'),(2276,20,'BH','Đơn báo giá','2024-05-18 11:57:06','2024-05-18 11:57:06'),(2277,20,'BH','Hóa đơn bán hàng','2024-05-18 11:57:49','2024-05-18 11:57:49'),(2278,20,'BH','Thanh toán bán hàng','2024-05-18 11:57:51','2024-05-18 11:57:51'),(2279,20,'BH','Đơn báo giá','2024-05-18 11:59:33','2024-05-18 11:59:33'),(2280,20,'BH','Thanh toán bán hàng','2024-05-18 11:59:38','2024-05-18 11:59:38'),(2281,20,'TT','Xóa đơn thanh toán','2024-05-18 11:59:43','2024-05-18 11:59:43'),(2282,20,'TT','Xóa đơn thanh toán','2024-05-18 11:59:45','2024-05-18 11:59:45'),(2283,20,'TT','Xóa đơn thanh toán','2024-05-18 11:59:47','2024-05-18 11:59:47'),(2284,20,'TT','Xóa đơn thanh toán','2024-05-18 11:59:50','2024-05-18 11:59:50'),(2285,20,'TT','Xóa đơn thanh toán','2024-05-18 11:59:51','2024-05-18 11:59:51'),(2286,20,'TT','Xóa đơn thanh toán','2024-05-18 11:59:53','2024-05-18 11:59:53'),(2287,20,'TT','Xóa đơn thanh toán','2024-05-18 11:59:54','2024-05-18 11:59:54'),(2288,20,'TT','Xóa đơn thanh toán','2024-05-18 11:59:56','2024-05-18 11:59:56'),(2289,20,'TT','Xóa đơn thanh toán','2024-05-18 11:59:57','2024-05-18 11:59:57'),(2290,20,'TT','Xóa đơn thanh toán','2024-05-18 11:59:59','2024-05-18 11:59:59'),(2291,20,'TT','Xóa đơn thanh toán','2024-05-18 12:00:01','2024-05-18 12:00:01'),(2292,20,'TT','Xóa đơn thanh toán','2024-05-18 12:00:03','2024-05-18 12:00:03'),(2293,20,'TT','Xóa đơn thanh toán','2024-05-18 12:00:05','2024-05-18 12:00:05'),(2294,20,'BH','Đơn báo giá','2024-05-18 12:00:09','2024-05-18 12:00:09'),(2295,20,'BH','Thanh toán bán hàng','2024-05-18 12:00:12','2024-05-18 12:00:12'),(2296,20,'TT','Xóa đơn thanh toán','2024-05-18 12:00:14','2024-05-18 12:00:14'),(2297,20,'BH','Đơn báo giá','2024-05-18 12:00:15','2024-05-18 12:00:15'),(2298,20,'TT','Xác nhận','2024-05-18 12:00:20','2024-05-18 12:00:20'),(2299,20,'BH','Thanh toán bán hàng','2024-05-18 12:00:23','2024-05-18 12:00:23'),(2300,20,'BH','Đơn báo giá','2024-05-18 12:00:24','2024-05-18 12:00:24'),(2301,20,'HDBH','Xác nhận hóa đơn bán hàng','2024-05-18 12:00:37','2024-05-18 12:00:37'),(2302,20,'HDBH','Xác nhận hóa đơn bán hàng','2024-05-18 12:00:37','2024-05-18 12:00:37'),(2303,20,'HDBH','Xác nhận hóa đơn bán hàng','2024-05-18 12:00:37','2024-05-18 12:00:37'),(2304,20,'HDBH','Xác nhận hóa đơn bán hàng','2024-05-18 12:00:37','2024-05-18 12:00:37'),(2305,20,'HDBH','Xác nhận hóa đơn bán hàng','2024-05-18 12:00:38','2024-05-18 12:00:38'),(2306,20,'HDBH','Xác nhận hóa đơn bán hàng','2024-05-18 12:00:38','2024-05-18 12:00:38'),(2307,20,'HDBH','Xác nhận hóa đơn bán hàng','2024-05-18 12:00:38','2024-05-18 12:00:38'),(2308,20,'HDBH','Xác nhận hóa đơn bán hàng','2024-05-18 12:00:38','2024-05-18 12:00:38'),(2309,20,'HDBH','Xác nhận hóa đơn bán hàng','2024-05-18 12:00:38','2024-05-18 12:00:38'),(2310,20,'BH','Hóa đơn bán hàng','2024-05-18 12:00:40','2024-05-18 12:00:40'),(2311,20,'HDBH','Xóa hóa đơn bán hàng','2024-05-18 12:01:37','2024-05-18 12:01:37'),(2312,20,'HDBH','Xóa hóa đơn bán hàng','2024-05-18 12:01:39','2024-05-18 12:01:39'),(2313,20,'HDBH','Xóa hóa đơn bán hàng','2024-05-18 12:01:41','2024-05-18 12:01:41'),(2314,20,'HDBH','Xóa hóa đơn bán hàng','2024-05-18 12:01:43','2024-05-18 12:01:43'),(2315,20,'HDBH','Xóa hóa đơn bán hàng','2024-05-18 12:01:45','2024-05-18 12:01:45'),(2316,20,'HDBH','Xóa hóa đơn bán hàng','2024-05-18 12:01:46','2024-05-18 12:01:46'),(2317,20,'HDBH','Xóa hóa đơn bán hàng','2024-05-18 12:01:47','2024-05-18 12:01:47'),(2318,20,'HDBH','Xóa hóa đơn bán hàng','2024-05-18 12:01:49','2024-05-18 12:01:49'),(2319,20,'HDBH','Xóa hóa đơn bán hàng','2024-05-18 12:01:50','2024-05-18 12:01:50'),(2320,20,'HDBH','Xóa hóa đơn bán hàng','2024-05-18 12:01:52','2024-05-18 12:01:52'),(2321,20,'BH','Hóa đơn bán hàng','2024-05-18 12:01:53','2024-05-18 12:01:53'),(2322,20,'BH','Đơn báo giá','2024-05-18 12:01:54','2024-05-18 12:01:54'),(2323,20,'BH','Hóa đơn bán hàng','2024-05-18 12:02:00','2024-05-18 12:02:00'),(2324,20,'HDBH','Tạo mới','2024-05-18 12:02:01','2024-05-18 12:02:01'),(2325,20,'HDBH','Lấy thông tin từ số báo giá','2024-05-18 12:02:05','2024-05-18 12:02:05'),(2326,20,'HDBH','Xác nhận hóa đơn bán hàng','2024-05-18 12:02:07','2024-05-18 12:02:07'),(2327,20,'HDBH','Tạo mới','2024-05-18 12:02:09','2024-05-18 12:02:09'),(2328,20,'HDBH','Tạo mới','2024-05-18 12:02:10','2024-05-18 12:02:10'),(2329,20,'HDBH','Lấy thông tin từ số báo giá','2024-05-18 12:02:12','2024-05-18 12:02:12'),(2330,20,'HDBH','Lấy thông tin từ số báo giá','2024-05-18 12:02:14','2024-05-18 12:02:14'),(2331,20,'HDBH','Xác nhận hóa đơn bán hàng','2024-05-18 12:02:15','2024-05-18 12:02:15'),(2332,20,'BH','Đơn báo giá','2024-05-18 12:02:16','2024-05-18 12:02:16'),(2333,20,'BH','Thanh toán bán hàng','2024-05-18 12:02:28','2024-05-18 12:02:28'),(2334,20,'TT','Tạo mới','2024-05-18 12:02:30','2024-05-18 12:02:30'),(2335,20,'TT','Tạo mới','2024-05-18 12:02:32','2024-05-18 12:02:32'),(2336,20,'TT','Tạo mới','2024-05-18 12:02:32','2024-05-18 12:02:32'),(2337,20,'TT','Tạo mới','2024-05-18 12:02:32','2024-05-18 12:02:32'),(2338,20,'TT','Tạo mới','2024-05-18 12:02:32','2024-05-18 12:02:32'),(2339,20,'TT','Tạo mới','2024-05-18 12:02:32','2024-05-18 12:02:32'),(2340,20,'TT','Tạo mới','2024-05-18 12:02:34','2024-05-18 12:02:34'),(2341,20,'TT','Lấy thông tin từ số báo giá','2024-05-18 12:02:37','2024-05-18 12:02:37'),(2342,20,'TT','Xác nhận','2024-05-18 12:02:39','2024-05-18 12:02:39'),(2343,20,'BH','Đơn báo giá','2024-05-18 12:02:41','2024-05-18 12:02:41'),(2344,20,'DMH','DMH','2024-05-18 12:02:43',NULL),(2345,20,'HDMH','Xác nhận hóa đơn mua hàng','2024-05-18 12:03:02',NULL),(2346,20,'DNH','DNH','2024-05-18 12:03:04',NULL),(2347,20,'DMH','DMH','2024-05-18 12:03:05',NULL),(2348,20,'HDMH','HDMH','2024-05-18 12:03:06',NULL),(2349,20,'DMH','DMH','2024-05-18 12:03:08',NULL),(2350,20,'HDMH','Xác nhận hóa đơn mua hàng','2024-05-18 12:03:16',NULL),(2351,20,'DNH','DNH','2024-05-18 12:03:19',NULL),(2352,4,'NCC','NCC','2024-05-18 12:03:19',NULL),(2353,20,'HDMH','HDMH','2024-05-18 12:03:20',NULL),(2354,20,'DMH','DMH','2024-05-18 12:03:21',NULL),(2355,20,'TTMH','Xác nhận thanh toán mua hàng','2024-05-18 12:03:27',NULL),(2356,20,'TTMH','Xác nhận thanh toán mua hàng','2024-05-18 12:03:27',NULL),(2357,20,'TTMH','TTMH','2024-05-18 12:03:28',NULL),(2358,20,'DMH','DMH','2024-05-18 12:03:32',NULL),(2359,20,'NCC','NCC','2024-05-18 12:03:33',NULL),(2360,20,'TTMH','TTMH','2024-05-18 12:03:35',NULL),(2361,20,'TTMH','Xem thanh toán mua hàng','2024-05-18 12:03:41',NULL),(2362,20,'TTMH','Xem thanh toán mua hàng','2024-05-18 12:03:51',NULL),(2363,20,'TTMH','Lịch sử thanh toán','2024-05-18 12:03:52',NULL),(2364,20,'TTMH','TTMH','2024-05-18 12:04:00',NULL),(2365,20,'TTMH','Xóa thanh toán mua hàng','2024-05-18 12:04:03',NULL),(2366,20,'DMH','DMH','2024-05-18 12:04:03',NULL),(2367,20,'TTMH','Xác nhận thanh toán mua hàng','2024-05-18 12:04:13',NULL),(2368,20,'TTMH','Xác nhận thanh toán mua hàng','2024-05-18 12:04:13',NULL),(2369,20,'TTMH','Xác nhận thanh toán mua hàng','2024-05-18 12:04:13',NULL),(2370,20,'TTMH','TTMH','2024-05-18 12:04:16',NULL),(2371,20,'HDMH','HDMH','2024-05-18 12:04:29',NULL),(2372,20,'DMH','DMH','2024-05-18 12:04:31',NULL),(2373,20,'HDMH','Xác nhận hóa đơn mua hàng','2024-05-18 12:04:34',NULL),(2374,20,'HDMH','Xác nhận hóa đơn mua hàng','2024-05-18 12:04:40',NULL),(2375,20,'HDMH','HDMH','2024-05-18 12:04:42',NULL),(2376,20,'DMH','DMH','2024-05-18 12:04:44',NULL),(2377,20,'HDMH','Xác nhận hóa đơn mua hàng','2024-05-18 12:04:46',NULL),(2378,20,'DMH','DMH','2024-05-18 12:04:49',NULL),(2379,20,'DMH','DMH','2024-05-18 12:04:50',NULL),(2380,20,'DNH','DNH','2024-05-18 12:04:51',NULL),(2381,20,'HDMH','HDMH','2024-05-18 12:04:52',NULL),(2382,20,'DMH','DMH','2024-05-18 12:04:54',NULL),(2383,20,'TTMH','TTMH','2024-05-18 12:04:57',NULL),(2384,20,'TTMH','Xóa thanh toán mua hàng','2024-05-18 12:06:53',NULL),(2385,20,'DMH','DMH','2024-05-18 12:06:55',NULL),(2386,20,'NCC','NCC','2024-05-18 12:06:57',NULL),(2387,20,'NCC','Tạo mới','2024-05-18 12:06:59',NULL),(2388,20,'DMH','DMH','2024-05-18 12:07:00',NULL),(2389,20,'TTMH','Xác nhận thanh toán mua hàng','2024-05-18 12:07:07',NULL),(2390,20,'HDMH','HDMH','2024-05-18 12:07:08',NULL),(2391,20,'TTMH','TTMH','2024-05-18 12:07:09',NULL),(2392,20,'NCC','NCC','2024-05-18 12:07:19',NULL),(2393,20,'DMH','DMH','2024-05-18 12:07:21',NULL),(2394,20,'TTMH','Xác nhận thanh toán mua hàng','2024-05-18 12:07:26',NULL),(2395,20,'TTMH','Xác nhận thanh toán mua hàng','2024-05-18 12:07:31',NULL),(2396,20,'DMH','DMH','2024-05-18 12:08:15',NULL),(2397,20,'BH','Khách hàng','2024-05-18 12:08:46','2024-05-18 12:08:46'),(2398,20,'BH','Đơn báo giá','2024-05-18 12:08:59','2024-05-18 12:08:59'),(2399,9,'DMH','DMH','2024-05-18 13:10:33',NULL),(2400,9,'DMH','Tạo mới','2024-05-18 13:10:35',NULL),(2401,9,'HDMH','Xác nhận hóa đơn mua hàng','2024-05-18 13:10:39',NULL),(2402,9,'TTMH','Xác nhận thanh toán mua hàng','2024-05-18 13:10:42',NULL),(2403,9,'HDMH','Xác nhận hóa đơn mua hàng','2024-05-18 13:10:46',NULL),(2404,9,'DNH','DNH','2024-05-18 13:10:49',NULL),(2405,9,'DNH','Tạo mới','2024-05-18 13:10:52',NULL),(2406,9,'NCC','NCC','2024-05-18 13:11:13',NULL),(2407,9,'NCC','Tạo mới','2024-05-18 13:11:16',NULL),(2408,9,'TTMH','TTMH','2024-05-18 13:14:18',NULL),(2409,9,'TTMH','Tạo mới','2024-05-18 13:14:21',NULL),(2410,20,'BH','Đơn báo giá','2024-05-18 13:15:28','2024-05-18 13:15:28'),(2411,20,'BG','Tạo mới','2024-05-18 13:15:30','2024-05-18 13:15:30'),(2412,20,'BH','Đơn báo giá','2024-05-18 13:15:32','2024-05-18 13:15:32'),(2413,20,'BG','Tạo mới','2024-05-18 13:15:34','2024-05-18 13:15:34'),(2414,20,'BG','Tạo mới','2024-05-18 13:15:37','2024-05-18 13:15:37'),(2415,20,'BH','Đơn báo giá','2024-05-18 13:15:38','2024-05-18 13:15:38'),(2416,20,'BG','Tạo mới','2024-05-18 13:15:39','2024-05-18 13:15:39'),(2417,20,'BG','Tạo mới','2024-05-18 13:15:40','2024-05-18 13:15:40'),(2418,20,'BH','Đơn giao hàng','2024-05-18 13:15:42','2024-05-18 13:15:42'),(2419,20,'GH','Tạo mới','2024-05-18 13:15:43','2024-05-18 13:15:43'),(2420,20,'BH','Hóa đơn bán hàng','2024-05-18 13:15:45','2024-05-18 13:15:45'),(2421,20,'HDBH','Tạo mới','2024-05-18 13:15:46','2024-05-18 13:15:46'),(2422,20,'BH','Đơn giao hàng','2024-05-18 13:15:47','2024-05-18 13:15:47'),(2423,20,'GH','Tạo mới','2024-05-18 13:15:48','2024-05-18 13:15:48'),(2424,20,'BH','Đơn báo giá','2024-05-18 13:15:49','2024-05-18 13:15:49'),(2425,20,'BG','Tạo mới','2024-05-18 13:15:50','2024-05-18 13:15:50'),(2426,20,'BH','Đơn báo giá','2024-05-18 13:15:57','2024-05-18 13:15:57'),(2427,20,'BH','Khách hàng','2024-05-18 13:16:11','2024-05-18 13:16:11'),(2428,20,'BH','Thanh toán bán hàng','2024-05-18 13:16:12','2024-05-18 13:16:12'),(2429,20,'TT','Tạo mới','2024-05-18 13:16:13','2024-05-18 13:16:13'),(2430,20,'DMH','DMH','2024-05-18 13:16:16',NULL),(2431,20,'DMH','Tạo mới','2024-05-18 13:16:17',NULL),(2432,20,'DNH','DNH','2024-05-18 13:16:20',NULL),(2433,20,'DNH','Tạo mới','2024-05-18 13:16:21',NULL),(2434,20,'HDMH','HDMH','2024-05-18 13:16:23',NULL),(2435,20,'HDMH','HDMH','2024-05-18 13:16:24',NULL),(2436,20,'TTMH','TTMH','2024-05-18 13:16:27',NULL),(2437,20,'TTMH','Tạo mới','2024-05-18 13:16:27',NULL),(2438,20,'NCC','NCC','2024-05-18 13:16:31',NULL),(2439,20,'TTMH','TTMH','2024-05-18 13:16:32',NULL),(2440,9,'DMH','DMH','2024-05-18 13:16:32',NULL),(2441,20,'HDMH','HDMH','2024-05-18 13:16:33',NULL),(2442,9,'DMH','Tạo mới','2024-05-18 13:16:34',NULL),(2443,20,'DNH','DNH','2024-05-18 13:16:35',NULL),(2444,20,'DMH','DMH','2024-05-18 13:16:36',NULL),(2445,9,'DMH','Tạo mới','2024-05-18 13:16:37',NULL),(2446,20,'TTMH','TTMH','2024-05-18 13:16:37',NULL),(2447,20,'HDMH','HDMH','2024-05-18 13:16:38',NULL),(2448,9,'DMH','Tạo mới','2024-05-18 13:16:39',NULL),(2449,20,'DMH','DMH','2024-05-18 13:16:41',NULL),(2450,9,'DMH','Tạo mới','2024-05-18 13:16:41',NULL),(2451,9,'DMH','Tạo mới','2024-05-18 13:16:44',NULL),(2452,20,'TTMH','Xác nhận thanh toán mua hàng','2024-05-18 13:16:50',NULL),(2453,20,'TTMH','TTMH','2024-05-18 13:16:56',NULL),(2454,20,'BH','Đơn báo giá','2024-05-18 13:17:03','2024-05-18 13:17:03'),(2455,20,'BG','Tạo mới','2024-05-18 13:17:05','2024-05-18 13:17:05'),(2456,20,'BG','Tạo mới','2024-05-18 13:17:07','2024-05-18 13:17:07'),(2457,20,'BG','Tạo mới','2024-05-18 13:17:09','2024-05-18 13:17:09'),(2458,20,'BG','Tạo mới','2024-05-18 13:17:11','2024-05-18 13:17:11'),(2459,9,'DNH','DNH','2024-05-18 13:17:17',NULL),(2460,9,'DNH','Tạo mới','2024-05-18 13:17:20',NULL),(2461,9,'DNH','Xem đơn nhận hàng','2024-05-18 13:17:36',NULL),(2462,9,'HDMH','HDMH','2024-05-18 13:17:47',NULL),(2463,9,'HDMH','HDMH','2024-05-18 13:17:49',NULL),(2464,9,'HDMH','HDMH','2024-05-18 13:17:51',NULL),(2465,9,'HDMH','HDMH','2024-05-18 13:17:54',NULL),(2466,9,'HDMH','HDMH','2024-05-18 13:17:58',NULL),(2467,9,'TTMH','TTMH','2024-05-18 13:18:01',NULL),(2468,9,'TTMH','Tạo mới','2024-05-18 13:18:05',NULL),(2469,9,'NCC','NCC','2024-05-18 13:18:25',NULL),(2470,9,'NCC','Tạo mới','2024-05-18 13:18:26',NULL),(2471,4,'BH','Đơn báo giá','2024-05-18 13:18:56','2024-05-18 13:18:56'),(2472,4,'BG','Tạo mới','2024-05-18 13:18:57','2024-05-18 13:18:57'),(2473,4,'BG','Tạo mới','2024-05-18 13:19:00','2024-05-18 13:19:00'),(2474,4,'DMH','DMH','2024-05-18 13:19:02',NULL),(2475,4,'BH','Đơn giao hàng','2024-05-18 13:19:05','2024-05-18 13:19:05'),(2476,4,'GH','Tạo mới','2024-05-18 13:19:07','2024-05-18 13:19:07'),(2477,4,'GH','Tạo mới','2024-05-18 13:19:07','2024-05-18 13:19:07'),(2478,4,'GH','Tạo mới','2024-05-18 13:19:07','2024-05-18 13:19:07'),(2479,4,'GH','Tạo mới','2024-05-18 13:19:08','2024-05-18 13:19:08'),(2480,4,'GH','Tạo mới','2024-05-18 13:19:08','2024-05-18 13:19:08'),(2481,4,'BH','Hóa đơn bán hàng','2024-05-18 13:19:08','2024-05-18 13:19:08'),(2482,4,'HDBH','Tạo mới','2024-05-18 13:19:10','2024-05-18 13:19:10'),(2483,4,'HDBH','Tạo mới','2024-05-18 13:19:11','2024-05-18 13:19:11'),(2484,4,'HDBH','Tạo mới','2024-05-18 13:19:11','2024-05-18 13:19:11'),(2485,4,'HDBH','Tạo mới','2024-05-18 13:19:11','2024-05-18 13:19:11'),(2486,4,'BH','Thanh toán bán hàng','2024-05-18 13:19:12','2024-05-18 13:19:12'),(2487,4,'TT','Tạo mới','2024-05-18 13:19:13','2024-05-18 13:19:13'),(2488,4,'TT','Tạo mới','2024-05-18 13:19:14','2024-05-18 13:19:14'),(2489,4,'DMH','DMH','2024-05-18 13:19:17',NULL),(2490,4,'DMH','Tạo mới','2024-05-18 13:19:18',NULL),(2491,4,'DNH','DNH','2024-05-18 13:19:20',NULL),(2492,4,'DNH','Tạo mới','2024-05-18 13:19:22',NULL),(2493,4,'HDMH','HDMH','2024-05-18 13:19:24',NULL),(2494,4,'HDMH','HDMH','2024-05-18 13:19:26',NULL),(2495,4,'TTMH','TTMH','2024-05-18 13:19:27',NULL),(2496,4,'TTMH','Tạo mới','2024-05-18 13:19:29',NULL),(2497,4,'NCC','NCC','2024-05-18 13:19:31',NULL),(2498,4,'NCC','Tạo mới','2024-05-18 13:19:32',NULL),(2499,4,'GH','Tạo mới','2024-05-18 13:19:35','2024-05-18 13:19:35'),(2500,20,'BH','Đơn báo giá','2024-05-18 13:20:08','2024-05-18 13:20:08'),(2501,20,'BG','Tạo mới','2024-05-18 13:20:09','2024-05-18 13:20:09'),(2502,20,'BG','Tạo mới','2024-05-18 13:20:12','2024-05-18 13:20:12'),(2503,20,'BG','Tạo mới','2024-05-18 13:20:14','2024-05-18 13:20:14'),(2504,20,'BG','Tạo mới','2024-05-18 13:20:14','2024-05-18 13:20:14'),(2505,9,'NCC','Tạo mới','2024-05-18 13:20:24',NULL),(2506,20,'BG','Tạo mới','2024-05-18 13:20:25','2024-05-18 13:20:25'),(2507,20,'BG','Tạo mới','2024-05-18 13:20:27','2024-05-18 13:20:27'),(2508,20,'BG','Tạo mới','2024-05-18 13:20:28','2024-05-18 13:20:28'),(2509,9,'TTMH','TTMH','2024-05-18 13:20:30',NULL),(2510,9,'BH','Đơn báo giá','2024-05-18 13:20:35','2024-05-18 13:20:35'),(2511,9,'BG','Tạo mới','2024-05-18 13:20:37','2024-05-18 13:20:37'),(2512,4,'BH','Thanh toán bán hàng','2024-05-18 13:20:39','2024-05-18 13:20:39'),(2513,9,'BG','Tạo mới','2024-05-18 13:20:39','2024-05-18 13:20:39'),(2514,4,'TT','Tạo mới','2024-05-18 13:20:41','2024-05-18 13:20:41'),(2515,9,'BG','Tạo mới','2024-05-18 13:20:41','2024-05-18 13:20:41'),(2516,9,'BG','Tạo mới','2024-05-18 13:20:42','2024-05-18 13:20:42'),(2517,9,'BG','Tạo mới','2024-05-18 13:20:42','2024-05-18 13:20:42'),(2518,9,'BG','Tạo mới','2024-05-18 13:20:43','2024-05-18 13:20:43'),(2519,9,'BG','Tạo mới','2024-05-18 13:20:43','2024-05-18 13:20:43'),(2520,9,'BG','Tạo mới','2024-05-18 13:20:43','2024-05-18 13:20:43'),(2521,9,'BG','Tạo mới','2024-05-18 13:20:43','2024-05-18 13:20:43'),(2522,9,'BG','Tạo mới','2024-05-18 13:20:43','2024-05-18 13:20:43'),(2523,9,'BG','Tạo mới','2024-05-18 13:20:44','2024-05-18 13:20:44'),(2524,9,'BG','Tạo mới','2024-05-18 13:20:44','2024-05-18 13:20:44'),(2525,4,'BH','Hóa đơn bán hàng','2024-05-18 13:20:45','2024-05-18 13:20:45'),(2526,9,'BG','Tạo mới','2024-05-18 13:20:46','2024-05-18 13:20:46'),(2527,9,'BG','Tạo mới','2024-05-18 13:20:46','2024-05-18 13:20:46'),(2528,4,'HDBH','Tạo mới','2024-05-18 13:20:46','2024-05-18 13:20:46'),(2529,9,'BG','Tạo mới','2024-05-18 13:20:46','2024-05-18 13:20:46'),(2530,4,'BH','Đơn giao hàng','2024-05-18 13:20:47','2024-05-18 13:20:47'),(2531,9,'BH','Đơn báo giá','2024-05-18 13:20:47','2024-05-18 13:20:47'),(2532,4,'GH','Tạo mới','2024-05-18 13:20:49','2024-05-18 13:20:49'),(2533,9,'BH','Đơn giao hàng','2024-05-18 13:20:49','2024-05-18 13:20:49'),(2534,9,'GH','Tạo mới','2024-05-18 13:20:51','2024-05-18 13:20:51'),(2535,9,'GH','Tạo mới','2024-05-18 13:20:52','2024-05-18 13:20:52'),(2536,9,'GH','Tạo mới','2024-05-18 13:20:52','2024-05-18 13:20:52'),(2537,9,'GH','Tạo mới','2024-05-18 13:20:52','2024-05-18 13:20:52'),(2538,9,'GH','Tạo mới','2024-05-18 13:20:57','2024-05-18 13:20:57'),(2539,9,'GH','Tạo mới','2024-05-18 13:20:57','2024-05-18 13:20:57'),(2540,9,'GH','Tạo mới','2024-05-18 13:20:57','2024-05-18 13:20:57'),(2541,9,'GH','Tạo mới','2024-05-18 13:20:57','2024-05-18 13:20:57'),(2542,9,'GH','Tạo mới','2024-05-18 13:20:58','2024-05-18 13:20:58'),(2543,9,'GH','Tạo mới','2024-05-18 13:20:58','2024-05-18 13:20:58'),(2544,9,'GH','Tạo mới','2024-05-18 13:21:05','2024-05-18 13:21:05'),(2545,4,'BH','Hóa đơn bán hàng','2024-05-18 13:21:09','2024-05-18 13:21:09'),(2546,4,'HDBH','Tạo mới','2024-05-18 13:21:36','2024-05-18 13:21:36'),(2547,4,'BH','Thanh toán bán hàng','2024-05-18 13:21:37','2024-05-18 13:21:37'),(2548,4,'TT','Tạo mới','2024-05-18 13:21:38','2024-05-18 13:21:38'),(2549,9,'DMH','DMH','2024-05-18 13:21:50',NULL),(2550,9,'DMH','Tạo mới','2024-05-18 13:21:55',NULL),(2551,4,'BH','Khách hàng','2024-05-18 13:22:05','2024-05-18 13:22:05'),(2552,4,'KH','Tạo mới','2024-05-18 13:22:07','2024-05-18 13:22:07'),(2553,4,'BH','Đơn báo giá','2024-05-18 13:22:23','2024-05-18 13:22:23'),(2554,4,'BG','Xem đơn báo giá','2024-05-18 13:22:24','2024-05-18 13:22:24'),(2555,4,'BG','Xem trang sửa','2024-05-18 13:22:27','2024-05-18 13:22:27'),(2556,4,'BH','Đơn giao hàng','2024-05-18 13:22:30','2024-05-18 13:22:30'),(2557,4,'DMH','DMH','2024-05-18 13:23:25',NULL),(2558,4,'DMH','Tạo mới','2024-05-18 13:23:26',NULL),(2559,4,'DNH','DNH','2024-05-18 13:23:28',NULL),(2560,4,'DNH','Tạo mới','2024-05-18 13:23:29',NULL),(2561,4,'HDMH','HDMH','2024-05-18 13:23:30',NULL),(2562,4,'HDMH','HDMH','2024-05-18 13:23:32',NULL),(2563,4,'TTMH','TTMH','2024-05-18 13:23:33',NULL),(2564,4,'TTMH','Tạo mới','2024-05-18 13:23:34',NULL),(2565,4,'BH','Đơn báo giá','2024-05-18 13:23:36','2024-05-18 13:23:36'),(2566,4,'BG','Tạo mới','2024-05-18 13:23:37','2024-05-18 13:23:37'),(2567,4,'BG','Tạo mới','2024-05-18 13:23:37','2024-05-18 13:23:37'),(2568,4,'BG','Tạo mới','2024-05-18 13:23:38','2024-05-18 13:23:38'),(2569,4,'BH','Đơn giao hàng','2024-05-18 13:24:02','2024-05-18 13:24:02'),(2570,4,'GH','Tạo mới','2024-05-18 13:24:06','2024-05-18 13:24:06'),(2571,4,'GH','Tạo mới','2024-05-18 13:24:08','2024-05-18 13:24:08'),(2572,4,'BH','Hóa đơn bán hàng','2024-05-18 13:24:09','2024-05-18 13:24:09'),(2573,4,'HDBH','Tạo mới','2024-05-18 13:24:10','2024-05-18 13:24:10'),(2574,4,'BH','Thanh toán bán hàng','2024-05-18 13:24:12','2024-05-18 13:24:12'),(2575,4,'TT','Tạo mới','2024-05-18 13:24:13','2024-05-18 13:24:13'),(2576,4,'BH','Khách hàng','2024-05-18 13:24:15','2024-05-18 13:24:15'),(2577,4,'KH','Tạo mới','2024-05-18 13:24:16','2024-05-18 13:24:16'),(2578,4,'BH','Đơn báo giá','2024-05-18 13:24:38','2024-05-18 13:24:38'),(2579,4,'BG','Tạo mới','2024-05-18 13:24:39','2024-05-18 13:24:39'),(2580,4,'BH','Đơn giao hàng','2024-05-18 13:24:41','2024-05-18 13:24:41'),(2581,4,'GH','Tạo mới','2024-05-18 13:24:43','2024-05-18 13:24:43'),(2582,4,'BH','Đơn báo giá','2024-05-18 13:24:51','2024-05-18 13:24:51'),(2583,4,'BG','Tạo mới','2024-05-18 13:24:53','2024-05-18 13:24:53'),(2584,4,'BH','Đơn giao hàng','2024-05-18 13:24:54','2024-05-18 13:24:54'),(2585,4,'GH','Tạo mới','2024-05-18 13:24:55','2024-05-18 13:24:55'),(2586,4,'BH','Hóa đơn bán hàng','2024-05-18 13:24:56','2024-05-18 13:24:56'),(2587,4,'HDBH','Tạo mới','2024-05-18 13:24:57','2024-05-18 13:24:57'),(2588,4,'BH','Hóa đơn bán hàng','2024-05-18 13:24:58','2024-05-18 13:24:58'),(2589,4,'BH','Thanh toán bán hàng','2024-05-18 13:24:59','2024-05-18 13:24:59'),(2590,4,'TT','Tạo mới','2024-05-18 13:25:01','2024-05-18 13:25:01'),(2591,4,'BH','Khách hàng','2024-05-18 13:25:02','2024-05-18 13:25:02'),(2592,4,'KH','Tạo mới','2024-05-18 13:25:03','2024-05-18 13:25:03'),(2593,4,'BH','Đơn giao hàng','2024-05-18 13:25:04','2024-05-18 13:25:04'),(2594,4,'BH','Đơn báo giá','2024-05-18 13:25:05','2024-05-18 13:25:05'),(2595,4,'DMH','DMH','2024-05-18 13:25:56',NULL),(2596,4,'DMH','Tạo mới','2024-05-18 13:25:58',NULL),(2597,4,'DNH','DNH','2024-05-18 13:26:00',NULL),(2598,4,'DNH','Tạo mới','2024-05-18 13:26:01',NULL),(2599,4,'HDMH','HDMH','2024-05-18 13:26:02',NULL),(2600,4,'HDMH','HDMH','2024-05-18 13:26:04',NULL),(2601,4,'TTMH','TTMH','2024-05-18 13:26:05',NULL),(2602,4,'TTMH','Tạo mới','2024-05-18 13:26:07',NULL),(2603,4,'NCC','NCC','2024-05-18 13:26:09',NULL),(2604,4,'NCC','Tạo mới','2024-05-18 13:26:10',NULL),(2605,20,'BH','Đơn báo giá','2024-05-18 13:27:38','2024-05-18 13:27:38'),(2606,20,'BG','Tạo mới','2024-05-18 13:27:41','2024-05-18 13:27:41'),(2607,20,'BH','Đơn báo giá','2024-05-18 13:27:43','2024-05-18 13:27:43'),(2608,20,'BG','Tạo mới','2024-05-18 13:27:45','2024-05-18 13:27:45'),(2609,20,'BH','Đơn báo giá','2024-05-18 13:27:46','2024-05-18 13:27:46'),(2610,20,'BG','Tạo mới','2024-05-18 13:27:48','2024-05-18 13:27:48'),(2611,20,'BH','Đơn báo giá','2024-05-18 13:27:50','2024-05-18 13:27:50'),(2612,20,'BH','Đơn báo giá','2024-05-18 13:28:02','2024-05-18 13:28:02'),(2613,20,'BG','Tạo mới','2024-05-18 13:28:04','2024-05-18 13:28:04'),(2614,20,'BH','Đơn báo giá','2024-05-18 13:28:05','2024-05-18 13:28:05'),(2615,20,'BG','Tạo mới','2024-05-18 13:28:07','2024-05-18 13:28:07'),(2616,20,'BH','Đơn giao hàng','2024-05-18 13:28:08','2024-05-18 13:28:08'),(2617,20,'GH','Tạo mới','2024-05-18 13:28:10','2024-05-18 13:28:10'),(2618,20,'BH','Hóa đơn bán hàng','2024-05-18 13:28:12','2024-05-18 13:28:12'),(2619,20,'HDBH','Tạo mới','2024-05-18 13:28:13','2024-05-18 13:28:13'),(2620,20,'BH','Thanh toán bán hàng','2024-05-18 13:28:14','2024-05-18 13:28:14'),(2621,20,'TT','Tạo mới','2024-05-18 13:28:16','2024-05-18 13:28:16'),(2622,20,'BH','Khách hàng','2024-05-18 13:28:18','2024-05-18 13:28:18'),(2623,20,'KH','Tạo mới','2024-05-18 13:28:19','2024-05-18 13:28:19'),(2624,20,'BH','Đơn báo giá','2024-05-18 13:28:21','2024-05-18 13:28:21'),(2625,20,'DMH','DMH','2024-05-18 13:28:37',NULL),(2626,20,'DMH','Tạo mới','2024-05-18 13:28:39',NULL),(2627,20,'DMH','DMH','2024-05-18 13:28:41',NULL),(2628,20,'DMH','Tạo mới','2024-05-18 13:28:42',NULL),(2629,20,'DMH','DMH','2024-05-18 13:28:43',NULL),(2630,20,'DNH','DNH','2024-05-18 13:28:45',NULL),(2631,20,'DNH','Tạo mới','2024-05-18 13:28:46',NULL),(2632,20,'DMH','DMH','2024-05-18 13:28:48',NULL),(2633,20,'TTMH','TTMH','2024-05-18 13:28:49',NULL),(2634,20,'TTMH','Tạo mới','2024-05-18 13:28:50',NULL),(2635,20,'DMH','DMH','2024-05-18 13:28:51',NULL),(2636,20,'NCC','NCC','2024-05-18 13:28:52',NULL),(2637,20,'NCC','Tạo mới','2024-05-18 13:28:53',NULL),(2638,20,'TTMH','Xác nhận thanh toán mua hàng','2024-05-18 13:29:01',NULL),(2639,20,'TTMH','Xác nhận thanh toán mua hàng','2024-05-18 13:29:12',NULL),(2640,20,'BH','Đơn báo giá','2024-05-18 13:30:30','2024-05-18 13:30:30'),(2641,20,'BG','Tạo mới','2024-05-18 13:30:31','2024-05-18 13:30:31'),(2642,20,'BG','Tạo mới','2024-05-18 13:30:34','2024-05-18 13:30:34'),(2643,20,'BG','Tạo mới','2024-05-18 13:30:36','2024-05-18 13:30:36'),(2644,20,'BG','Tạo mới','2024-05-18 13:30:41','2024-05-18 13:30:41'),(2645,20,'BG','Tạo mới','2024-05-18 13:30:45','2024-05-18 13:30:45'),(2646,20,'BG','Thêm sản phẩm','2024-05-18 13:30:47','2024-05-18 13:30:47'),(2647,20,'BG','Lưu nháp','2024-05-18 13:31:00','2024-05-18 13:31:00'),(2648,20,'BH','Khách hàng','2024-05-18 13:31:03','2024-05-18 13:31:03'),(2649,20,'KH','Tạo mới','2024-05-18 13:31:05','2024-05-18 13:31:05'),(2650,20,'BH','Đơn báo giá','2024-05-18 13:31:11','2024-05-18 13:31:11'),(2651,20,'BG','Tạo mới','2024-05-18 13:31:11','2024-05-18 13:31:11'),(2652,20,'BH','Đơn giao hàng','2024-05-18 13:31:14','2024-05-18 13:31:14'),(2653,20,'BH','Hóa đơn bán hàng','2024-05-18 13:31:15','2024-05-18 13:31:15'),(2654,20,'BH','Thanh toán bán hàng','2024-05-18 13:31:16','2024-05-18 13:31:16'),(2655,20,'BH','Khách hàng','2024-05-18 13:31:17','2024-05-18 13:31:17'),(2656,20,'DMH','DMH','2024-05-18 13:31:19',NULL),(2657,20,'HDMH','HDMH','2024-05-18 13:31:22',NULL),(2658,20,'TTMH','TTMH','2024-05-18 13:31:24',NULL),(2659,20,'NCC','NCC','2024-05-18 13:31:25',NULL),(2660,20,'DMH','DMH','2024-05-18 13:34:59',NULL),(2661,20,'DMH','Tạo mới','2024-05-18 13:35:02',NULL),(2662,20,'DMH','Thêm sản phẩm','2024-05-18 13:35:03',NULL),(2663,20,'DMH','Tạo mới đơn mua hàng','2024-05-18 13:35:29',NULL),(2664,20,'DNH','Nhận hàng đơn nhận hàng','2024-05-18 13:35:38',NULL),(2665,20,'HDMH','Xác nhận hóa đơn mua hàng','2024-05-18 13:35:42',NULL),(2666,20,'TTMH','Xác nhận thanh toán mua hàng','2024-05-18 13:35:47',NULL),(2667,20,'DMH','Tạo mới','2024-05-18 13:35:51',NULL),(2668,20,'DNH','DNH','2024-05-18 13:35:53',NULL),(2669,20,'DNH','Tạo mới','2024-05-18 13:35:54',NULL),(2670,20,'HDMH','HDMH','2024-05-18 13:35:55',NULL),(2671,20,'HDMH','HDMH','2024-05-18 13:35:56',NULL),(2672,20,'TTMH','TTMH','2024-05-18 13:35:58',NULL),(2673,20,'TTMH','Tạo mới','2024-05-18 13:35:59',NULL),(2674,20,'NCC','NCC','2024-05-18 13:36:01',NULL),(2675,20,'NCC','Tạo mới','2024-05-18 13:36:02',NULL),(2676,4,'BH','Đơn báo giá','2024-05-18 13:37:59','2024-05-18 13:37:59'),(2677,4,'BH','Đơn báo giá','2024-05-18 13:38:04','2024-05-18 13:38:04'),(2678,4,'BH','Đơn báo giá','2024-05-18 13:38:14','2024-05-18 13:38:14'),(2679,4,'BH','Đơn báo giá','2024-05-18 13:38:20','2024-05-18 13:38:20'),(2680,4,'BG','Tạo mới','2024-05-18 13:38:22','2024-05-18 13:38:22'),(2681,4,'BG','Thêm khách hàng','2024-05-18 13:38:28','2024-05-18 13:38:28'),(2682,4,'BG','Thêm sản phẩm','2024-05-18 13:38:30','2024-05-18 13:38:30'),(2683,4,'BG','Lưu nháp','2024-05-18 13:38:38','2024-05-18 13:38:38'),(2684,4,'HDBH','Xác nhận hóa đơn bán hàng','2024-05-18 13:38:51','2024-05-18 13:38:51'),(2685,4,'TT','Xác nhận','2024-05-18 13:38:53','2024-05-18 13:38:53'),(2686,4,'BH','Đơn báo giá','2024-05-18 13:39:00','2024-05-18 13:39:00'),(2687,20,'DMH','DMH','2024-05-18 13:39:16',NULL),(2688,20,'BH','Đơn báo giá','2024-05-18 13:39:27','2024-05-18 13:39:27'),(2689,20,'TT','Xác nhận','2024-05-18 13:39:33','2024-05-18 13:39:33'),(2690,20,'NCC','NCC','2024-05-18 13:39:36',NULL),(2691,20,'DMH','DMH','2024-05-18 13:39:39',NULL),(2692,20,'TTMH','Xác nhận thanh toán mua hàng','2024-05-18 13:39:43',NULL),(2693,20,'DMH','DMH','2024-05-18 13:40:05',NULL),(2694,20,'DMH','Tạo mới','2024-05-18 13:40:07',NULL),(2695,20,'BH','Đơn báo giá','2024-05-18 13:40:16','2024-05-18 13:40:16'),(2696,20,'BG','Tạo mới','2024-05-18 13:40:17','2024-05-18 13:40:17'),(2697,20,'BH','Đơn báo giá','2024-05-18 13:40:21','2024-05-18 13:40:21'),(2698,20,'BH','Đơn báo giá','2024-05-18 13:40:37','2024-05-18 13:40:37'),(2699,20,'BG','Tạo mới','2024-05-18 13:40:46','2024-05-18 13:40:46'),(2700,20,'BG','Thêm sản phẩm','2024-05-18 13:40:47','2024-05-18 13:40:47'),(2701,20,'BG','Lưu nháp','2024-05-18 13:40:57','2024-05-18 13:40:57'),(2702,20,'BG','Tạo mới','2024-05-18 13:40:59','2024-05-18 13:40:59'),(2703,20,'BG','Thêm sản phẩm','2024-05-18 13:41:00','2024-05-18 13:41:00'),(2704,20,'BG','Lưu nháp','2024-05-18 13:41:30','2024-05-18 13:41:30'),(2705,20,'BH','Đơn báo giá','2024-05-18 13:41:45','2024-05-18 13:41:45'),(2706,20,'BG','Xem đơn báo giá','2024-05-18 13:41:54','2024-05-18 13:41:54'),(2707,20,'BG','Tạo đơn mua hàng','2024-05-18 13:41:57','2024-05-18 13:41:57'),(2708,20,'DMH','Tạo mới đơn mua hàng','2024-05-18 13:42:08',NULL),(2709,20,'DNH','Nhận hàng đơn nhận hàng','2024-05-18 13:42:14',NULL),(2710,20,'TTMH','Xác nhận thanh toán mua hàng','2024-05-18 13:42:19',NULL),(2711,20,'BH','Đơn báo giá','2024-05-18 13:42:20','2024-05-18 13:42:20'),(2712,20,'GH','Giao hàng','2024-05-18 13:42:24','2024-05-18 13:42:24'),(2713,20,'GH','Giao hàng','2024-05-18 13:42:26','2024-05-18 13:42:26'),(2714,20,'GH','Giao hàng','2024-05-18 13:42:28','2024-05-18 13:42:28'),(2715,20,'BG','Tạo mới','2024-05-18 13:42:29','2024-05-18 13:42:29'),(2716,20,'BG','Thêm sản phẩm','2024-05-18 13:42:31','2024-05-18 13:42:31'),(2717,20,'BG','Lưu nháp','2024-05-18 13:42:38','2024-05-18 13:42:38'),(2718,20,'BG','Tạo mới','2024-05-18 13:42:40','2024-05-18 13:42:40'),(2719,20,'BG','Thêm sản phẩm','2024-05-18 13:42:41','2024-05-18 13:42:41'),(2720,20,'BG','Lưu nháp','2024-05-18 13:42:51','2024-05-18 13:42:51'),(2721,20,'BG','Tạo mới','2024-05-18 13:42:53','2024-05-18 13:42:53'),(2722,20,'BG','Thêm sản phẩm','2024-05-18 13:42:54','2024-05-18 13:42:54'),(2723,20,'BG','Lưu nháp','2024-05-18 14:19:20','2024-05-18 14:19:20'),(2724,20,'BG','Tạo mới','2024-05-18 14:19:23','2024-05-18 14:19:23'),(2725,20,'BG','Thêm sản phẩm','2024-05-18 14:19:24','2024-05-18 14:19:24'),(2726,20,'BG','Lưu nháp','2024-05-18 14:19:34','2024-05-18 14:19:34'),(2727,20,'BG','Tạo mới','2024-05-18 14:19:35','2024-05-18 14:19:35'),(2728,20,'BG','Thêm sản phẩm','2024-05-18 14:19:37','2024-05-18 14:19:37'),(2729,20,'BG','Lưu nháp','2024-05-18 14:19:52','2024-05-18 14:19:52'),(2730,20,'BG','Tạo mới','2024-05-18 14:20:00','2024-05-18 14:20:00'),(2731,20,'BG','Thêm sản phẩm','2024-05-18 14:20:01','2024-05-18 14:20:01'),(2732,20,'BG','Lưu nháp','2024-05-18 14:20:14','2024-05-18 14:20:14'),(2733,20,'GH','Giao hàng','2024-05-18 14:20:20','2024-05-18 14:20:20'),(2734,20,'HDBH','Xác nhận hóa đơn bán hàng','2024-05-18 14:20:22','2024-05-18 14:20:22'),(2735,20,'GH','Giao hàng','2024-05-18 14:20:25','2024-05-18 14:20:25'),(2736,20,'GH','Giao hàng','2024-05-18 14:20:27','2024-05-18 14:20:27'),(2737,20,'GH','Giao hàng','2024-05-18 14:20:30','2024-05-18 14:20:30'),(2738,20,'TT','Xác nhận','2024-05-18 14:20:35','2024-05-18 14:20:35'),(2739,20,'TT','Xác nhận','2024-05-18 14:20:49','2024-05-18 14:20:49'),(2740,20,'TT','Xác nhận','2024-05-18 14:21:04','2024-05-18 14:21:04'),(2741,20,'HDBH','Xác nhận hóa đơn bán hàng','2024-05-18 14:21:07','2024-05-18 14:21:07'),(2742,20,'BH','Đơn báo giá','2024-05-18 14:21:41','2024-05-18 14:21:41'),(2743,20,'TT','Xác nhận','2024-05-18 14:21:52','2024-05-18 14:21:52'),(2744,20,'TT','Xác nhận','2024-05-18 14:22:33','2024-05-18 14:22:33'),(2745,20,'BH','Thanh toán bán hàng','2024-05-18 14:22:56','2024-05-18 14:22:56'),(2746,20,'TT','Xem đơn thanh toán','2024-05-18 14:22:57','2024-05-18 14:22:57'),(2747,20,'BH','Hóa đơn bán hàng','2024-05-18 14:23:32','2024-05-18 14:23:32'),(2748,20,'HDBH','Tạo mới','2024-05-18 14:23:34','2024-05-18 14:23:34'),(2749,20,'HDBH','Lấy thông tin từ số báo giá','2024-05-18 14:23:35','2024-05-18 14:23:35'),(2750,20,'BH','Đơn báo giá','2024-05-18 14:23:38','2024-05-18 14:23:38'),(2751,20,'BG','Tạo mới','2024-05-18 14:23:41','2024-05-18 14:23:41'),(2752,20,'BG','Thêm sản phẩm','2024-05-18 14:23:53','2024-05-18 14:23:53'),(2753,20,'BG','Thêm sản phẩm','2024-05-18 14:23:56','2024-05-18 14:23:56'),(2754,20,'BG','Thêm sản phẩm','2024-05-18 14:23:57','2024-05-18 14:23:57'),(2755,20,'BG','Thêm sản phẩm','2024-05-18 14:23:58','2024-05-18 14:23:58'),(2756,20,'BG','Thêm sản phẩm','2024-05-18 14:23:58','2024-05-18 14:23:58'),(2757,20,'BG','Thêm sản phẩm','2024-05-18 14:24:00','2024-05-18 14:24:00'),(2758,20,'BG','Thêm sản phẩm','2024-05-18 14:24:02','2024-05-18 14:24:02'),(2759,20,'BG','Thêm sản phẩm','2024-05-18 14:24:03','2024-05-18 14:24:03'),(2760,20,'BH','Đơn giao hàng','2024-05-18 14:24:04','2024-05-18 14:24:04'),(2761,20,'BH','Hóa đơn bán hàng','2024-05-18 14:24:06','2024-05-18 14:24:06'),(2762,20,'BH','Thanh toán bán hàng','2024-05-18 14:24:07','2024-05-18 14:24:07'),(2763,20,'TT','Tạo mới','2024-05-18 14:24:09','2024-05-18 14:24:09'),(2764,20,'TT','Lấy thông tin từ số báo giá','2024-05-18 14:24:13','2024-05-18 14:24:13'),(2765,20,'TT','Lấy thông tin từ số báo giá','2024-05-18 14:24:16','2024-05-18 14:24:16'),(2766,20,'TTMH','TTMH','2024-05-18 14:24:32',NULL),(2767,20,'TTMH','Tạo mới','2024-05-18 14:24:34',NULL),(2768,20,'DMH','DMH','2024-05-18 14:24:36',NULL),(2769,20,'DMH','Tạo mới','2024-05-18 14:24:37',NULL),(2770,20,'DMH','Thêm sản phẩm','2024-05-18 14:24:38',NULL),(2771,20,'DMH','DMH','2024-05-18 14:24:49',NULL),(2772,20,'DMH','Tạo mới','2024-05-18 14:25:25',NULL),(2773,20,'DMH','Tạo mới','2024-05-18 14:25:33',NULL),(2774,20,'DMH','Tạo mới','2024-05-18 14:25:37',NULL),(2775,20,'DMH','Tạo mới','2024-05-18 14:25:41',NULL),(2776,20,'DMH','Tạo mới','2024-05-18 14:25:45',NULL),(2777,20,'DMH','DMH','2024-05-18 14:26:20',NULL),(2778,20,'DMH','Tạo mới','2024-05-18 14:26:23',NULL),(2779,20,'DMH','Thêm sản phẩm','2024-05-18 14:26:24',NULL),(2780,20,'DMH','DMH','2024-05-18 14:26:31',NULL),(2781,20,'DMH','Tạo mới','2024-05-18 14:26:32',NULL),(2782,20,'DMH','Thêm sản phẩm','2024-05-18 14:26:33',NULL),(2783,20,'DMH','DMH','2024-05-18 14:27:27',NULL),(2784,20,'DMH','Tạo mới','2024-05-18 14:27:28',NULL),(2785,20,'DMH','Thêm sản phẩm','2024-05-18 14:27:29',NULL),(2786,20,'TTMH','TTMH','2024-05-18 14:28:05',NULL),(2787,20,'DMH','DMH','2024-05-18 14:28:06',NULL),(2788,20,'DMH','Tạo mới','2024-05-18 14:28:09',NULL),(2789,20,'DMH','Thêm sản phẩm','2024-05-18 14:28:10',NULL),(2790,20,'DMH','Tạo mới đơn mua hàng','2024-05-18 14:28:20',NULL),(2791,20,'TTMH','Xác nhận thanh toán mua hàng','2024-05-18 14:28:29',NULL),(2792,20,'TTMH','TTMH','2024-05-18 14:28:32',NULL),(2793,20,'TTMH','Xem thanh toán mua hàng','2024-05-18 14:28:34',NULL),(2794,20,'DNH','DNH','2024-05-18 14:30:50',NULL),(2795,20,'BH','Đơn báo giá','2024-05-18 14:31:11','2024-05-18 14:31:11'),(2796,20,'BH','Đơn báo giá','2024-05-18 14:31:28','2024-05-18 14:31:28'),(2797,20,'TT','Xác nhận','2024-05-18 14:31:42','2024-05-18 14:31:42'),(2798,20,'TT','Xác nhận ở trang chi tiết','2024-05-18 14:32:00','2024-05-18 14:32:00'),(2799,20,'BH','Đơn báo giá','2024-05-18 14:33:34','2024-05-18 14:33:34'),(2800,20,'BH','Đơn báo giá','2024-05-18 14:57:55','2024-05-18 14:57:55'),(2801,20,'BH','Đơn giao hàng','2024-05-18 14:57:58','2024-05-18 14:57:58'),(2802,20,'BH','Hóa đơn bán hàng','2024-05-18 14:57:59','2024-05-18 14:57:59'),(2803,20,'BH','Khách hàng','2024-05-18 14:58:01','2024-05-18 14:58:01'),(2804,20,'BH','Khách hàng','2024-05-18 14:58:04','2024-05-18 14:58:04'),(2805,4,'BH','Đơn báo giá','2024-05-18 14:58:42','2024-05-18 14:58:42'),(2806,4,'BG','Tạo mới','2024-05-18 14:58:45','2024-05-18 14:58:45'),(2807,4,'BG','Hủy','2024-05-18 14:58:48','2024-05-18 14:58:48'),(2808,4,'BH','Đơn giao hàng','2024-05-18 14:58:58','2024-05-18 14:58:58'),(2809,4,'GH','Tạo mới','2024-05-18 14:59:01','2024-05-18 14:59:01'),(2810,4,'GH','Thêm sản phẩm','2024-05-18 14:59:04','2024-05-18 14:59:04'),(2811,5,'BH','Đơn báo giá','2024-05-20 02:40:13','2024-05-20 02:40:13'),(2812,5,'BG','Tạo mới','2024-05-20 02:40:15','2024-05-20 02:40:15'),(2813,5,'BG','Thêm người đại diện','2024-05-20 02:40:45','2024-05-20 02:40:45'),(2814,5,'BH','Đơn báo giá','2024-05-20 02:41:25','2024-05-20 02:41:25'),(2815,4,'BH','Đơn báo giá','2024-05-20 03:05:45','2024-05-20 03:05:45'),(2816,4,'BG','Tạo mới','2024-05-20 03:05:47','2024-05-20 03:05:47'),(2817,9,'DMH','DMH','2024-05-20 03:46:54',NULL),(2818,9,'TTMH','Xác nhận thanh toán mua hàng','2024-05-20 03:47:01',NULL),(2819,9,'TTMH','Xác nhận thanh toán mua hàng','2024-05-20 03:47:01',NULL),(2820,9,'TTMH','Xác nhận thanh toán mua hàng','2024-05-20 03:47:01',NULL),(2821,9,'TTMH','Xác nhận thanh toán mua hàng','2024-05-20 03:47:01',NULL),(2822,9,'TTMH','Xác nhận thanh toán mua hàng','2024-05-20 03:47:01',NULL),(2823,9,'TTMH','Xác nhận thanh toán mua hàng','2024-05-20 03:47:01',NULL),(2824,9,'TTMH','Xác nhận thanh toán mua hàng','2024-05-20 03:47:02',NULL),(2825,9,'TTMH','Xác nhận thanh toán mua hàng','2024-05-20 03:47:02',NULL),(2826,9,'TTMH','Xác nhận thanh toán mua hàng','2024-05-20 03:47:02',NULL),(2827,9,'TTMH','Xác nhận thanh toán mua hàng','2024-05-20 03:47:02',NULL),(2828,9,'TTMH','Xác nhận thanh toán mua hàng','2024-05-20 03:47:02',NULL),(2829,9,'TTMH','Xác nhận thanh toán mua hàng','2024-05-20 03:47:02',NULL),(2830,9,'TTMH','Xác nhận thanh toán mua hàng','2024-05-20 03:47:02',NULL),(2831,9,'TTMH','Xác nhận thanh toán mua hàng','2024-05-20 03:47:03',NULL),(2832,9,'TTMH','Xác nhận thanh toán mua hàng','2024-05-20 03:47:03',NULL),(2833,9,'TTMH','Xác nhận thanh toán mua hàng','2024-05-20 03:47:03',NULL),(2834,9,'TTMH','Xác nhận thanh toán mua hàng','2024-05-20 03:47:03',NULL),(2835,9,'TTMH','Xác nhận thanh toán mua hàng','2024-05-20 03:47:03',NULL),(2836,9,'TTMH','Xác nhận thanh toán mua hàng','2024-05-20 03:47:03',NULL),(2837,9,'TTMH','Xác nhận thanh toán mua hàng','2024-05-20 03:47:04',NULL),(2838,9,'TTMH','TTMH','2024-05-20 03:47:05',NULL),(2839,9,'TTMH','Xóa thanh toán mua hàng','2024-05-20 03:47:35',NULL),(2840,9,'TTMH','Tạo mới','2024-05-20 03:47:36',NULL),(2841,9,'TTMH','Xác nhận thanh toán mua hàng','2024-05-20 03:47:39',NULL),(2842,9,'TTMH','Tạo mới','2024-05-20 03:47:39',NULL),(2843,9,'DMH','DMH','2024-05-20 03:47:43',NULL),(2844,9,'HDMH','HDMH','2024-05-20 03:47:46',NULL),(2845,9,'HDMH','Xóa hóa đơn mua hàng','2024-05-20 03:47:48',NULL),(2846,9,'HDMH','Xóa hóa đơn mua hàng','2024-05-20 03:47:49',NULL),(2847,9,'DMH','DMH','2024-05-20 03:47:51',NULL),(2848,9,'HDMH','Xác nhận hóa đơn mua hàng','2024-05-20 03:47:58',NULL),(2849,9,'HDMH','HDMH','2024-05-20 03:48:24',NULL),(2850,9,'HDMH','HDMH','2024-05-20 03:48:25',NULL),(2851,9,'HDMH','Xác nhận hóa đơn mua hàng','2024-05-20 03:48:27',NULL),(2852,9,'HDMH','Xem hóa đơn mua hàng','2024-05-20 03:48:33',NULL),(2853,11,'BH','Đơn báo giá','2024-05-20 03:49:02','2024-05-20 03:49:02'),(2854,11,'BG','Tạo mới','2024-05-20 03:49:03','2024-05-20 03:49:03'),(2855,11,'BG','Thêm khách hàng','2024-05-20 03:49:15','2024-05-20 03:49:15'),(2856,11,'BG','Thêm sản phẩm','2024-05-20 03:49:16','2024-05-20 03:49:16'),(2857,11,'BG','Lưu nháp','2024-05-20 03:49:35','2024-05-20 03:49:35'),(2858,11,'BG','Xem đơn báo giá','2024-05-20 03:52:50','2024-05-20 03:52:50'),(2859,11,'BG','Xem trang sửa','2024-05-20 03:52:53','2024-05-20 03:52:53'),(2860,11,'BG','Xem đơn báo giá','2024-05-20 03:54:41','2024-05-20 03:54:41'),(2861,11,'BG','Xem trang sửa','2024-05-20 03:54:43','2024-05-20 03:54:43'),(2862,11,'BG','Hủy','2024-05-20 03:54:44','2024-05-20 03:54:44'),(2863,11,'BG','Xem đơn báo giá','2024-05-20 03:54:46','2024-05-20 03:54:46'),(2864,11,'BG','Tạo đơn mua hàng','2024-05-20 03:54:51','2024-05-20 03:54:51'),(2865,11,'DMH','Thêm mới nhà cung cấp','2024-05-20 03:55:04',NULL),(2866,11,'DMH','Thêm mới hiệu lực báo giá','2024-05-20 03:57:14',NULL),(2867,11,'DMH','Thêm mới điều khoản','2024-05-20 03:57:21',NULL),(2868,11,'DMH','Tạo mới đơn mua hàng','2024-05-20 03:57:34',NULL),(2869,11,'DMH','Xem đơn mua hàng','2024-05-20 03:57:36',NULL),(2870,11,'BH','Đơn báo giá','2024-05-20 03:57:38','2024-05-20 03:57:38'),(2871,11,'BG','Xem đơn báo giá','2024-05-20 03:57:40','2024-05-20 03:57:40'),(2872,11,'DMH','DMH','2024-05-20 03:57:51',NULL),(2873,11,'DMH','Xem đơn mua hàng','2024-05-20 03:57:53',NULL),(2874,11,'DNH','DNH','2024-05-20 03:58:25',NULL),(2875,11,'DMH','DMH','2024-05-20 03:58:26',NULL),(2876,11,'DNH','Nhận hàng đơn nhận hàng','2024-05-20 03:58:38',NULL),(2877,11,'DMH','DMH','2024-05-20 03:58:40',NULL),(2878,11,'DMH','Xem đơn mua hàng','2024-05-20 03:58:41',NULL),(2879,11,'BH','Đơn báo giá','2024-05-20 03:58:50','2024-05-20 03:58:50'),(2880,11,'BG','Xem đơn báo giá','2024-05-20 03:58:51','2024-05-20 03:58:51'),(2881,11,'BG','Hủy xem đơn báo giá','2024-05-20 03:58:54','2024-05-20 03:58:54'),(2882,11,'BG','Tạo mới','2024-05-20 03:58:56','2024-05-20 03:58:56'),(2883,11,'BG','Thêm sản phẩm','2024-05-20 03:58:59','2024-05-20 03:58:59'),(2884,11,'BG','Lưu nháp','2024-05-20 03:59:05','2024-05-20 03:59:05'),(2885,11,'BG','Xem đơn báo giá','2024-05-20 03:59:06','2024-05-20 03:59:06'),(2886,11,'BG','Xem lịch sử chỉnh sửa báo giá','2024-05-20 03:59:09','2024-05-20 03:59:09'),(2887,11,'BG','Xem thông tin sản phẩm báo giá','2024-05-20 03:59:10','2024-05-20 03:59:10'),(2888,11,'DMH','Xem đơn mua hàng','2024-05-20 03:59:18',NULL),(2889,11,'DMH','DMH','2024-05-20 03:59:36',NULL),(2890,11,'DMH','Xem đơn mua hàng','2024-05-20 03:59:37',NULL),(2891,11,'BG','Hủy xem đơn báo giá','2024-05-20 04:09:27','2024-05-20 04:09:27'),(2892,11,'GH','Lưu nháp','2024-05-20 04:09:44','2024-05-20 04:09:44'),(2893,11,'BH','Đơn giao hàng','2024-05-20 04:09:47','2024-05-20 04:09:47'),(2894,11,'GH','Xem đơn giao hàng','2024-05-20 04:09:52','2024-05-20 04:09:52'),(2895,11,'GH','Xác nhận','2024-05-20 04:09:55','2024-05-20 04:09:55'),(2896,11,'BH','Đơn báo giá','2024-05-20 04:09:58','2024-05-20 04:09:58'),(2897,11,'BH','Đơn giao hàng','2024-05-20 04:10:12','2024-05-20 04:10:12'),(2898,11,'BH','Đơn báo giá','2024-05-20 04:10:14','2024-05-20 04:10:14'),(2899,11,'HDBH','Xác nhận hóa đơn bán hàng','2024-05-20 04:10:17','2024-05-20 04:10:17'),(2900,11,'TT','Xác nhận','2024-05-20 04:10:24','2024-05-20 04:10:24'),(2901,11,'BH','Thanh toán bán hàng','2024-05-20 04:10:26','2024-05-20 04:10:26'),(2902,11,'TTMH','TTMH','2024-05-20 04:10:41',NULL),(2903,11,'TTMH','Tạo mới','2024-05-20 04:10:42',NULL),(2904,11,'TTMH','Xác nhận thanh toán mua hàng','2024-05-20 04:10:46',NULL),(2905,11,'TTMH','Xem thanh toán mua hàng','2024-05-20 04:10:48',NULL),(2906,11,'TTMH','Xác nhận thanh toán mua hàng','2024-05-20 04:10:51',NULL),(2907,11,'BH','Đơn báo giá','2024-05-20 04:12:58','2024-05-20 04:12:58'),(2908,11,'BG','Xem đơn báo giá','2024-05-20 04:12:59','2024-05-20 04:12:59'),(2909,11,'DMH','DMH','2024-05-20 04:16:43',NULL),(2910,11,'DMH','Tạo mới','2024-05-20 04:16:44',NULL),(2911,11,'DMH','Thêm mới nhà cung cấp','2024-05-20 04:17:04',NULL),(2912,11,'DMH','Thêm sản phẩm','2024-05-20 04:17:05',NULL),(2913,11,'DMH','Tạo mới đơn mua hàng','2024-05-20 04:17:32',NULL),(2914,11,'DNH','Nhận hàng đơn nhận hàng','2024-05-20 04:17:41',NULL),(2915,11,'BH','Đơn báo giá','2024-05-20 04:17:43','2024-05-20 04:17:43'),(2916,11,'BG','Tạo mới','2024-05-20 04:17:45','2024-05-20 04:17:45'),(2917,11,'BG','Thêm khách hàng','2024-05-20 04:18:01','2024-05-20 04:18:01'),(2918,11,'BG','Thêm sản phẩm','2024-05-20 04:18:02','2024-05-20 04:18:02'),(2919,11,'BG','Lưu nháp','2024-05-20 04:18:09','2024-05-20 04:18:09'),(2920,11,'BG','Tạo mới','2024-05-20 04:18:11','2024-05-20 04:18:11'),(2921,11,'BG','Hủy','2024-05-20 04:18:15','2024-05-20 04:18:15'),(2922,11,'BG','Tạo mới','2024-05-20 04:18:17','2024-05-20 04:18:17'),(2923,11,'BG','Thêm sản phẩm','2024-05-20 04:18:19','2024-05-20 04:18:19'),(2924,11,'BG','Lưu nháp','2024-05-20 04:18:25','2024-05-20 04:18:25'),(2925,11,'GH','Giao hàng','2024-05-20 04:18:30','2024-05-20 04:18:30'),(2926,11,'GH','Giao hàng','2024-05-20 04:18:33','2024-05-20 04:18:33'),(2927,11,'BH','Đơn giao hàng','2024-05-20 04:20:16','2024-05-20 04:20:16'),(2928,11,'BH','Đơn báo giá','2024-05-20 04:20:18','2024-05-20 04:20:18'),(2929,11,'BG','Xem đơn báo giá','2024-05-20 04:20:19','2024-05-20 04:20:19'),(2930,11,'BG','Xem đơn báo giá','2024-05-20 04:20:22','2024-05-20 04:20:22'),(2931,11,'DMH','DMH','2024-05-20 04:22:41',NULL),(2932,11,'DMH','Tạo mới','2024-05-20 04:22:43',NULL),(2933,11,'DMH','Thêm sản phẩm','2024-05-20 04:22:47',NULL),(2934,11,'DMH','Tạo mới đơn mua hàng','2024-05-20 04:22:57',NULL),(2935,11,'DMH','Tạo mới','2024-05-20 04:22:58',NULL),(2936,11,'DMH','DMH','2024-05-20 04:23:01',NULL),(2937,11,'DMH','Tạo mới','2024-05-20 04:23:03',NULL),(2938,11,'DMH','Thêm sản phẩm','2024-05-20 04:23:05',NULL),(2939,11,'DMH','Tạo mới đơn mua hàng','2024-05-20 04:23:10',NULL),(2940,11,'DNH','Nhận hàng đơn nhận hàng','2024-05-20 04:23:15',NULL),(2941,11,'DNH','Nhận hàng đơn nhận hàng','2024-05-20 04:23:18',NULL),(2942,11,'BH','Đơn báo giá','2024-05-20 04:23:20','2024-05-20 04:23:20'),(2943,11,'BG','Tạo mới','2024-05-20 04:23:21','2024-05-20 04:23:21'),(2944,11,'BG','Thêm sản phẩm','2024-05-20 04:23:27','2024-05-20 04:23:27'),(2945,11,'BG','Lưu nháp','2024-05-20 04:23:33','2024-05-20 04:23:33'),(2946,11,'BG','Tạo mới','2024-05-20 04:23:34','2024-05-20 04:23:34'),(2947,11,'BH','Đơn báo giá','2024-05-20 04:23:39','2024-05-20 04:23:39'),(2948,11,'BG','Tạo mới','2024-05-20 04:23:41','2024-05-20 04:23:41'),(2949,11,'BG','Thêm sản phẩm','2024-05-20 04:23:43','2024-05-20 04:23:43'),(2950,11,'BG','Lưu nháp','2024-05-20 04:23:52','2024-05-20 04:23:52'),(2951,11,'GH','Giao hàng','2024-05-20 04:23:54','2024-05-20 04:23:54'),(2952,11,'GH','Giao hàng','2024-05-20 04:23:57','2024-05-20 04:23:57'),(2953,11,'DMH','DMH','2024-05-20 04:54:52',NULL),(2954,11,'DNH','DNH','2024-05-20 04:54:54',NULL),(2955,11,'BH','Đơn giao hàng','2024-05-20 05:44:03','2024-05-20 05:44:03'),(2956,11,'GH','Xóa đơn giao hàng','2024-05-20 05:44:06','2024-05-20 05:44:06'),(2957,11,'GH','Xóa đơn giao hàng','2024-05-20 05:44:08','2024-05-20 05:44:08'),(2958,11,'BH','Đơn báo giá','2024-05-20 05:44:09','2024-05-20 05:44:09'),(2959,11,'BG','Xóa đơn báo giá','2024-05-20 05:44:16','2024-05-20 05:44:16'),(2960,11,'BG','Xóa đơn báo giá','2024-05-20 05:44:17','2024-05-20 05:44:17'),(2961,11,'DNH','DNH','2024-05-20 05:44:19',NULL),(2962,11,'BH','Đơn báo giá','2024-05-20 05:44:23','2024-05-20 05:44:23'),(2963,11,'DNH','DNH','2024-05-20 05:44:26',NULL),(2964,11,'BH','Hóa đơn bán hàng','2024-05-20 05:44:29','2024-05-20 05:44:29'),(2965,11,'BH','Thanh toán bán hàng','2024-05-20 05:44:31','2024-05-20 05:44:31'),(2966,11,'BH','Đơn giao hàng','2024-05-20 05:44:34','2024-05-20 05:44:34'),(2967,11,'HDMH','HDMH','2024-05-20 05:44:36',NULL),(2968,11,'TTMH','TTMH','2024-05-20 05:44:37',NULL),(2969,11,'DNH','DNH','2024-05-20 05:44:39',NULL),(2970,11,'DNH','Xem đơn nhận hàng','2024-05-20 05:44:43',NULL),(2971,11,'DNH','Trở về','2024-05-20 05:44:45',NULL),(2972,11,'BH','Đơn báo giá','2024-05-20 05:44:51','2024-05-20 05:44:51'),(2973,11,'BG','Xem đơn báo giá','2024-05-20 05:44:53','2024-05-20 05:44:53'),(2974,11,'BH','Đơn báo giá','2024-05-20 05:44:55','2024-05-20 05:44:55'),(2975,11,'BH','Đơn giao hàng','2024-05-20 05:44:59','2024-05-20 05:44:59'),(2976,11,'GH','Xóa đơn giao hàng','2024-05-20 05:45:00','2024-05-20 05:45:00'),(2977,11,'BH','Đơn báo giá','2024-05-20 05:45:02','2024-05-20 05:45:02'),(2978,11,'BH','Đơn giao hàng','2024-05-20 05:45:05','2024-05-20 05:45:05'),(2979,11,'GH','Xóa đơn giao hàng','2024-05-20 05:45:07','2024-05-20 05:45:07'),(2980,11,'BH','Đơn báo giá','2024-05-20 05:45:08','2024-05-20 05:45:08'),(2981,11,'BG','Xóa đơn báo giá','2024-05-20 05:45:09','2024-05-20 05:45:09'),(2982,11,'BG','Xóa đơn báo giá','2024-05-20 05:45:11','2024-05-20 05:45:11'),(2983,11,'BH','Đơn báo giá','2024-05-20 05:48:51','2024-05-20 05:48:51'),(2984,11,'BG','Tạo mới','2024-05-20 05:48:53','2024-05-20 05:48:53'),(2985,11,'BG','Thêm sản phẩm','2024-05-20 05:48:57','2024-05-20 05:48:57'),(2986,11,'BG','Lưu nháp','2024-05-20 05:49:03','2024-05-20 05:49:03'),(2987,11,'GH','Giao hàng','2024-05-20 05:49:06','2024-05-20 05:49:06'),(2988,11,'BG','Tạo mới','2024-05-20 05:49:07','2024-05-20 05:49:07'),(2989,11,'BG','Thêm sản phẩm','2024-05-20 05:49:13','2024-05-20 05:49:13'),(2990,11,'BG','Lưu nháp','2024-05-20 05:49:19','2024-05-20 05:49:19'),(2991,11,'BG','Tạo mới','2024-05-20 05:49:20','2024-05-20 05:49:20'),(2992,11,'BG','Thêm sản phẩm','2024-05-20 05:49:23','2024-05-20 05:49:23'),(2993,11,'BG','Lưu nháp','2024-05-20 05:49:28','2024-05-20 05:49:28'),(2994,11,'BH','Đơn báo giá','2024-05-20 05:49:35','2024-05-20 05:49:35'),(2995,11,'BH','Đơn giao hàng','2024-05-20 05:49:36','2024-05-20 05:49:36'),(2996,11,'BH','Đơn báo giá','2024-05-20 05:49:37','2024-05-20 05:49:37'),(2997,11,'BG','Tạo mới','2024-05-20 05:49:39','2024-05-20 05:49:39'),(2998,11,'BG','Thêm sản phẩm','2024-05-20 05:49:42','2024-05-20 05:49:42'),(2999,11,'BG','Lưu nháp','2024-05-20 05:49:46','2024-05-20 05:49:46'),(3000,11,'BH','Đơn báo giá','2024-05-20 05:49:57','2024-05-20 05:49:57'),(3001,11,'GH','Giao hàng','2024-05-20 05:50:00','2024-05-20 05:50:00'),(3002,11,'GH','Giao hàng','2024-05-20 05:50:03','2024-05-20 05:50:03'),(3003,11,'GH','Giao hàng','2024-05-20 05:50:06','2024-05-20 05:50:06'),(3004,11,'DMH','DMH','2024-05-20 05:50:07',NULL),(3005,11,'DMH','Tạo mới','2024-05-20 05:50:13',NULL),(3006,11,'DMH','Thêm sản phẩm','2024-05-20 05:50:16',NULL),(3007,11,'DMH','DMH','2024-05-20 05:50:20',NULL),(3008,11,'DMH','Xem đơn mua hàng','2024-05-20 05:50:23',NULL),(3009,11,'DMH','DMH','2024-05-20 05:50:24',NULL),(3010,11,'DMH','Xem đơn mua hàng','2024-05-20 05:50:25',NULL),(3011,11,'DMH','Xem đơn mua hàng','2024-05-20 05:50:26',NULL),(3012,11,'DMH','DMH','2024-05-20 05:50:28',NULL),(3013,11,'BH','Đơn báo giá','2024-05-20 05:51:05','2024-05-20 05:51:05'),(3014,11,'BH','Đơn giao hàng','2024-05-20 05:51:07','2024-05-20 05:51:07'),(3015,11,'GH','Xóa đơn giao hàng','2024-05-20 05:51:13','2024-05-20 05:51:13'),(3016,11,'BH','Đơn báo giá','2024-05-20 05:51:14','2024-05-20 05:51:14'),(3017,11,'BG','Xem đơn báo giá','2024-05-20 05:51:16','2024-05-20 05:51:16'),(3018,11,'BG','Hủy','2024-05-20 05:51:19','2024-05-20 05:51:19'),(3019,11,'BG','Xem đơn báo giá','2024-05-20 05:51:21','2024-05-20 05:51:21'),(3020,11,'BG','Xem trang sửa','2024-05-20 05:51:22','2024-05-20 05:51:22'),(3021,11,'GH','Giao hàng','2024-05-20 05:51:34','2024-05-20 05:51:34'),(3022,11,'DNH','DNH','2024-05-20 05:51:56',NULL),(3023,11,'DMH','DMH','2024-05-20 05:51:58',NULL),(3024,11,'BG','Hủy xem đơn báo giá','2024-05-20 06:33:37','2024-05-20 06:33:37'),(3025,11,'BH','Đơn báo giá','2024-05-20 06:33:38','2024-05-20 06:33:38'),(3026,11,'BH','Đơn giao hàng','2024-05-20 06:33:42','2024-05-20 06:33:42'),(3027,11,'GH','Xóa đơn giao hàng','2024-05-20 06:33:45','2024-05-20 06:33:45'),(3028,11,'GH','Xóa đơn giao hàng','2024-05-20 06:33:47','2024-05-20 06:33:47'),(3029,11,'BH','Đơn báo giá','2024-05-20 06:33:48','2024-05-20 06:33:48'),(3030,11,'BG','Xem đơn báo giá','2024-05-20 06:33:50','2024-05-20 06:33:50'),(3031,11,'BG','Xem trang sửa','2024-05-20 06:33:54','2024-05-20 06:33:54'),(3032,11,'GH','Giao hàng','2024-05-20 06:34:02','2024-05-20 06:34:02'),(3033,22,'DMH','DMH','2024-05-20 07:44:29',NULL),(3034,22,'DNH','DNH','2024-05-20 07:44:35',NULL),(3035,22,'DMH','DMH','2024-05-20 07:44:36',NULL),(3036,22,'DMH','Tạo mới','2024-05-20 07:44:37',NULL),(3037,22,'DMH','Thêm sản phẩm','2024-05-20 07:44:39',NULL),(3038,22,'DMH','Thêm mới nhà cung cấp','2024-05-20 07:47:55',NULL),(3039,22,'DMH','Tạo mới đơn mua hàng','2024-05-20 07:48:00',NULL),(3040,22,'DMH','Tạo mới','2024-05-20 07:48:04',NULL),(3041,22,'DMH','Thêm sản phẩm','2024-05-20 07:48:53',NULL),(3042,22,'DMH','Thêm mới nhà cung cấp','2024-05-20 07:50:17',NULL),(3043,22,'DMH','Tạo mới đơn mua hàng','2024-05-20 07:50:19',NULL),(3044,22,'DMH','Tạo mới','2024-05-20 07:50:23',NULL),(3045,22,'DMH','Thêm sản phẩm','2024-05-20 07:50:25',NULL),(3046,22,'DMH','Thêm mới nhà cung cấp','2024-05-20 07:51:23',NULL),(3047,22,'DMH','Tạo mới đơn mua hàng','2024-05-20 07:51:24',NULL),(3048,22,'TTMH','TTMH','2024-05-20 07:51:42',NULL),(3049,22,'TTMH','Tạo mới','2024-05-20 07:51:43',NULL),(3050,22,'TTMH','Xác nhận thanh toán mua hàng','2024-05-20 07:52:03',NULL),(3051,22,'DMH','DMH','2024-05-20 07:52:13',NULL),(3052,22,'TTMH','TTMH','2024-05-20 07:53:01',NULL),(3053,22,'TTMH','Xem thanh toán mua hàng','2024-05-20 07:53:03',NULL),(3054,22,'TTMH','Xác nhận thanh toán mua hàng','2024-05-20 07:53:08',NULL),(3055,22,'TTMH','TTMH','2024-05-20 07:53:28',NULL),(3056,22,'HDMH','HDMH','2024-05-20 07:55:01',NULL),(3057,22,'DNH','DNH','2024-05-20 07:55:05',NULL),(3058,22,'DNH','Tạo mới','2024-05-20 07:55:07',NULL),(3059,22,'DNH','Lưu nháp đơn nhận hàng','2024-05-20 07:56:11',NULL),(3060,22,'DNH','Xem đơn nhận hàng','2024-05-20 07:56:17',NULL),(3061,22,'DNH','Trở về','2024-05-20 07:56:18',NULL),(3062,22,'DMH','DMH','2024-05-20 07:56:19',NULL),(3063,22,'DNH','DNH','2024-05-20 07:56:23',NULL),(3064,22,'DNH','Xem đơn nhận hàng','2024-05-20 07:56:25',NULL),(3065,22,'DNH','Nhận hàng đơn nhận hàng','2024-05-20 07:56:45',NULL),(3066,22,'DMH','DMH','2024-05-20 07:56:49',NULL),(3067,22,'DNH','DNH','2024-05-20 07:56:51',NULL),(3068,22,'HDMH','HDMH','2024-05-20 07:56:53',NULL),(3069,22,'HDMH','HDMH','2024-05-20 07:56:55',NULL),(3070,22,'HDMH','Lưu nháp hóa đơn mua hàng','2024-05-20 07:57:02',NULL),(3071,22,'DMH','DMH','2024-05-20 07:57:04',NULL),(3072,4,'BH','Đơn báo giá','2024-05-20 09:02:28','2024-05-20 09:02:28'),(3073,4,'BG','Tạo mới','2024-05-20 09:02:29','2024-05-20 09:02:29'),(3074,4,'BH','Đơn báo giá','2024-05-20 09:02:46','2024-05-20 09:02:46'),(3075,4,'BH','Đơn giao hàng','2024-05-20 09:02:51','2024-05-20 09:02:51'),(3076,4,'BH','Hóa đơn bán hàng','2024-05-20 09:02:52','2024-05-20 09:02:52'),(3077,4,'HDBH','Xóa hóa đơn bán hàng','2024-05-20 09:02:55','2024-05-20 09:02:55'),(3078,4,'BH','Khách hàng','2024-05-20 09:02:56','2024-05-20 09:02:56'),(3079,4,'BH','Đơn báo giá','2024-05-20 09:02:57','2024-05-20 09:02:57'),(3080,4,'HDBH','Xác nhận hóa đơn bán hàng','2024-05-20 09:03:01','2024-05-20 09:03:01'),(3081,4,'BH','Thanh toán bán hàng','2024-05-20 09:03:03','2024-05-20 09:03:03'),(3082,4,'TT','Xóa đơn thanh toán','2024-05-20 09:03:06','2024-05-20 09:03:06'),(3083,4,'BH','Đơn giao hàng','2024-05-20 09:03:06','2024-05-20 09:03:06'),(3084,4,'BH','Hóa đơn bán hàng','2024-05-20 09:03:09','2024-05-20 09:03:09'),(3085,4,'BH','Đơn báo giá','2024-05-20 09:03:10','2024-05-20 09:03:10'),(3086,4,'BH','Hóa đơn bán hàng','2024-05-20 09:03:12','2024-05-20 09:03:12'),(3087,4,'BH','Đơn giao hàng','2024-05-20 09:03:13','2024-05-20 09:03:13'),(3088,4,'GH','Tạo mới','2024-05-20 09:03:14','2024-05-20 09:03:14'),(3089,4,'GH','Lấy thông tin từ số báo giá','2024-05-20 09:03:16','2024-05-20 09:03:16'),(3090,4,'BH','Đơn giao hàng','2024-05-20 09:03:33','2024-05-20 09:03:33'),(3091,4,'BH','Đơn báo giá','2024-05-20 09:03:35','2024-05-20 09:03:35'),(3092,4,'BH','Hóa đơn bán hàng','2024-05-20 09:03:37','2024-05-20 09:03:37'),(3093,4,'BH','Thanh toán bán hàng','2024-05-20 09:03:40','2024-05-20 09:03:40'),(3094,4,'BH','Đơn báo giá','2024-05-20 09:03:41','2024-05-20 09:03:41'),(3095,4,'TT','Xác nhận','2024-05-20 09:03:48','2024-05-20 09:03:48'),(3096,4,'BH','Thanh toán bán hàng','2024-05-20 09:03:50','2024-05-20 09:03:50'),(3097,4,'BH','Đơn báo giá','2024-05-20 09:03:53','2024-05-20 09:03:53'),(3098,4,'BH','Đơn báo giá','2024-05-20 09:15:05','2024-05-20 09:15:05'),(3099,11,'BH','Đơn giao hàng','2024-05-20 09:56:29','2024-05-20 09:56:29'),(3100,11,'BH','Đơn giao hàng','2024-05-20 09:56:32','2024-05-20 09:56:32'),(3101,11,'BH','Đơn báo giá','2024-05-20 09:56:33','2024-05-20 09:56:33'),(3102,11,'DMH','DMH','2024-05-20 09:56:37',NULL),(3103,11,'TTMH','TTMH','2024-05-20 09:56:40',NULL),(3104,11,'DMH','DMH','2024-05-20 09:56:41',NULL),(3105,11,'DNH','DNH','2024-05-20 09:56:56',NULL),(3106,11,'DNH','Tạo mới','2024-05-20 09:57:23',NULL),(3107,11,'BH','Đơn giao hàng','2024-05-20 09:57:26','2024-05-20 09:57:26'),(3108,11,'BH','Đơn báo giá','2024-05-20 09:57:27','2024-05-20 09:57:27'),(3109,11,'BH','Đơn giao hàng','2024-05-20 09:57:29','2024-05-20 09:57:29'),(3110,11,'GH','Xóa đơn giao hàng','2024-05-20 09:57:31','2024-05-20 09:57:31'),(3111,11,'GH','Xóa đơn giao hàng','2024-05-20 09:57:32','2024-05-20 09:57:32'),(3112,11,'BH','Đơn báo giá','2024-05-20 09:57:33','2024-05-20 09:57:33'),(3113,11,'BH','Đơn giao hàng','2024-05-20 09:57:46','2024-05-20 09:57:46'),(3114,11,'BH','Đơn báo giá','2024-05-20 09:57:47','2024-05-20 09:57:47'),(3115,11,'BH','Đơn giao hàng','2024-05-20 09:59:55','2024-05-20 09:59:55'),(3116,11,'BH','Đơn báo giá','2024-05-20 09:59:57','2024-05-20 09:59:57'),(3117,11,'BH','Hóa đơn bán hàng','2024-05-20 10:00:11','2024-05-20 10:00:11'),(3118,11,'BH','Đơn báo giá','2024-05-20 10:00:12','2024-05-20 10:00:12'),(3119,11,'BG','Xóa đơn báo giá','2024-05-20 10:02:44','2024-05-20 10:02:44'),(3120,11,'BG','Xóa đơn báo giá','2024-05-20 10:02:48','2024-05-20 10:02:48'),(3121,11,'BG','Xóa đơn báo giá','2024-05-20 10:02:51','2024-05-20 10:02:51'),(3122,11,'BG','Tạo mới','2024-05-20 10:02:52','2024-05-20 10:02:52'),(3123,11,'BG','Thêm sản phẩm','2024-05-20 10:02:54','2024-05-20 10:02:54'),(3124,11,'BG','Lưu nháp','2024-05-20 10:03:00','2024-05-20 10:03:00'),(3125,11,'BG','Tạo mới','2024-05-20 10:03:03','2024-05-20 10:03:03'),(3126,11,'BG','Thêm sản phẩm','2024-05-20 10:03:08','2024-05-20 10:03:08'),(3127,11,'BG','Lưu nháp','2024-05-20 10:03:18','2024-05-20 10:03:18'),(3128,11,'BG','Tạo mới','2024-05-20 10:03:20','2024-05-20 10:03:20'),(3129,11,'BG','Thêm sản phẩm','2024-05-20 10:03:23','2024-05-20 10:03:23'),(3130,11,'BG','Lưu nháp','2024-05-20 10:03:31','2024-05-20 10:03:31'),(3131,11,'GH','Lưu nháp','2024-05-20 10:03:40','2024-05-20 10:03:40'),(3132,11,'GH','Lưu nháp','2024-05-20 10:03:43','2024-05-20 10:03:43'),(3133,11,'GH','Lưu nháp','2024-05-20 10:03:46','2024-05-20 10:03:46'),(3134,11,'BH','Đơn giao hàng','2024-05-20 10:03:55','2024-05-20 10:03:55'),(3135,11,'GH','Xem đơn giao hàng','2024-05-20 10:03:59','2024-05-20 10:03:59'),(3136,11,'GH','Xác nhận','2024-05-20 10:04:00','2024-05-20 10:04:00'),(3137,11,'GH','Xem đơn giao hàng','2024-05-20 10:04:02','2024-05-20 10:04:02'),(3138,11,'GH','Xác nhận','2024-05-20 10:04:03','2024-05-20 10:04:03'),(3139,11,'GH','Xem đơn giao hàng','2024-05-20 10:04:04','2024-05-20 10:04:04'),(3140,11,'GH','Xác nhận','2024-05-20 10:04:05','2024-05-20 10:04:05'),(3141,11,'BH','Thanh toán bán hàng','2024-05-20 10:10:10','2024-05-20 10:10:10'),(3142,11,'BH','Đơn báo giá','2024-05-20 10:10:13','2024-05-20 10:10:13'),(3143,11,'TT','Xác nhận','2024-05-20 10:10:20','2024-05-20 10:10:20'),(3144,11,'TT','Xác nhận','2024-05-20 10:10:29','2024-05-20 10:10:29'),(3145,11,'TT','Xác nhận','2024-05-20 10:10:33','2024-05-20 10:10:33'),(3146,11,'TT','Xác nhận ở trang chi tiết','2024-05-20 10:10:43','2024-05-20 10:10:43'),(3147,11,'TTMH','TTMH','2024-05-20 10:10:54',NULL),(3148,11,'TTMH','Tạo mới','2024-05-20 10:10:55',NULL),(3149,11,'TTMH','Xác nhận thanh toán mua hàng','2024-05-20 10:11:02',NULL),(3150,11,'DMH','DMH','2024-05-20 10:11:03',NULL),(3151,11,'TTMH','Xác nhận thanh toán mua hàng','2024-05-20 10:11:14',NULL),(3152,11,'TTMH','Xác nhận thanh toán mua hàng','2024-05-20 10:11:22',NULL),(3153,11,'TTMH','Xác nhận thanh toán mua hàng','2024-05-20 10:11:28',NULL),(3154,11,'BH','Thanh toán bán hàng','2024-05-20 10:14:49','2024-05-20 10:14:49'),(3155,11,'BH','Khách hàng','2024-05-20 10:14:55','2024-05-20 10:14:55'),(3156,11,'KH','Xem lịch sử giao dịch','2024-05-20 10:15:05','2024-05-20 10:15:05'),(3157,11,'KH','Xem lịch sử giao dịch','2024-05-20 10:15:36','2024-05-20 10:15:36'),(3158,11,'KH','Xem lịch sử giao dịch','2024-05-20 10:15:37','2024-05-20 10:15:37'),(3159,11,'BH','Khách hàng','2024-05-20 10:15:39','2024-05-20 10:15:39'),(3160,11,'KH','Xem lịch sử giao dịch','2024-05-20 10:16:04','2024-05-20 10:16:04'),(3161,11,'KH','Xem thông tin khách hàng','2024-05-20 10:16:10','2024-05-20 10:16:10'),(3162,11,'KH','Xem lịch sử giao dịch','2024-05-20 10:16:15','2024-05-20 10:16:15'),(3163,11,'KH','Xem thông tin khách hàng','2024-05-20 10:16:19','2024-05-20 10:16:19'),(3164,11,'KH','Xem lịch sử giao dịch','2024-05-20 10:16:20','2024-05-20 10:16:20'),(3165,11,'KH','Xem thông tin khách hàng','2024-05-20 10:16:28','2024-05-20 10:16:28'),(3166,11,'KH','Xem lịch sử giao dịch','2024-05-20 10:16:34','2024-05-20 10:16:34'),(3167,11,'BH','Khách hàng','2024-05-20 10:16:38','2024-05-20 10:16:38'),(3168,11,'KH','Xem lịch sử giao dịch','2024-05-20 10:16:46','2024-05-20 10:16:46'),(3169,11,'KH','Xem thông tin khách hàng','2024-05-20 10:17:54','2024-05-20 10:17:54'),(3170,11,'KH','Xem lịch sử giao dịch','2024-05-20 10:17:58','2024-05-20 10:17:58'),(3171,11,'NCC','NCC','2024-05-20 10:18:16',NULL),(3172,11,'NCC','Xem nhà cung cấp','2024-05-20 10:18:22',NULL),(3173,11,'NCC','Lịch sử mua hàng','2024-05-20 10:18:26',NULL),(3174,11,'NCC','Xem thông tin','2024-05-20 10:18:31',NULL),(3175,11,'NCC','Lịch sử mua hàng','2024-05-20 10:18:32',NULL),(3176,11,'NCC','Xem thông tin','2024-05-20 10:18:37',NULL),(3177,11,'NCC','NCC','2024-05-20 10:18:41',NULL),(3178,11,'BH','Đơn báo giá','2024-05-20 10:19:10','2024-05-20 10:19:10'),(3179,11,'BH','Đơn báo giá','2024-05-20 10:39:53','2024-05-20 10:39:53'),(3180,11,'BG','Tạo mới','2024-05-20 10:39:57','2024-05-20 10:39:57'),(3181,11,'BG','Thêm khách hàng','2024-05-20 10:40:14','2024-05-20 10:40:14'),(3182,11,'BG','Thêm sản phẩm','2024-05-20 10:40:16','2024-05-20 10:40:16'),(3183,11,'BG','Thêm sản phẩm','2024-05-20 10:40:26','2024-05-20 10:40:26'),(3184,11,'BG','Lưu nháp','2024-05-20 10:40:40','2024-05-20 10:40:40'),(3185,11,'BG','Xem đơn báo giá','2024-05-20 10:40:43','2024-05-20 10:40:43'),(3186,11,'BG','Hủy','2024-05-20 10:40:49','2024-05-20 10:40:49'),(3187,11,'BH','Đơn báo giá','2024-05-20 10:41:31','2024-05-20 10:41:31'),(3188,11,'BG','Xem đơn báo giá','2024-05-20 10:41:32','2024-05-20 10:41:32'),(3189,11,'DMH','DMH','2024-05-20 10:41:44',NULL),(3190,11,'DMH','Tạo mới','2024-05-20 10:41:45',NULL),(3191,11,'DMH','Thêm sản phẩm','2024-05-20 10:41:50',NULL),(3192,11,'DMH','Tạo mới đơn mua hàng','2024-05-20 10:41:57',NULL),(3193,11,'DMH','Tạo mới','2024-05-20 10:41:58',NULL),(3194,11,'DMH','Thêm sản phẩm','2024-05-20 10:42:01',NULL),(3195,11,'DMH','Tạo mới đơn mua hàng','2024-05-20 10:42:06',NULL),(3196,11,'DNH','Nhận hàng đơn nhận hàng','2024-05-20 10:42:11',NULL),(3197,11,'DNH','Nhận hàng đơn nhận hàng','2024-05-20 10:42:13',NULL),(3198,11,'BH','Đơn báo giá','2024-05-20 10:42:16','2024-05-20 10:42:16'),(3199,11,'GH','Giao hàng','2024-05-20 10:42:20','2024-05-20 10:42:20'),(3200,11,'DMH','DMH','2024-05-20 10:42:41',NULL),(3201,11,'DNH','DNH','2024-05-20 10:42:43',NULL),(3202,11,'DMH','DMH','2024-05-20 10:42:46',NULL),(3203,11,'BH','Đơn báo giá','2024-05-20 10:43:28','2024-05-20 10:43:28'),(3204,11,'BH','Đơn giao hàng','2024-05-20 10:43:30','2024-05-20 10:43:30'),(3205,11,'GH','Xóa đơn giao hàng','2024-05-20 10:43:34','2024-05-20 10:43:34'),(3206,11,'BH','Đơn báo giá','2024-05-20 10:43:35','2024-05-20 10:43:35'),(3207,11,'DMH','DMH','2024-05-20 10:43:45',NULL),(3208,11,'DMH','Xem đơn mua hàng','2024-05-20 10:43:47',NULL),(3209,11,'DMH','DMH','2024-05-20 10:43:49',NULL),(3210,11,'BH','Đơn báo giá','2024-05-20 10:43:56','2024-05-20 10:43:56'),(3211,11,'GH','Giao hàng','2024-05-20 10:43:59','2024-05-20 10:43:59'),(3212,11,'DMH','DMH','2024-05-20 10:44:25',NULL),(3213,11,'DMH','Xem đơn mua hàng','2024-05-20 10:44:26',NULL),(3214,11,'DMH','Xem đơn mua hàng','2024-05-20 10:44:30',NULL),(3215,11,'DMH','Xem đơn mua hàng','2024-05-20 10:44:37',NULL),(3216,11,'DMH','DMH','2024-05-20 10:44:57',NULL),(3217,11,'DMH','Xem đơn mua hàng','2024-05-20 10:44:58',NULL),(3218,11,'BH','Đơn báo giá','2024-05-20 10:45:52','2024-05-20 10:45:52'),(3219,11,'BG','Xem đơn báo giá','2024-05-20 10:45:54','2024-05-20 10:45:54'),(3220,11,'BG','Xem đơn báo giá','2024-05-20 10:45:59','2024-05-20 10:45:59'),(3221,11,'BG','Xem đơn báo giá','2024-05-20 10:46:06','2024-05-20 10:46:06'),(3222,11,'BH','Đơn báo giá','2024-05-20 10:46:10','2024-05-20 10:46:10'),(3223,11,'BG','Xem đơn báo giá','2024-05-20 10:46:12','2024-05-20 10:46:12'),(3224,11,'BG','Xem đơn báo giá','2024-05-20 10:46:16','2024-05-20 10:46:16'),(3225,11,'BG','Xem đơn báo giá','2024-05-20 10:46:21','2024-05-20 10:46:21'),(3226,11,'BG','Xem đơn báo giá','2024-05-20 10:46:27','2024-05-20 10:46:27'),(3227,11,'BG','Xem đơn báo giá','2024-05-20 10:46:31','2024-05-20 10:46:31'),(3228,11,'BH','Đơn báo giá','2024-05-20 10:46:33','2024-05-20 10:46:33'),(3229,11,'BG','Xem đơn báo giá','2024-05-20 10:46:34','2024-05-20 10:46:34'),(3230,11,'BH','Đơn báo giá','2024-05-20 10:46:36','2024-05-20 10:46:36'),(3231,11,'BG','Xem đơn báo giá','2024-05-20 10:46:38','2024-05-20 10:46:38'),(3232,11,'BH','Đơn báo giá','2024-05-20 10:46:40','2024-05-20 10:46:40'),(3233,11,'BG','Xem đơn báo giá','2024-05-20 10:46:41','2024-05-20 10:46:41'),(3234,11,'BG','Xem đơn báo giá','2024-05-20 10:46:47','2024-05-20 10:46:47'),(3235,11,'BG','Xem đơn báo giá','2024-05-20 10:46:52','2024-05-20 10:46:52'),(3236,11,'BH','Đơn báo giá','2024-05-20 10:46:58','2024-05-20 10:46:58'),(3237,11,'BG','Xem đơn báo giá','2024-05-20 10:47:00','2024-05-20 10:47:00'),(3238,11,'BH','Đơn báo giá','2024-05-20 10:47:09','2024-05-20 10:47:09'),(3239,11,'BG','Xem đơn báo giá','2024-05-20 10:47:13','2024-05-20 10:47:13'),(3240,11,'BH','Đơn báo giá','2024-05-20 10:47:16','2024-05-20 10:47:16'),(3241,11,'BG','Xem đơn báo giá','2024-05-20 10:47:17','2024-05-20 10:47:17'),(3242,11,'BH','Đơn báo giá','2024-05-20 10:47:19','2024-05-20 10:47:19'),(3243,11,'BG','Xem đơn báo giá','2024-05-20 10:47:20','2024-05-20 10:47:20'),(3244,11,'BH','Đơn báo giá','2024-05-20 10:47:22','2024-05-20 10:47:22'),(3245,11,'BG','Xem đơn báo giá','2024-05-20 10:47:23','2024-05-20 10:47:23'),(3246,11,'BG','Xem đơn báo giá','2024-05-20 10:47:27','2024-05-20 10:47:27'),(3247,11,'BH','Đơn báo giá','2024-05-20 10:47:32','2024-05-20 10:47:32'),(3248,11,'BG','Xem đơn báo giá','2024-05-20 10:47:33','2024-05-20 10:47:33'),(3249,11,'BH','Đơn báo giá','2024-05-20 10:47:36','2024-05-20 10:47:36'),(3250,11,'BG','Xem đơn báo giá','2024-05-20 10:47:37','2024-05-20 10:47:37'),(3251,11,'BH','Đơn báo giá','2024-05-20 10:47:40','2024-05-20 10:47:40'),(3252,11,'BG','Xem đơn báo giá','2024-05-20 10:47:41','2024-05-20 10:47:41'),(3253,11,'BH','Khách hàng','2024-05-20 10:47:55','2024-05-20 10:47:55'),(3254,11,'DMH','DMH','2024-05-20 10:47:57',NULL),(3255,11,'DMH','Tạo mới','2024-05-20 10:48:03',NULL),(3256,11,'DNH','DNH','2024-05-20 10:48:07',NULL),(3257,11,'DNH','Tạo mới','2024-05-20 10:48:08',NULL),(3258,11,'DMH','DMH','2024-05-20 10:48:11',NULL),(3259,11,'DMH','Xem đơn mua hàng','2024-05-20 10:48:13',NULL),(3260,11,'DMH','Xem đơn mua hàng','2024-05-20 10:48:16',NULL),(3261,11,'DMH','Xem đơn mua hàng','2024-05-20 10:48:18',NULL),(3262,11,'DMH','Xem đơn mua hàng','2024-05-20 10:48:21',NULL),(3263,11,'DMH','Xem đơn mua hàng','2024-05-20 10:48:24',NULL),(3264,11,'DMH','Xem đơn mua hàng','2024-05-20 10:48:29',NULL),(3265,11,'DMH','Xem đơn mua hàng','2024-05-20 10:48:32',NULL),(3266,11,'DMH','Xem đơn mua hàng','2024-05-20 10:48:36',NULL),(3267,11,'DMH','Xem đơn mua hàng','2024-05-20 10:48:39',NULL),(3268,11,'DMH','DMH','2024-05-20 10:48:57',NULL),(3269,11,'DMH','DMH','2024-05-20 10:49:58',NULL),(3270,11,'DMH','DMH','2024-05-20 10:50:51',NULL),(3271,11,'DMH','Xem đơn mua hàng','2024-05-20 10:50:55',NULL),(3272,11,'DMH','Xem đơn mua hàng','2024-05-20 10:50:58',NULL),(3273,11,'DMH','Xem đơn mua hàng','2024-05-20 10:51:22',NULL),(3274,11,'DMH','Xem đơn mua hàng','2024-05-20 10:51:26',NULL),(3275,11,'DMH','Xem đơn mua hàng','2024-05-20 10:51:32',NULL),(3276,11,'DMH','Xem đơn mua hàng','2024-05-20 10:51:48',NULL),(3277,11,'DMH','Xem đơn mua hàng','2024-05-20 10:52:02',NULL),(3278,11,'DMH','Xem đơn mua hàng','2024-05-20 10:52:05',NULL),(3279,11,'DMH','Xem đơn mua hàng','2024-05-20 10:53:45',NULL),(3280,11,'DNH','DNH','2024-05-20 10:53:52',NULL),(3281,11,'DNH','Xem đơn nhận hàng','2024-05-20 10:53:55',NULL),(3282,11,'DNH','Xem đơn nhận hàng','2024-05-20 10:53:58',NULL),(3283,11,'BH','Đơn giao hàng','2024-05-21 02:17:34','2024-05-21 02:17:34'),(3284,11,'GH','Xóa đơn giao hàng','2024-05-21 02:17:37','2024-05-21 02:17:37'),(3285,11,'GH','Xóa đơn giao hàng','2024-05-21 02:17:38','2024-05-21 02:17:38'),(3286,11,'BH','Đơn báo giá','2024-05-21 02:17:39','2024-05-21 02:17:39'),(3287,11,'BH','Đơn giao hàng','2024-05-21 02:17:45','2024-05-21 02:17:45'),(3288,11,'BH','Đơn báo giá','2024-05-21 02:17:49','2024-05-21 02:17:49'),(3289,11,'BH','Đơn giao hàng','2024-05-21 02:17:52','2024-05-21 02:17:52'),(3290,11,'GH','Xóa đơn giao hàng','2024-05-21 02:17:57','2024-05-21 02:17:57'),(3291,11,'BH','Đơn báo giá','2024-05-21 02:17:59','2024-05-21 02:17:59'),(3292,11,'GH','Giao hàng','2024-05-21 02:19:17','2024-05-21 02:19:17'),(3293,11,'GH','Giao hàng','2024-05-21 02:19:23','2024-05-21 02:19:23'),(3294,11,'BH','Đơn báo giá','2024-05-21 02:19:38','2024-05-21 02:19:38'),(3295,11,'GH','Giao hàng','2024-05-21 02:19:41','2024-05-21 02:19:41'),(3296,11,'GH','Giao hàng','2024-05-21 02:19:50','2024-05-21 02:19:50'),(3297,11,'BH','Đơn báo giá','2024-05-21 02:20:35','2024-05-21 02:20:35'),(3298,11,'BH','Đơn giao hàng','2024-05-21 02:20:37','2024-05-21 02:20:37'),(3299,11,'GH','Xem đơn giao hàng','2024-05-21 02:20:39','2024-05-21 02:20:39'),(3300,11,'GH','Xem đơn giao hàng','2024-05-21 02:20:42','2024-05-21 02:20:42'),(3301,11,'BH','Đơn báo giá','2024-05-21 02:20:44','2024-05-21 02:20:44'),(3302,11,'BG','Xem đơn báo giá','2024-05-21 02:20:45','2024-05-21 02:20:45'),(3303,11,'BG','Xem đơn báo giá','2024-05-21 02:20:48','2024-05-21 02:20:48'),(3304,11,'BG','Xem đơn báo giá','2024-05-21 02:20:51','2024-05-21 02:20:51');
/*!40000 ALTER TABLE `user_flow` ENABLE KEYS */;
UNLOCK TABLES;

--
-- Table structure for table `user_workspaces`
--

DROP TABLE IF EXISTS `user_workspaces`;
/*!40101 SET @saved_cs_client     = @@character_set_client */;
/*!40101 SET character_set_client = utf8 */;
CREATE TABLE `user_workspaces` (
  `id` bigint(20) unsigned NOT NULL AUTO_INCREMENT,
  `user_id` bigint(20) unsigned DEFAULT NULL,
  `workspace_id` bigint(20) unsigned DEFAULT NULL,
  `roleid` bigint(20) unsigned DEFAULT NULL,
  `created_at` timestamp NULL DEFAULT NULL,
  `updated_at` timestamp NULL DEFAULT NULL,
  PRIMARY KEY (`id`)
) ENGINE=InnoDB AUTO_INCREMENT=26 DEFAULT CHARSET=utf8mb4 COLLATE=utf8mb4_unicode_ci;
/*!40101 SET character_set_client = @saved_cs_client */;

--
-- Dumping data for table `user_workspaces`
--

LOCK TABLES `user_workspaces` WRITE;
/*!40000 ALTER TABLE `user_workspaces` DISABLE KEYS */;
INSERT INTO `user_workspaces` VALUES (1,2,2,2,'2024-04-05 03:04:48','2024-04-05 03:04:48'),(2,3,2,0,'2024-04-09 09:13:12','2024-04-09 09:13:12'),(3,5,5,2,'2024-04-10 05:18:22','2024-04-10 05:18:22'),(4,6,2,0,'2024-04-10 05:19:48','2024-04-10 05:19:48'),(5,5,2,0,'2024-04-10 05:20:24','2024-04-10 05:20:24'),(6,4,4,2,'2024-04-10 10:07:05','2024-04-10 10:07:05'),(7,4,2,0,'2024-04-10 10:12:06','2024-04-10 10:12:06'),(8,7,2,0,'2024-04-10 13:15:29','2024-04-10 13:15:29'),(9,8,8,2,'2024-04-10 18:13:29','2024-04-10 18:13:29'),(10,5,8,0,'2024-04-10 23:46:38','2024-04-10 23:46:38'),(11,9,9,2,'2024-04-11 01:53:57','2024-04-11 01:53:57'),(12,10,10,2,'2024-04-11 08:44:58','2024-04-11 08:44:58'),(13,11,11,2,'2024-04-13 04:31:52','2024-04-13 04:31:52'),(14,12,12,2,'2024-04-22 03:35:08','2024-04-22 03:35:08'),(15,13,13,2,'2024-04-24 14:12:08','2024-04-24 14:12:08'),(16,14,14,2,'2024-04-27 03:21:34','2024-04-27 03:21:34'),(17,15,15,2,'2024-04-29 07:18:02','2024-04-29 07:18:02'),(18,16,16,2,'2024-05-01 08:27:29','2024-05-01 08:27:29'),(19,17,17,2,'2024-05-02 02:32:17','2024-05-02 02:32:17'),(20,18,18,2,'2024-05-06 02:10:49','2024-05-06 02:10:49'),(21,19,19,2,'2024-05-06 07:10:32','2024-05-06 07:10:32'),(23,6,6,2,'2024-05-15 06:46:46','2024-05-15 06:46:46'),(24,20,20,2,'2024-05-18 10:46:47','2024-05-18 10:46:47'),(25,22,22,2,'2024-05-20 07:44:12','2024-05-20 07:44:12');
/*!40000 ALTER TABLE `user_workspaces` ENABLE KEYS */;
UNLOCK TABLES;

--
-- Table structure for table `users`
--

DROP TABLE IF EXISTS `users`;
/*!40101 SET @saved_cs_client     = @@character_set_client */;
/*!40101 SET character_set_client = utf8 */;
CREATE TABLE `users` (
  `id` bigint(20) unsigned NOT NULL AUTO_INCREMENT,
  `name` varchar(255) NOT NULL,
  `email` varchar(255) DEFAULT NULL,
  `email_verified_at` timestamp NULL DEFAULT NULL,
  `provider` varchar(255) NOT NULL,
  `provider_id` varchar(255) NOT NULL,
  `current_workspace` bigint(20) unsigned DEFAULT NULL,
  `origin_workspace` bigint(20) unsigned DEFAULT NULL,
  `password` varchar(255) DEFAULT NULL,
  `two_factor_secret` text DEFAULT NULL,
  `two_factor_recovery_codes` text DEFAULT NULL,
  `two_factor_confirmed_at` timestamp NULL DEFAULT NULL,
  `roleid` varchar(255) DEFAULT NULL,
  `status` tinyint(4) NOT NULL DEFAULT 1,
  `remember_token` varchar(100) DEFAULT NULL,
  `current_team_id` bigint(20) unsigned DEFAULT NULL,
  `profile_photo_path` varchar(2048) DEFAULT NULL,
  `created_at` timestamp NULL DEFAULT NULL,
  `updated_at` timestamp NULL DEFAULT NULL,
  `phone_number` varchar(255) DEFAULT NULL,
  PRIMARY KEY (`id`),
  UNIQUE KEY `users_email_unique` (`email`)
) ENGINE=InnoDB AUTO_INCREMENT=23 DEFAULT CHARSET=utf8mb4 COLLATE=utf8mb4_unicode_ci;
/*!40101 SET character_set_client = @saved_cs_client */;

--
-- Dumping data for table `users`
--

LOCK TABLES `users` WRITE;
/*!40000 ALTER TABLE `users` DISABLE KEYS */;
INSERT INTO `users` VALUES (1,'Admin','admin@ringnet.vn',NULL,'login','1',1,1,'$2y$10$fjvjT89z5dI4Z/xcteCldesxxXLa0lfAAM6w2lNQvcFjE4jiPdXBi',NULL,NULL,NULL,NULL,1,NULL,NULL,NULL,'2024-04-05 02:36:11','2024-04-05 02:36:11',NULL),(2,'Việt Nguyễn','nqv171002@gmail.com',NULL,'google','112695924390183964850',2,2,NULL,NULL,NULL,NULL,NULL,1,NULL,NULL,NULL,'2024-04-05 03:04:36','2024-04-05 03:04:48','0333140370'),(3,'Tín Trần Bảo','tranbaotin170@gmail.com',NULL,'google','108422089101247768847',2,NULL,NULL,NULL,NULL,NULL,NULL,1,NULL,NULL,NULL,'2024-04-09 09:13:12','2024-04-09 09:13:21','0123456789'),(4,'Thái Minh Hiếu','thaihieu243@gmail.com',NULL,'google','112938982418103188308',4,4,NULL,NULL,NULL,NULL,NULL,1,NULL,NULL,NULL,'2024-04-10 03:44:35','2024-05-18 13:38:18','1231231222'),(5,'Ân Vũ','lordness12@gmail.com',NULL,'google','108524036601779591647',5,5,NULL,NULL,NULL,NULL,NULL,1,NULL,NULL,NULL,'2024-04-10 05:17:59','2024-05-14 02:26:29','0933747371'),(6,'Việt Nguyễn','vietmat12333@gmail.com',NULL,'google','108628828274705992852',6,6,NULL,NULL,NULL,NULL,NULL,1,NULL,NULL,NULL,'2024-04-10 05:19:48','2024-05-15 06:46:46','0333140342'),(7,'Ngoc Hoang','hoangthuythanhngoc1510@gmail.com',NULL,'google','107007380003806550973',2,NULL,NULL,NULL,NULL,NULL,NULL,1,NULL,NULL,NULL,'2024-04-10 13:15:29','2024-04-10 13:15:36','0902052575'),(8,'Until You DuyCuong','untilyouduycuong@gmail.com',NULL,'google','117918512420277201315',8,8,NULL,NULL,NULL,NULL,NULL,1,NULL,NULL,NULL,'2024-04-10 18:13:17','2024-04-10 18:13:29','0333140370'),(9,'Lê Tuấn','levantuan1293@gmail.com',NULL,'google','117509055770010930166',9,9,NULL,NULL,NULL,NULL,NULL,1,NULL,NULL,NULL,'2024-04-11 01:53:49','2024-04-11 01:53:57','0703995998'),(10,'An Vu','vuvian112@gmail.com',NULL,'google','111894740065864140874',10,10,NULL,NULL,NULL,NULL,NULL,1,NULL,NULL,NULL,'2024-04-11 08:44:38','2024-04-11 08:44:58','0933747371'),(11,'Thiên Jack','thienjack1997@gmail.com',NULL,'google','115839320032996670596',11,11,NULL,NULL,NULL,NULL,NULL,1,NULL,NULL,NULL,'2024-04-13 04:31:41','2024-04-13 04:31:52','0966969402'),(12,'zalo backup','anvivu.backupzalo@gmail.com',NULL,'google','105290184505895328000',12,12,NULL,NULL,NULL,NULL,NULL,1,NULL,NULL,NULL,'2024-04-22 03:34:53','2024-04-22 03:35:08','0933747371'),(13,'TMH ANIME','thaihieu831@gmail.com',NULL,'google','117268804660928420912',13,13,NULL,NULL,NULL,NULL,NULL,1,NULL,NULL,NULL,'2024-04-24 14:11:57','2024-04-24 14:12:08','2222222222'),(14,'asdasd asdas','vuvian120@gmail.com',NULL,'google','110648446747580770723',14,14,NULL,NULL,NULL,NULL,NULL,1,NULL,NULL,NULL,'2024-04-27 03:21:20','2024-04-27 03:21:34','0933747371'),(15,'asfasfasf asfasf','vuvian114@gmail.com',NULL,'google','115871967367934565984',15,15,NULL,NULL,NULL,NULL,NULL,1,NULL,NULL,NULL,'2024-04-29 07:16:27','2024-04-29 07:18:02','0933747371'),(16,'asd asd','vuvian119@gmail.com',NULL,'google','104180837848550509699',16,16,NULL,NULL,NULL,NULL,NULL,1,NULL,NULL,NULL,'2024-05-01 08:27:02','2024-05-01 08:27:29','0933747375'),(17,'Tuấn Lê','tuanl10012@gmail.com',NULL,'google','114821252281596751982',17,17,NULL,NULL,NULL,NULL,NULL,1,NULL,NULL,NULL,'2024-05-02 02:32:06','2024-05-02 02:32:17','0703995998'),(18,'Michael Nguyen','michael@g-asiapac.com.vn',NULL,'google','106141986521202635238',18,18,NULL,NULL,NULL,NULL,NULL,1,NULL,NULL,NULL,'2024-05-06 02:10:33','2024-05-06 02:10:49','0909469266'),(19,'Trần Bảo Tín','20211tt2646@mail.tdc.edu.vn',NULL,'google','100495516663816920590',19,19,NULL,NULL,NULL,NULL,NULL,1,NULL,NULL,NULL,'2024-05-06 07:10:24','2024-05-06 07:10:32','1231231231'),(20,'ringnet Test','ringnettest@gmail.com',NULL,'google','106635863451740458344',20,20,NULL,NULL,NULL,NULL,NULL,1,NULL,NULL,NULL,'2024-05-18 10:46:28','2024-05-18 10:46:47','0933482910'),(21,'Vĩ Ân','vuvian113@gmail.com',NULL,'google','102202315886851927536',NULL,NULL,NULL,NULL,NULL,NULL,NULL,1,NULL,NULL,NULL,'2024-05-18 10:52:27','2024-05-18 10:52:27',NULL),(22,'Thien Nguyen','thien240200@gmail.com',NULL,'google','111573889734086104380',22,22,NULL,NULL,NULL,NULL,NULL,1,NULL,NULL,NULL,'2024-05-20 07:43:54','2024-05-20 07:44:12','0123456789');
/*!40000 ALTER TABLE `users` ENABLE KEYS */;
UNLOCK TABLES;

--
-- Table structure for table `warehouse`
--

DROP TABLE IF EXISTS `warehouse`;
/*!40101 SET @saved_cs_client     = @@character_set_client */;
/*!40101 SET character_set_client = utf8 */;
CREATE TABLE `warehouse` (
  `id` bigint(20) unsigned NOT NULL AUTO_INCREMENT,
  `warehouse_name` varchar(255) NOT NULL,
  `workspace_id` int(11) DEFAULT NULL,
  `user_id` int(11) DEFAULT NULL,
  `created_at` timestamp NULL DEFAULT NULL,
  `updated_at` timestamp NULL DEFAULT NULL,
  PRIMARY KEY (`id`)
) ENGINE=InnoDB AUTO_INCREMENT=2 DEFAULT CHARSET=utf8mb4 COLLATE=utf8mb4_unicode_ci;
/*!40101 SET character_set_client = @saved_cs_client */;

--
-- Dumping data for table `warehouse`
--

LOCK TABLES `warehouse` WRITE;
/*!40000 ALTER TABLE `warehouse` DISABLE KEYS */;
INSERT INTO `warehouse` VALUES (1,'Kho 1',NULL,NULL,NULL,NULL);
/*!40000 ALTER TABLE `warehouse` ENABLE KEYS */;
UNLOCK TABLES;

--
-- Table structure for table `workspaces`
--

DROP TABLE IF EXISTS `workspaces`;
/*!40101 SET @saved_cs_client     = @@character_set_client */;
/*!40101 SET character_set_client = utf8 */;
CREATE TABLE `workspaces` (
  `id` bigint(20) unsigned NOT NULL AUTO_INCREMENT,
  `user_id` bigint(20) unsigned DEFAULT NULL,
  `workspace_name` varchar(255) DEFAULT NULL,
  `number_bank` varchar(255) DEFAULT NULL,
  `name_bank` varchar(255) DEFAULT NULL,
  `mst` varchar(255) DEFAULT NULL,
  `address_company` varchar(255) DEFAULT NULL,
  `name_company` varchar(255) DEFAULT NULL,
  `created_at` timestamp NULL DEFAULT NULL,
  `updated_at` timestamp NULL DEFAULT NULL,
  PRIMARY KEY (`id`),
  KEY `workspaces_user_id_foreign` (`user_id`),
  CONSTRAINT `workspaces_user_id_foreign` FOREIGN KEY (`user_id`) REFERENCES `users` (`id`)
) ENGINE=InnoDB AUTO_INCREMENT=23 DEFAULT CHARSET=utf8mb4 COLLATE=utf8mb4_unicode_ci;
/*!40101 SET character_set_client = @saved_cs_client */;

--
-- Dumping data for table `workspaces`
--

LOCK TABLES `workspaces` WRITE;
/*!40000 ALTER TABLE `workspaces` DISABLE KEYS */;
INSERT INTO `workspaces` VALUES (1,1,'Ringnet',NULL,NULL,NULL,NULL,'Ringnet','2024-04-05 02:36:11','2024-04-05 02:36:11'),(2,2,'RingnetMain',NULL,NULL,NULL,NULL,NULL,'2024-04-05 03:04:36','2024-04-10 05:23:44'),(3,3,NULL,NULL,NULL,NULL,NULL,NULL,'2024-04-09 09:13:12','2024-04-09 09:13:12'),(4,4,'thaihieu',NULL,NULL,NULL,NULL,NULL,'2024-04-10 03:44:35','2024-04-10 10:07:05'),(5,5,'Ringnet 2',NULL,NULL,NULL,NULL,NULL,'2024-04-10 05:17:59','2024-04-10 05:23:02'),(6,6,'Vietnguyen',NULL,NULL,NULL,NULL,NULL,'2024-04-10 05:19:48','2024-05-15 06:46:46'),(7,7,NULL,NULL,NULL,NULL,NULL,NULL,'2024-04-10 13:15:29','2024-04-10 13:15:29'),(8,8,'RingnetOrder2',NULL,NULL,NULL,NULL,NULL,'2024-04-10 18:13:17','2024-04-10 18:13:29'),(9,9,'a',NULL,NULL,NULL,NULL,NULL,'2024-04-11 01:53:49','2024-04-11 01:53:57'),(10,10,'vva',NULL,NULL,NULL,NULL,NULL,'2024-04-11 08:44:38','2024-04-11 08:44:58'),(11,11,'Thien Co',NULL,NULL,NULL,NULL,NULL,'2024-04-13 04:31:41','2024-04-13 04:31:52'),(12,12,'abcd',NULL,NULL,NULL,NULL,NULL,'2024-04-22 03:34:53','2024-04-22 03:35:08'),(13,13,'hieu',NULL,NULL,NULL,NULL,NULL,'2024-04-24 14:11:57','2024-04-24 14:12:08'),(14,14,'vva11',NULL,NULL,NULL,NULL,NULL,'2024-04-27 03:21:20','2024-04-27 03:21:34'),(15,15,'vuvian1234',NULL,NULL,NULL,NULL,NULL,'2024-04-29 07:16:27','2024-04-29 07:18:02'),(16,16,'rn1',NULL,NULL,NULL,NULL,NULL,'2024-05-01 08:27:02','2024-05-01 08:27:29'),(17,17,'aaa',NULL,NULL,NULL,NULL,NULL,'2024-05-02 02:32:06','2024-05-02 02:32:17'),(18,18,'GAP Vietnam',NULL,NULL,NULL,NULL,NULL,'2024-05-06 02:10:33','2024-05-06 02:10:49'),(19,19,'123',NULL,NULL,NULL,NULL,NULL,'2024-05-06 07:10:24','2024-05-06 07:10:32'),(20,20,'RNWorkSpace',NULL,NULL,NULL,NULL,NULL,'2024-05-18 10:46:28','2024-05-18 10:46:47'),(21,21,NULL,NULL,NULL,NULL,NULL,NULL,'2024-05-18 10:52:27','2024-05-18 10:52:27'),(22,22,'HEHEHEHe',NULL,NULL,NULL,NULL,NULL,'2024-05-20 07:43:54','2024-05-20 07:44:12');
/*!40000 ALTER TABLE `workspaces` ENABLE KEYS */;
UNLOCK TABLES;
/*!40103 SET TIME_ZONE=@OLD_TIME_ZONE */;

/*!40101 SET SQL_MODE=@OLD_SQL_MODE */;
/*!40014 SET FOREIGN_KEY_CHECKS=@OLD_FOREIGN_KEY_CHECKS */;
/*!40014 SET UNIQUE_CHECKS=@OLD_UNIQUE_CHECKS */;
/*!40101 SET CHARACTER_SET_CLIENT=@OLD_CHARACTER_SET_CLIENT */;
/*!40101 SET CHARACTER_SET_RESULTS=@OLD_CHARACTER_SET_RESULTS */;
/*!40101 SET COLLATION_CONNECTION=@OLD_COLLATION_CONNECTION */;
/*!40111 SET SQL_NOTES=@OLD_SQL_NOTES */;

-- Dump completed on 2024-05-30 18:20:13
